product_id;product_name;category;price;sales_count;discount_percent;rating;sale_date;region;seller_id;day_of_week;month;is_weekend;revenue;price_formatted;revenue_formatted
PROD_0001;Kopi Arabika;Makanan & Minuman;83500.0;15;0;3.8;2025-10-08;Bali;SELLER_001_1;2;10;0;1252500.0;Rp 83.500;Rp 1.252.500
PROD_0001;Kopi Arabika;Makanan & Minuman;84500.0;24;0;3.2;2025-10-09;Jawa Timur;SELLER_001_2;3;10;0;2028000.0;Rp 84.500;Rp 2.028.000
PROD_0001;Kopi Arabika;Makanan & Minuman;84100.0;26;0;4.0;2025-10-10;Kalimantan Timur;SELLER_001_2;4;10;0;2186600.0;Rp 84.100;Rp 2.186.600
PROD_0001;Kopi Arabika;Makanan & Minuman;83500.0;27;0;3.1;2025-10-11;Bali;SELLER_001_3;5;10;1;2254500.0;Rp 83.500;Rp 2.254.500
PROD_0001;Kopi Arabika;Makanan & Minuman;84200.0;20;15;3.9;2025-10-12;Sumatera Utara;SELLER_001_3;6;10;1;1431400.0;Rp 84.200;Rp 1.431.400
PROD_0001;Kopi Arabika;Makanan & Minuman;86700.0;14;5;3.1;2025-10-13;Kalimantan Timur;SELLER_001_2;0;10;0;1153100.0;Rp 86.700;Rp 1.153.100
PROD_0001;Kopi Arabika;Makanan & Minuman;86300.0;15;5;3.6;2025-10-14;Kalimantan Timur;SELLER_001_3;1;10;0;1229800.0;Rp 86.300;Rp 1.229.800
PROD_0001;Kopi Arabika;Makanan & Minuman;86300.0;22;0;3.5;2025-10-15;Sulawesi Selatan;SELLER_001_2;2;10;0;1898600.0;Rp 86.300;Rp 1.898.600
PROD_0001;Kopi Arabika;Makanan & Minuman;84700.0;21;0;3.5;2025-10-16;Sumatera Utara;SELLER_001_2;3;10;0;1778700.0;Rp 84.700;Rp 1.778.700
PROD_0001;Kopi Arabika;Makanan & Minuman;82300.0;24;0;4.5;2025-10-17;Bali;SELLER_001_3;4;10;0;1975200.0;Rp 82.300;Rp 1.975.200
PROD_0001;Kopi Arabika;Makanan & Minuman;81400.0;24;10;3.3;2025-10-18;Sumatera Utara;SELLER_001_1;5;10;1;1758200.0;Rp 81.400;Rp 1.758.200
PROD_0001;Kopi Arabika;Makanan & Minuman;82400.0;33;0;3.3;2025-10-19;Sumatera Utara;SELLER_001_2;6;10;1;2719200.0;Rp 82.400;Rp 2.719.200
PROD_0001;Kopi Arabika;Makanan & Minuman;82900.0;20;10;3.6;2025-10-20;Bali;SELLER_001_1;0;10;0;1492200.0;Rp 82.900;Rp 1.492.200
PROD_0001;Kopi Arabika;Makanan & Minuman;80500.0;25;0;2.8;2025-10-21;Jawa Tengah;SELLER_001_3;1;10;0;2012500.0;Rp 80.500;Rp 2.012.500
PROD_0001;Kopi Arabika;Makanan & Minuman;82000.0;18;20;2.7;2025-10-22;Jawa Barat;SELLER_001_2;2;10;0;1180800.0;Rp 82.000;Rp 1.180.800
PROD_0001;Kopi Arabika;Makanan & Minuman;83800.0;15;0;3.0;2025-10-23;Jakarta;SELLER_001_2;3;10;0;1257000.0;Rp 83.800;Rp 1.257.000
PROD_0001;Kopi Arabika;Makanan & Minuman;85800.0;19;0;3.7;2025-10-24;Jawa Timur;SELLER_001_3;4;10;0;1630200.0;Rp 85.800;Rp 1.630.200
PROD_0001;Kopi Arabika;Makanan & Minuman;82600.0;30;0;4.1;2025-10-25;Jawa Barat;SELLER_001_1;5;10;1;2478000.0;Rp 82.600;Rp 2.478.000
PROD_0001;Kopi Arabika;Makanan & Minuman;87000.0;20;20;3.5;2025-10-26;Sulawesi Selatan;SELLER_001_3;6;10;1;1392000.0;Rp 87.000;Rp 1.392.000
PROD_0001;Kopi Arabika;Makanan & Minuman;87300.0;23;0;3.0;2025-10-27;Jawa Barat;SELLER_001_3;0;10;0;2007900.0;Rp 87.300;Rp 2.007.900
PROD_0001;Kopi Arabika;Makanan & Minuman;79600.0;30;10;3.8;2025-10-28;Kalimantan Timur;SELLER_001_1;1;10;0;2149200.0;Rp 79.600;Rp 2.149.200
PROD_0001;Kopi Arabika;Makanan & Minuman;82600.0;18;0;3.6;2025-10-29;Kalimantan Timur;SELLER_001_2;2;10;0;1486800.0;Rp 82.600;Rp 1.486.800
PROD_0001;Kopi Arabika;Makanan & Minuman;80700.0;19;0;3.8;2025-10-30;Bali;SELLER_001_1;3;10;0;1533300.0;Rp 80.700;Rp 1.533.300
PROD_0001;Kopi Arabika;Makanan & Minuman;81600.0;16;0;4.1;2025-10-31;Jakarta;SELLER_001_2;4;10;0;1305600.0;Rp 81.600;Rp 1.305.600
PROD_0001;Kopi Arabika;Makanan & Minuman;83900.0;18;0;3.2;2025-11-01;Jawa Barat;SELLER_001_2;5;11;1;1510200.0;Rp 83.900;Rp 1.510.200
PROD_0001;Kopi Arabika;Makanan & Minuman;82200.0;17;0;3.8;2025-11-02;Bali;SELLER_001_3;6;11;1;1397400.0;Rp 82.200;Rp 1.397.400
PROD_0001;Kopi Arabika;Makanan & Minuman;84300.0;18;0;2.0;2025-11-03;Jawa Tengah;SELLER_001_3;0;11;0;1517400.0;Rp 84.300;Rp 1.517.400
PROD_0001;Kopi Arabika;Makanan & Minuman;81000.0;22;0;3.7;2025-11-04;Jawa Barat;SELLER_001_2;1;11;0;1782000.0;Rp 81.000;Rp 1.782.000
PROD_0001;Kopi Arabika;Makanan & Minuman;86300.0;23;0;3.6;2025-11-05;Sulawesi Selatan;SELLER_001_2;2;11;0;1984900.0;Rp 86.300;Rp 1.984.900
PROD_0001;Kopi Arabika;Makanan & Minuman;81400.0;19;0;2.7;2025-11-06;Jawa Tengah;SELLER_001_3;3;11;0;1546600.0;Rp 81.400;Rp 1.546.600
PROD_0001;Kopi Arabika;Makanan & Minuman;83800.0;12;0;3.3;2025-11-07;Sumatera Utara;SELLER_001_1;4;11;0;1005600.0;Rp 83.800;Rp 1.005.600
PROD_0001;Kopi Arabika;Makanan & Minuman;82400.0;20;0;4.1;2025-11-08;Jawa Timur;SELLER_001_2;5;11;1;1648000.0;Rp 82.400;Rp 1.648.000
PROD_0001;Kopi Arabika;Makanan & Minuman;80800.0;16;0;3.6;2025-11-09;Kalimantan Timur;SELLER_001_3;6;11;1;1292800.0;Rp 80.800;Rp 1.292.800
PROD_0001;Kopi Arabika;Makanan & Minuman;83000.0;30;5;3.7;2025-11-10;Kalimantan Timur;SELLER_001_1;0;11;0;2365500.0;Rp 83.000;Rp 2.365.500
PROD_0001;Kopi Arabika;Makanan & Minuman;81600.0;20;0;3.6;2025-11-11;Jawa Barat;SELLER_001_3;1;11;0;1632000.0;Rp 81.600;Rp 1.632.000
PROD_0001;Kopi Arabika;Makanan & Minuman;83100.0;20;15;3.5;2025-11-12;Jawa Tengah;SELLER_001_2;2;11;0;1412700.0;Rp 83.100;Rp 1.412.700
PROD_0001;Kopi Arabika;Makanan & Minuman;84100.0;18;0;3.0;2025-11-13;Kalimantan Timur;SELLER_001_1;3;11;0;1513800.0;Rp 84.100;Rp 1.513.800
PROD_0001;Kopi Arabika;Makanan & Minuman;80400.0;18;0;3.6;2025-11-14;Kalimantan Timur;SELLER_001_3;4;11;0;1447200.0;Rp 80.400;Rp 1.447.200
PROD_0001;Kopi Arabika;Makanan & Minuman;86800.0;29;0;2.4;2025-11-15;Sumatera Utara;SELLER_001_2;5;11;1;2517200.0;Rp 86.800;Rp 2.517.200
PROD_0001;Kopi Arabika;Makanan & Minuman;83300.0;22;0;2.3;2025-11-16;Jawa Tengah;SELLER_001_2;6;11;1;1832600.0;Rp 83.300;Rp 1.832.600
PROD_0001;Kopi Arabika;Makanan & Minuman;85700.0;26;0;3.0;2025-11-17;Sulawesi Selatan;SELLER_001_3;0;11;0;2228200.0;Rp 85.700;Rp 2.228.200
PROD_0001;Kopi Arabika;Makanan & Minuman;83400.0;18;0;2.6;2025-11-18;Jawa Timur;SELLER_001_3;1;11;0;1501200.0;Rp 83.400;Rp 1.501.200
PROD_0001;Kopi Arabika;Makanan & Minuman;85100.0;18;10;4.2;2025-11-19;Sumatera Utara;SELLER_001_1;2;11;0;1378600.0;Rp 85.100;Rp 1.378.600
PROD_0001;Kopi Arabika;Makanan & Minuman;82100.0;24;0;4.0;2025-11-20;Jawa Barat;SELLER_001_2;3;11;0;1970400.0;Rp 82.100;Rp 1.970.400
PROD_0001;Kopi Arabika;Makanan & Minuman;83100.0;20;0;3.1;2025-11-21;Jawa Barat;SELLER_001_3;4;11;0;1662000.0;Rp 83.100;Rp 1.662.000
PROD_0001;Kopi Arabika;Makanan & Minuman;87200.0;20;0;3.7;2025-11-22;Kalimantan Timur;SELLER_001_3;5;11;1;1744000.0;Rp 87.200;Rp 1.744.000
PROD_0001;Kopi Arabika;Makanan & Minuman;85500.0;15;10;3.9;2025-11-23;Sumatera Utara;SELLER_001_2;6;11;1;1154200.0;Rp 85.500;Rp 1.154.200
PROD_0001;Kopi Arabika;Makanan & Minuman;82700.0;18;0;3.3;2025-11-24;Jawa Tengah;SELLER_001_2;0;11;0;1488600.0;Rp 82.700;Rp 1.488.600
PROD_0001;Kopi Arabika;Makanan & Minuman;82200.0;31;15;3.9;2025-11-25;Sumatera Utara;SELLER_001_2;1;11;0;2166000.0;Rp 82.200;Rp 2.166.000
PROD_0001;Kopi Arabika;Makanan & Minuman;83500.0;19;0;3.3;2025-11-26;Sulawesi Selatan;SELLER_001_1;2;11;0;1586500.0;Rp 83.500;Rp 1.586.500
PROD_0001;Kopi Arabika;Makanan & Minuman;86100.0;20;0;3.8;2025-11-27;Jawa Barat;SELLER_001_1;3;11;0;1722000.0;Rp 86.100;Rp 1.722.000
PROD_0001;Kopi Arabika;Makanan & Minuman;80100.0;24;0;3.0;2025-11-28;Jawa Timur;SELLER_001_2;4;11;0;1922400.0;Rp 80.100;Rp 1.922.400
PROD_0001;Kopi Arabika;Makanan & Minuman;83300.0;14;0;2.8;2025-11-29;Sulawesi Selatan;SELLER_001_2;5;11;1;1166200.0;Rp 83.300;Rp 1.166.200
PROD_0001;Kopi Arabika;Makanan & Minuman;86000.0;24;0;2.8;2025-11-30;Sumatera Utara;SELLER_001_1;6;11;1;2064000.0;Rp 86.000;Rp 2.064.000
PROD_0001;Kopi Arabika;Makanan & Minuman;94500.0;20;10;2.1;2025-12-01;Bali;SELLER_001_2;0;12;0;1701000.0;Rp 94.500;Rp 1.701.000
PROD_0001;Kopi Arabika;Makanan & Minuman;94400.0;19;0;3.5;2025-12-02;Sumatera Utara;SELLER_001_1;1;12;0;1793600.0;Rp 94.400;Rp 1.793.600
PROD_0001;Kopi Arabika;Makanan & Minuman;95500.0;26;0;3.7;2025-12-03;Jakarta;SELLER_001_3;2;12;0;2483000.0;Rp 95.500;Rp 2.483.000
PROD_0001;Kopi Arabika;Makanan & Minuman;91600.0;24;0;4.1;2025-12-04;Bali;SELLER_001_3;3;12;0;2198400.0;Rp 91.600;Rp 2.198.400
PROD_0001;Kopi Arabika;Makanan & Minuman;99700.0;28;0;3.4;2025-12-05;Sumatera Utara;SELLER_001_1;4;12;0;2791600.0;Rp 99.700;Rp 2.791.600
PROD_0001;Kopi Arabika;Makanan & Minuman;91300.0;20;0;3.9;2025-12-06;Bali;SELLER_001_1;5;12;1;1826000.0;Rp 91.300;Rp 1.826.000
PROD_0001;Kopi Arabika;Makanan & Minuman;92200.0;36;20;2.8;2025-12-07;Jawa Tengah;SELLER_001_3;6;12;1;2655400.0;Rp 92.200;Rp 2.655.400
PROD_0001;Kopi Arabika;Makanan & Minuman;99700.0;26;0;3.2;2025-12-08;Jawa Barat;SELLER_001_2;0;12;0;2592200.0;Rp 99.700;Rp 2.592.200
PROD_0001;Kopi Arabika;Makanan & Minuman;99600.0;20;0;3.5;2025-12-09;Kalimantan Timur;SELLER_001_2;1;12;0;1992000.0;Rp 99.600;Rp 1.992.000
PROD_0001;Kopi Arabika;Makanan & Minuman;91100.0;24;5;3.4;2025-12-10;Kalimantan Timur;SELLER_001_1;2;12;0;2077100.0;Rp 91.100;Rp 2.077.100
PROD_0001;Kopi Arabika;Makanan & Minuman;98900.0;28;0;3.9;2025-12-11;Jawa Barat;SELLER_001_2;3;12;0;2769200.0;Rp 98.900;Rp 2.769.200
PROD_0001;Kopi Arabika;Makanan & Minuman;95100.0;28;0;4.3;2025-12-12;Jawa Timur;SELLER_001_1;4;12;0;2662800.0;Rp 95.100;Rp 2.662.800
PROD_0001;Kopi Arabika;Makanan & Minuman;92100.0;21;5;3.8;2025-12-13;Jawa Barat;SELLER_001_2;5;12;1;1837400.0;Rp 92.100;Rp 1.837.400
PROD_0001;Kopi Arabika;Makanan & Minuman;95500.0;27;0;4.5;2025-12-14;Jawa Barat;SELLER_001_2;6;12;1;2578500.0;Rp 95.500;Rp 2.578.500
PROD_0001;Kopi Arabika;Makanan & Minuman;91200.0;24;5;2.5;2025-12-15;Sumatera Utara;SELLER_001_3;0;12;0;2079400.0;Rp 91.200;Rp 2.079.400
PROD_0001;Kopi Arabika;Makanan & Minuman;93000.0;27;0;3.1;2025-12-16;Sulawesi Selatan;SELLER_001_1;1;12;0;2511000.0;Rp 93.000;Rp 2.511.000
PROD_0001;Kopi Arabika;Makanan & Minuman;91900.0;20;0;3.7;2025-12-17;Jakarta;SELLER_001_1;2;12;0;1838000.0;Rp 91.900;Rp 1.838.000
PROD_0001;Kopi Arabika;Makanan & Minuman;91900.0;23;0;2.8;2025-12-18;Jawa Barat;SELLER_001_1;3;12;0;2113700.0;Rp 91.900;Rp 2.113.700
PROD_0001;Kopi Arabika;Makanan & Minuman;95500.0;29;5;2.9;2025-12-19;Jawa Timur;SELLER_001_3;4;12;0;2631000.0;Rp 95.500;Rp 2.631.000
PROD_0001;Kopi Arabika;Makanan & Minuman;97200.0;30;0;3.3;2025-12-20;Jawa Timur;SELLER_001_2;5;12;1;2916000.0;Rp 97.200;Rp 2.916.000
PROD_0001;Kopi Arabika;Makanan & Minuman;94800.0;24;0;3.3;2025-12-21;Bali;SELLER_001_1;6;12;1;2275200.0;Rp 94.800;Rp 2.275.200
PROD_0001;Kopi Arabika;Makanan & Minuman;98500.0;24;0;3.7;2025-12-22;Sumatera Utara;SELLER_001_1;0;12;0;2364000.0;Rp 98.500;Rp 2.364.000
PROD_0001;Kopi Arabika;Makanan & Minuman;91200.0;21;0;3.6;2025-12-23;Kalimantan Timur;SELLER_001_2;1;12;0;1915200.0;Rp 91.200;Rp 1.915.200
PROD_0001;Kopi Arabika;Makanan & Minuman;97400.0;21;0;4.0;2025-12-24;Sumatera Utara;SELLER_001_3;2;12;0;2045400.0;Rp 97.400;Rp 2.045.400
PROD_0001;Kopi Arabika;Makanan & Minuman;93300.0;14;10;2.4;2025-12-25;Kalimantan Timur;SELLER_001_1;3;12;0;1175600.0;Rp 93.300;Rp 1.175.600
PROD_0001;Kopi Arabika;Makanan & Minuman;95600.0;27;0;3.2;2025-12-26;Jakarta;SELLER_001_1;4;12;0;2581200.0;Rp 95.600;Rp 2.581.200
PROD_0001;Kopi Arabika;Makanan & Minuman;98400.0;30;0;3.5;2025-12-27;Kalimantan Timur;SELLER_001_3;5;12;1;2952000.0;Rp 98.400;Rp 2.952.000
PROD_0001;Kopi Arabika;Makanan & Minuman;94700.0;39;15;3.2;2025-12-28;Jakarta;SELLER_001_2;6;12;1;3139300.0;Rp 94.700;Rp 3.139.300
PROD_0001;Kopi Arabika;Makanan & Minuman;98200.0;18;0;3.6;2025-12-29;Jawa Barat;SELLER_001_1;0;12;0;1767600.0;Rp 98.200;Rp 1.767.600
PROD_0001;Kopi Arabika;Makanan & Minuman;91300.0;20;0;2.6;2025-12-30;Sulawesi Selatan;SELLER_001_1;1;12;0;1826000.0;Rp 91.300;Rp 1.826.000
PROD_0001;Kopi Arabika;Makanan & Minuman;96900.0;23;0;4.0;2025-12-31;Jakarta;SELLER_001_2;2;12;0;2228700.0;Rp 96.900;Rp 2.228.700
PROD_0001;Kopi Arabika;Makanan & Minuman;97300.0;23;0;4.5;2026-01-01;Sulawesi Selatan;SELLER_001_1;3;1;0;2237900.0;Rp 97.300;Rp 2.237.900
PROD_0001;Kopi Arabika;Makanan & Minuman;95600.0;19;0;3.3;2026-01-02;Sumatera Utara;SELLER_001_3;4;1;0;1816400.0;Rp 95.600;Rp 1.816.400
PROD_0001;Kopi Arabika;Makanan & Minuman;93200.0;32;0;3.2;2026-01-03;Jakarta;SELLER_001_1;5;1;1;2982400.0;Rp 93.200;Rp 2.982.400
PROD_0001;Kopi Arabika;Makanan & Minuman;91200.0;22;0;3.4;2026-01-04;Jawa Barat;SELLER_001_2;6;1;1;2006400.0;Rp 91.200;Rp 2.006.400
PROD_0001;Kopi Arabika;Makanan & Minuman;94000.0;12;0;3.0;2026-01-05;Sulawesi Selatan;SELLER_001_1;0;1;0;1128000.0;Rp 94.000;Rp 1.128.000
PROD_0002;Sambal Bu Rudy;Makanan & Minuman;151700.0;15;0;2.5;2025-10-08;Sumatera Utara;SELLER_002_1;2;10;0;2275500.0;Rp 151.700;Rp 2.275.500
PROD_0002;Sambal Bu Rudy;Makanan & Minuman;152900.0;17;0;3.5;2025-10-09;Kalimantan Timur;SELLER_002_2;3;10;0;2599300.0;Rp 152.900;Rp 2.599.300
PROD_0002;Sambal Bu Rudy;Makanan & Minuman;150300.0;25;15;3.8;2025-10-10;Bali;SELLER_002_1;4;10;0;3193900.0;Rp 150.300;Rp 3.193.900
PROD_0002;Sambal Bu Rudy;Makanan & Minuman;149800.0;20;0;3.7;2025-10-11;Sulawesi Selatan;SELLER_002_3;5;10;1;2996000.0;Rp 149.800;Rp 2.996.000
PROD_0002;Sambal Bu Rudy;Makanan & Minuman;153500.0;25;5;3.4;2025-10-12;Jawa Tengah;SELLER_002_2;6;10;1;3645600.0;Rp 153.500;Rp 3.645.600
PROD_0002;Sambal Bu Rudy;Makanan & Minuman;147800.0;21;0;3.2;2025-10-13;Kalimantan Timur;SELLER_002_2;0;10;0;3103800.0;Rp 147.800;Rp 3.103.800
PROD_0002;Sambal Bu Rudy;Makanan & Minuman;143600.0;20;0;4.5;2025-10-14;Jawa Timur;SELLER_002_2;1;10;0;2872000.0;Rp 143.600;Rp 2.872.000
PROD_0002;Sambal Bu Rudy;Makanan & Minuman;150700.0;21;0;3.4;2025-10-15;Sulawesi Selatan;SELLER_002_1;2;10;0;3164700.0;Rp 150.700;Rp 3.164.700
PROD_0002;Sambal Bu Rudy;Makanan & Minuman;143400.0;24;5;3.3;2025-10-16;Sulawesi Selatan;SELLER_002_2;3;10;0;3269500.0;Rp 143.400;Rp 3.269.500
PROD_0002;Sambal Bu Rudy;Makanan & Minuman;145600.0;18;20;3.2;2025-10-17;Sulawesi Selatan;SELLER_002_1;4;10;0;2096600.0;Rp 145.600;Rp 2.096.600
PROD_0002;Sambal Bu Rudy;Makanan & Minuman;146800.0;17;0;3.0;2025-10-18;Jawa Barat;SELLER_002_3;5;10;1;2495600.0;Rp 146.800;Rp 2.495.600
PROD_0002;Sambal Bu Rudy;Makanan & Minuman;147100.0;23;5;4.0;2025-10-19;Jawa Barat;SELLER_002_2;6;10;1;3214100.0;Rp 147.100;Rp 3.214.100
PROD_0002;Sambal Bu Rudy;Makanan & Minuman;149500.0;17;0;4.1;2025-10-20;Sulawesi Selatan;SELLER_002_2;0;10;0;2541500.0;Rp 149.500;Rp 2.541.500
PROD_0002;Sambal Bu Rudy;Makanan & Minuman;147700.0;14;0;2.6;2025-10-21;Bali;SELLER_002_3;1;10;0;2067800.0;Rp 147.700;Rp 2.067.800
PROD_0002;Sambal Bu Rudy;Makanan & Minuman;145300.0;22;10;2.5;2025-10-22;Bali;SELLER_002_2;2;10;0;2876900.0;Rp 145.300;Rp 2.876.900
PROD_0002;Sambal Bu Rudy;Makanan & Minuman;153200.0;21;0;3.1;2025-10-23;Jawa Barat;SELLER_002_1;3;10;0;3217200.0;Rp 153.200;Rp 3.217.200
PROD_0002;Sambal Bu Rudy;Makanan & Minuman;146200.0;16;0;3.3;2025-10-24;Jawa Timur;SELLER_002_3;4;10;0;2339200.0;Rp 146.200;Rp 2.339.200
PROD_0002;Sambal Bu Rudy;Makanan & Minuman;144500.0;30;0;3.2;2025-10-25;Sulawesi Selatan;SELLER_002_3;5;10;1;4335000.0;Rp 144.500;Rp 4.335.000
PROD_0002;Sambal Bu Rudy;Makanan & Minuman;146600.0;23;0;3.1;2025-10-26;Sumatera Utara;SELLER_002_2;6;10;1;3371800.0;Rp 146.600;Rp 3.371.800
PROD_0002;Sambal Bu Rudy;Makanan & Minuman;142200.0;23;10;3.2;2025-10-27;Sulawesi Selatan;SELLER_002_2;0;10;0;2943500.0;Rp 142.200;Rp 2.943.500
PROD_0002;Sambal Bu Rudy;Makanan & Minuman;148300.0;11;0;3.3;2025-10-28;Jakarta;SELLER_002_3;1;10;0;1631300.0;Rp 148.300;Rp 1.631.300
PROD_0002;Sambal Bu Rudy;Makanan & Minuman;146400.0;21;0;4.4;2025-10-29;Bali;SELLER_002_3;2;10;0;3074400.0;Rp 146.400;Rp 3.074.400
PROD_0002;Sambal Bu Rudy;Makanan & Minuman;151400.0;24;0;3.7;2025-10-30;Kalimantan Timur;SELLER_002_2;3;10;0;3633600.0;Rp 151.400;Rp 3.633.600
PROD_0002;Sambal Bu Rudy;Makanan & Minuman;153600.0;26;0;2.7;2025-10-31;Sulawesi Selatan;SELLER_002_2;4;10;0;3993600.0;Rp 153.600;Rp 3.993.600
PROD_0002;Sambal Bu Rudy;Makanan & Minuman;154100.0;18;0;3.1;2025-11-01;Sulawesi Selatan;SELLER_002_2;5;11;1;2773800.0;Rp 154.100;Rp 2.773.800
PROD_0002;Sambal Bu Rudy;Makanan & Minuman;150200.0;19;0;3.4;2025-11-02;Jawa Barat;SELLER_002_1;6;11;1;2853800.0;Rp 150.200;Rp 2.853.800
PROD_0002;Sambal Bu Rudy;Makanan & Minuman;142100.0;20;15;2.8;2025-11-03;Jawa Timur;SELLER_002_2;0;11;0;2415700.0;Rp 142.100;Rp 2.415.700
PROD_0002;Sambal Bu Rudy;Makanan & Minuman;145500.0;13;0;3.1;2025-11-04;Jakarta;SELLER_002_2;1;11;0;1891500.0;Rp 145.500;Rp 1.891.500
PROD_0002;Sambal Bu Rudy;Makanan & Minuman;149000.0;20;5;3.3;2025-11-05;Sumatera Utara;SELLER_002_1;2;11;0;2831000.0;Rp 149.000;Rp 2.831.000
PROD_0002;Sambal Bu Rudy;Makanan & Minuman;140500.0;14;0;3.2;2025-11-06;Bali;SELLER_002_1;3;11;0;1967000.0;Rp 140.500;Rp 1.967.000
PROD_0002;Sambal Bu Rudy;Makanan & Minuman;140600.0;22;5;3.0;2025-11-07;Jawa Tengah;SELLER_002_2;4;11;0;2938500.0;Rp 140.600;Rp 2.938.500
PROD_0002;Sambal Bu Rudy;Makanan & Minuman;147900.0;23;0;2.5;2025-11-08;Jakarta;SELLER_002_1;5;11;1;3401700.0;Rp 147.900;Rp 3.401.700
PROD_0002;Sambal Bu Rudy;Makanan & Minuman;144800.0;18;0;3.3;2025-11-09;Jawa Barat;SELLER_002_1;6;11;1;2606400.0;Rp 144.800;Rp 2.606.400
PROD_0002;Sambal Bu Rudy;Makanan & Minuman;148400.0;32;10;3.7;2025-11-10;Bali;SELLER_002_1;0;11;0;4273900.0;Rp 148.400;Rp 4.273.900
PROD_0002;Sambal Bu Rudy;Makanan & Minuman;142700.0;20;0;3.4;2025-11-11;Kalimantan Timur;SELLER_002_2;1;11;0;2854000.0;Rp 142.700;Rp 2.854.000
PROD_0002;Sambal Bu Rudy;Makanan & Minuman;147400.0;17;0;4.1;2025-11-12;Bali;SELLER_002_2;2;11;0;2505800.0;Rp 147.400;Rp 2.505.800
PROD_0002;Sambal Bu Rudy;Makanan & Minuman;150900.0;21;20;3.6;2025-11-13;Jakarta;SELLER_002_3;3;11;0;2535100.0;Rp 150.900;Rp 2.535.100
PROD_0002;Sambal Bu Rudy;Makanan & Minuman;153900.0;18;0;3.9;2025-11-14;Jakarta;SELLER_002_3;4;11;0;2770200.0;Rp 153.900;Rp 2.770.200
PROD_0002;Sambal Bu Rudy;Makanan & Minuman;151600.0;29;0;3.4;2025-11-15;Jawa Tengah;SELLER_002_2;5;11;1;4396400.0;Rp 151.600;Rp 4.396.400
PROD_0002;Sambal Bu Rudy;Makanan & Minuman;141600.0;27;0;3.4;2025-11-16;Sulawesi Selatan;SELLER_002_2;6;11;1;3823200.0;Rp 141.600;Rp 3.823.200
PROD_0002;Sambal Bu Rudy;Makanan & Minuman;154400.0;19;0;3.6;2025-11-17;Bali;SELLER_002_3;0;11;0;2933600.0;Rp 154.400;Rp 2.933.600
PROD_0002;Sambal Bu Rudy;Makanan & Minuman;144200.0;22;0;2.9;2025-11-18;Kalimantan Timur;SELLER_002_2;1;11;0;3172400.0;Rp 144.200;Rp 3.172.400
PROD_0002;Sambal Bu Rudy;Makanan & Minuman;151200.0;15;0;3.3;2025-11-19;Jawa Timur;SELLER_002_2;2;11;0;2268000.0;Rp 151.200;Rp 2.268.000
PROD_0002;Sambal Bu Rudy;Makanan & Minuman;150500.0;13;0;4.0;2025-11-20;Jawa Tengah;SELLER_002_2;3;11;0;1956500.0;Rp 150.500;Rp 1.956.500
PROD_0002;Sambal Bu Rudy;Makanan & Minuman;145300.0;18;0;2.5;2025-11-21;Jawa Barat;SELLER_002_1;4;11;0;2615400.0;Rp 145.300;Rp 2.615.400
PROD_0002;Sambal Bu Rudy;Makanan & Minuman;151000.0;20;0;4.4;2025-11-22;Sulawesi Selatan;SELLER_002_3;5;11;1;3020000.0;Rp 151.000;Rp 3.020.000
PROD_0002;Sambal Bu Rudy;Makanan & Minuman;143800.0;19;0;3.4;2025-11-23;Sulawesi Selatan;SELLER_002_3;6;11;1;2732200.0;Rp 143.800;Rp 2.732.200
PROD_0002;Sambal Bu Rudy;Makanan & Minuman;140600.0;21;0;3.4;2025-11-24;Jawa Barat;SELLER_002_1;0;11;0;2952600.0;Rp 140.600;Rp 2.952.600
PROD_0002;Sambal Bu Rudy;Makanan & Minuman;140400.0;16;0;3.8;2025-11-25;Jawa Tengah;SELLER_002_1;1;11;0;2246400.0;Rp 140.400;Rp 2.246.400
PROD_0002;Sambal Bu Rudy;Makanan & Minuman;151100.0;11;0;3.0;2025-11-26;Sulawesi Selatan;SELLER_002_3;2;11;0;1662100.0;Rp 151.100;Rp 1.662.100
PROD_0002;Sambal Bu Rudy;Makanan & Minuman;143100.0;16;0;3.0;2025-11-27;Sulawesi Selatan;SELLER_002_3;3;11;0;2289600.0;Rp 143.100;Rp 2.289.600
PROD_0002;Sambal Bu Rudy;Makanan & Minuman;153900.0;23;0;3.8;2025-11-28;Jawa Barat;SELLER_002_3;4;11;0;3539700.0;Rp 153.900;Rp 3.539.700
PROD_0002;Sambal Bu Rudy;Makanan & Minuman;153700.0;20;5;3.9;2025-11-29;Jawa Barat;SELLER_002_3;5;11;1;2920300.0;Rp 153.700;Rp 2.920.300
PROD_0002;Sambal Bu Rudy;Makanan & Minuman;154300.0;19;0;3.4;2025-11-30;Sulawesi Selatan;SELLER_002_1;6;11;1;2931700.0;Rp 154.300;Rp 2.931.700
PROD_0002;Sambal Bu Rudy;Makanan & Minuman;163900.0;19;0;3.2;2025-12-01;Jawa Timur;SELLER_002_3;0;12;0;3114100.0;Rp 163.900;Rp 3.114.100
PROD_0002;Sambal Bu Rudy;Makanan & Minuman;167300.0;28;0;4.0;2025-12-02;Bali;SELLER_002_3;1;12;0;4684400.0;Rp 167.300;Rp 4.684.400
PROD_0002;Sambal Bu Rudy;Makanan & Minuman;168700.0;19;15;4.3;2025-12-03;Jakarta;SELLER_002_1;2;12;0;2724500.0;Rp 168.700;Rp 2.724.500
PROD_0002;Sambal Bu Rudy;Makanan & Minuman;165500.0;32;0;2.9;2025-12-04;Jawa Barat;SELLER_002_2;3;12;0;5296000.0;Rp 165.500;Rp 5.296.000
PROD_0002;Sambal Bu Rudy;Makanan & Minuman;168600.0;25;0;3.6;2025-12-05;Jawa Timur;SELLER_002_1;4;12;0;4215000.0;Rp 168.600;Rp 4.215.000
PROD_0002;Sambal Bu Rudy;Makanan & Minuman;164100.0;32;0;3.0;2025-12-06;Jawa Timur;SELLER_002_1;5;12;1;5251200.0;Rp 164.100;Rp 5.251.200
PROD_0002;Sambal Bu Rudy;Makanan & Minuman;166000.0;16;0;2.5;2025-12-07;Sumatera Utara;SELLER_002_2;6;12;1;2656000.0;Rp 166.000;Rp 2.656.000
PROD_0002;Sambal Bu Rudy;Makanan & Minuman;169400.0;24;0;4.1;2025-12-08;Jawa Tengah;SELLER_002_1;0;12;0;4065600.0;Rp 169.400;Rp 4.065.600
PROD_0002;Sambal Bu Rudy;Makanan & Minuman;168900.0;24;0;2.3;2025-12-09;Bali;SELLER_002_1;1;12;0;4053600.0;Rp 168.900;Rp 4.053.600
PROD_0002;Sambal Bu Rudy;Makanan & Minuman;173400.0;18;0;3.4;2025-12-10;Jawa Timur;SELLER_002_1;2;12;0;3121200.0;Rp 173.400;Rp 3.121.200
PROD_0002;Sambal Bu Rudy;Makanan & Minuman;170000.0;19;10;3.6;2025-12-11;Jawa Barat;SELLER_002_2;3;12;0;2907000.0;Rp 170.000;Rp 2.907.000
PROD_0002;Sambal Bu Rudy;Makanan & Minuman;172600.0;17;0;3.8;2025-12-12;Jawa Barat;SELLER_002_2;4;12;0;2934200.0;Rp 172.600;Rp 2.934.200
PROD_0002;Sambal Bu Rudy;Makanan & Minuman;176700.0;18;20;3.6;2025-12-13;Jawa Tengah;SELLER_002_3;5;12;1;2544500.0;Rp 176.700;Rp 2.544.500
PROD_0002;Sambal Bu Rudy;Makanan & Minuman;161500.0;34;10;3.6;2025-12-14;Bali;SELLER_002_2;6;12;1;4941900.0;Rp 161.500;Rp 4.941.900
PROD_0002;Sambal Bu Rudy;Makanan & Minuman;162400.0;23;0;3.7;2025-12-15;Jawa Tengah;SELLER_002_3;0;12;0;3735200.0;Rp 162.400;Rp 3.735.200
PROD_0002;Sambal Bu Rudy;Makanan & Minuman;161900.0;26;10;2.7;2025-12-16;Jawa Timur;SELLER_002_3;1;12;0;3788500.0;Rp 161.900;Rp 3.788.500
PROD_0002;Sambal Bu Rudy;Makanan & Minuman;174400.0;16;0;3.2;2025-12-17;Sumatera Utara;SELLER_002_1;2;12;0;2790400.0;Rp 174.400;Rp 2.790.400
PROD_0002;Sambal Bu Rudy;Makanan & Minuman;161200.0;16;5;3.9;2025-12-18;Jawa Tengah;SELLER_002_3;3;12;0;2450200.0;Rp 161.200;Rp 2.450.200
PROD_0002;Sambal Bu Rudy;Makanan & Minuman;160900.0;25;0;4.2;2025-12-19;Jawa Timur;SELLER_002_3;4;12;0;4022500.0;Rp 160.900;Rp 4.022.500
PROD_0002;Sambal Bu Rudy;Makanan & Minuman;162600.0;25;0;3.6;2025-12-20;Jawa Barat;SELLER_002_3;5;12;1;4065000.0;Rp 162.600;Rp 4.065.000
PROD_0002;Sambal Bu Rudy;Makanan & Minuman;172000.0;40;0;3.6;2025-12-21;Kalimantan Timur;SELLER_002_1;6;12;1;6880000.0;Rp 172.000;Rp 6.880.000
PROD_0002;Sambal Bu Rudy;Makanan & Minuman;173300.0;24;10;3.5;2025-12-22;Kalimantan Timur;SELLER_002_1;0;12;0;3743300.0;Rp 173.300;Rp 3.743.300
PROD_0002;Sambal Bu Rudy;Makanan & Minuman;171300.0;26;0;2.9;2025-12-23;Kalimantan Timur;SELLER_002_3;1;12;0;4453800.0;Rp 171.300;Rp 4.453.800
PROD_0002;Sambal Bu Rudy;Makanan & Minuman;170200.0;23;0;3.4;2025-12-24;Jawa Barat;SELLER_002_3;2;12;0;3914600.0;Rp 170.200;Rp 3.914.600
PROD_0002;Sambal Bu Rudy;Makanan & Minuman;164100.0;23;15;3.4;2025-12-25;Jakarta;SELLER_002_1;3;12;0;3208200.0;Rp 164.100;Rp 3.208.200
PROD_0002;Sambal Bu Rudy;Makanan & Minuman;171200.0;24;0;4.0;2025-12-26;Sumatera Utara;SELLER_002_1;4;12;0;4108800.0;Rp 171.200;Rp 4.108.800
PROD_0002;Sambal Bu Rudy;Makanan & Minuman;171500.0;29;0;3.5;2025-12-27;Sumatera Utara;SELLER_002_3;5;12;1;4973500.0;Rp 171.500;Rp 4.973.500
PROD_0002;Sambal Bu Rudy;Makanan & Minuman;173100.0;24;10;3.8;2025-12-28;Jawa Timur;SELLER_002_1;6;12;1;3739000.0;Rp 173.100;Rp 3.739.000
PROD_0002;Sambal Bu Rudy;Makanan & Minuman;171500.0;20;0;4.0;2025-12-29;Jawa Tengah;SELLER_002_2;0;12;0;3430000.0;Rp 171.500;Rp 3.430.000
PROD_0002;Sambal Bu Rudy;Makanan & Minuman;172300.0;20;0;3.4;2025-12-30;Kalimantan Timur;SELLER_002_2;1;12;0;3446000.0;Rp 172.300;Rp 3.446.000
PROD_0002;Sambal Bu Rudy;Makanan & Minuman;167700.0;19;0;4.2;2025-12-31;Sulawesi Selatan;SELLER_002_1;2;12;0;3186300.0;Rp 167.700;Rp 3.186.300
PROD_0002;Sambal Bu Rudy;Makanan & Minuman;164900.0;23;10;4.1;2026-01-01;Sulawesi Selatan;SELLER_002_1;3;1;0;3413400.0;Rp 164.900;Rp 3.413.400
PROD_0002;Sambal Bu Rudy;Makanan & Minuman;171700.0;13;10;4.6;2026-01-02;Jawa Tengah;SELLER_002_3;4;1;0;2008900.0;Rp 171.700;Rp 2.008.900
PROD_0002;Sambal Bu Rudy;Makanan & Minuman;164400.0;26;0;2.7;2026-01-03;Jawa Barat;SELLER_002_1;5;1;1;4274400.0;Rp 164.400;Rp 4.274.400
PROD_0002;Sambal Bu Rudy;Makanan & Minuman;177500.0;29;0;3.2;2026-01-04;Jawa Timur;SELLER_002_3;6;1;1;5147500.0;Rp 177.500;Rp 5.147.500
PROD_0002;Sambal Bu Rudy;Makanan & Minuman;162400.0;25;0;3.4;2026-01-05;Sulawesi Selatan;SELLER_002_2;0;1;0;4060000.0;Rp 162.400;Rp 4.060.000
PROD_0003;Keripik Tempe;Makanan & Minuman;71300.0;16;0;4.1;2025-10-08;Jawa Tengah;SELLER_003_3;2;10;0;1140800.0;Rp 71.300;Rp 1.140.800
PROD_0003;Keripik Tempe;Makanan & Minuman;67800.0;19;0;3.2;2025-10-09;Jawa Timur;SELLER_003_3;3;10;0;1288200.0;Rp 67.800;Rp 1.288.200
PROD_0003;Keripik Tempe;Makanan & Minuman;71100.0;30;5;3.8;2025-10-10;Kalimantan Timur;SELLER_003_3;4;10;0;2026400.0;Rp 71.100;Rp 2.026.400
PROD_0003;Keripik Tempe;Makanan & Minuman;70700.0;24;5;3.9;2025-10-11;Jawa Barat;SELLER_003_2;5;10;1;1612000.0;Rp 70.700;Rp 1.612.000
PROD_0003;Keripik Tempe;Makanan & Minuman;74300.0;18;10;4.0;2025-10-12;Sumatera Utara;SELLER_003_3;6;10;1;1203700.0;Rp 74.300;Rp 1.203.700
PROD_0003;Keripik Tempe;Makanan & Minuman;73400.0;27;0;4.0;2025-10-13;Jawa Barat;SELLER_003_1;0;10;0;1981800.0;Rp 73.400;Rp 1.981.800
PROD_0003;Keripik Tempe;Makanan & Minuman;74300.0;18;0;3.7;2025-10-14;Sulawesi Selatan;SELLER_003_1;1;10;0;1337400.0;Rp 74.300;Rp 1.337.400
PROD_0003;Keripik Tempe;Makanan & Minuman;70100.0;24;15;3.1;2025-10-15;Bali;SELLER_003_2;2;10;0;1430000.0;Rp 70.100;Rp 1.430.000
PROD_0003;Keripik Tempe;Makanan & Minuman;71500.0;13;20;3.8;2025-10-16;Bali;SELLER_003_3;3;10;0;743600.0;Rp 71.500;Rp 743.600
PROD_0003;Keripik Tempe;Makanan & Minuman;72700.0;17;20;3.8;2025-10-17;Jawa Tengah;SELLER_003_3;4;10;0;988700.0;Rp 72.700;Rp 988.700
PROD_0003;Keripik Tempe;Makanan & Minuman;74500.0;22;10;3.8;2025-10-18;Jakarta;SELLER_003_3;5;10;1;1475100.0;Rp 74.500;Rp 1.475.100
PROD_0003;Keripik Tempe;Makanan & Minuman;72100.0;17;10;3.5;2025-10-19;Jawa Barat;SELLER_003_1;6;10;1;1103100.0;Rp 72.100;Rp 1.103.100
PROD_0003;Keripik Tempe;Makanan & Minuman;70800.0;13;10;3.2;2025-10-20;Sumatera Utara;SELLER_003_1;0;10;0;828400.0;Rp 70.800;Rp 828.400
PROD_0003;Keripik Tempe;Makanan & Minuman;73700.0;21;0;3.0;2025-10-21;Jakarta;SELLER_003_1;1;10;0;1547700.0;Rp 73.700;Rp 1.547.700
PROD_0003;Keripik Tempe;Makanan & Minuman;72700.0;23;0;3.2;2025-10-22;Jawa Timur;SELLER_003_1;2;10;0;1672100.0;Rp 72.700;Rp 1.672.100
PROD_0003;Keripik Tempe;Makanan & Minuman;74400.0;14;0;3.3;2025-10-23;Jawa Tengah;SELLER_003_1;3;10;0;1041600.0;Rp 74.400;Rp 1.041.600
PROD_0003;Keripik Tempe;Makanan & Minuman;70600.0;20;0;2.8;2025-10-24;Bali;SELLER_003_3;4;10;0;1412000.0;Rp 70.600;Rp 1.412.000
PROD_0003;Keripik Tempe;Makanan & Minuman;73600.0;15;0;3.8;2025-10-25;Sumatera Utara;SELLER_003_1;5;10;1;1104000.0;Rp 73.600;Rp 1.104.000
PROD_0003;Keripik Tempe;Makanan & Minuman;72300.0;20;0;3.1;2025-10-26;Sumatera Utara;SELLER_003_1;6;10;1;1446000.0;Rp 72.300;Rp 1.446.000
PROD_0003;Keripik Tempe;Makanan & Minuman;71800.0;20;10;3.9;2025-10-27;Sumatera Utara;SELLER_003_2;0;10;0;1292400.0;Rp 71.800;Rp 1.292.400
PROD_0003;Keripik Tempe;Makanan & Minuman;69400.0;22;10;3.6;2025-10-28;Jawa Timur;SELLER_003_2;1;10;0;1374100.0;Rp 69.400;Rp 1.374.100
PROD_0003;Keripik Tempe;Makanan & Minuman;72400.0;16;0;3.9;2025-10-29;Jawa Timur;SELLER_003_2;2;10;0;1158400.0;Rp 72.400;Rp 1.158.400
PROD_0003;Keripik Tempe;Makanan & Minuman;72300.0;17;0;3.5;2025-10-30;Bali;SELLER_003_1;3;10;0;1229100.0;Rp 72.300;Rp 1.229.100
PROD_0003;Keripik Tempe;Makanan & Minuman;69500.0;22;0;4.3;2025-10-31;Jawa Tengah;SELLER_003_3;4;10;0;1529000.0;Rp 69.500;Rp 1.529.000
PROD_0003;Keripik Tempe;Makanan & Minuman;69000.0;22;5;3.9;2025-11-01;Sumatera Utara;SELLER_003_1;5;11;1;1442100.0;Rp 69.000;Rp 1.442.100
PROD_0003;Keripik Tempe;Makanan & Minuman;70400.0;17;0;3.9;2025-11-02;Kalimantan Timur;SELLER_003_3;6;11;1;1196800.0;Rp 70.400;Rp 1.196.800
PROD_0003;Keripik Tempe;Makanan & Minuman;72600.0;20;10;3.2;2025-11-03;Jakarta;SELLER_003_3;0;11;0;1306800.0;Rp 72.600;Rp 1.306.800
PROD_0003;Keripik Tempe;Makanan & Minuman;71600.0;15;0;4.0;2025-11-04;Jawa Tengah;SELLER_003_3;1;11;0;1074000.0;Rp 71.600;Rp 1.074.000
PROD_0003;Keripik Tempe;Makanan & Minuman;71600.0;23;0;4.2;2025-11-05;Bali;SELLER_003_2;2;11;0;1646800.0;Rp 71.600;Rp 1.646.800
PROD_0003;Keripik Tempe;Makanan & Minuman;69400.0;17;0;3.7;2025-11-06;Bali;SELLER_003_3;3;11;0;1179800.0;Rp 69.400;Rp 1.179.800
PROD_0003;Keripik Tempe;Makanan & Minuman;73800.0;33;0;3.7;2025-11-07;Jakarta;SELLER_003_2;4;11;0;2435400.0;Rp 73.800;Rp 2.435.400
PROD_0003;Keripik Tempe;Makanan & Minuman;70400.0;16;20;3.6;2025-11-08;Jawa Timur;SELLER_003_2;5;11;1;901100.0;Rp 70.400;Rp 901.100
PROD_0003;Keripik Tempe;Makanan & Minuman;71100.0;18;0;3.1;2025-11-09;Jawa Tengah;SELLER_003_1;6;11;1;1279800.0;Rp 71.100;Rp 1.279.800
PROD_0003;Keripik Tempe;Makanan & Minuman;70700.0;24;0;3.6;2025-11-10;Sulawesi Selatan;SELLER_003_1;0;11;0;1696800.0;Rp 70.700;Rp 1.696.800
PROD_0003;Keripik Tempe;Makanan & Minuman;68500.0;17;0;3.1;2025-11-11;Bali;SELLER_003_3;1;11;0;1164500.0;Rp 68.500;Rp 1.164.500
PROD_0003;Keripik Tempe;Makanan & Minuman;70600.0;19;0;4.4;2025-11-12;Jawa Timur;SELLER_003_2;2;11;0;1341400.0;Rp 70.600;Rp 1.341.400
PROD_0003;Keripik Tempe;Makanan & Minuman;73800.0;15;0;3.6;2025-11-13;Jawa Timur;SELLER_003_1;3;11;0;1107000.0;Rp 73.800;Rp 1.107.000
PROD_0003;Keripik Tempe;Makanan & Minuman;72100.0;14;0;3.0;2025-11-14;Jawa Tengah;SELLER_003_2;4;11;0;1009400.0;Rp 72.100;Rp 1.009.400
PROD_0003;Keripik Tempe;Makanan & Minuman;72600.0;24;0;4.2;2025-11-15;Jawa Timur;SELLER_003_2;5;11;1;1742400.0;Rp 72.600;Rp 1.742.400
PROD_0003;Keripik Tempe;Makanan & Minuman;70000.0;20;5;3.0;2025-11-16;Jawa Tengah;SELLER_003_2;6;11;1;1330000.0;Rp 70.000;Rp 1.330.000
PROD_0003;Keripik Tempe;Makanan & Minuman;68900.0;25;0;3.3;2025-11-17;Sumatera Utara;SELLER_003_3;0;11;0;1722500.0;Rp 68.900;Rp 1.722.500
PROD_0003;Keripik Tempe;Makanan & Minuman;71600.0;21;15;3.0;2025-11-18;Jawa Tengah;SELLER_003_1;1;11;0;1278100.0;Rp 71.600;Rp 1.278.100
PROD_0003;Keripik Tempe;Makanan & Minuman;73500.0;20;0;2.6;2025-11-19;Sulawesi Selatan;SELLER_003_3;2;11;0;1470000.0;Rp 73.500;Rp 1.470.000
PROD_0003;Keripik Tempe;Makanan & Minuman;69800.0;19;5;3.2;2025-11-20;Jawa Barat;SELLER_003_3;3;11;0;1259900.0;Rp 69.800;Rp 1.259.900
PROD_0003;Keripik Tempe;Makanan & Minuman;68300.0;20;10;3.4;2025-11-21;Jakarta;SELLER_003_2;4;11;0;1229400.0;Rp 68.300;Rp 1.229.400
PROD_0003;Keripik Tempe;Makanan & Minuman;68700.0;18;0;3.1;2025-11-22;Jakarta;SELLER_003_1;5;11;1;1236600.0;Rp 68.700;Rp 1.236.600
PROD_0003;Keripik Tempe;Makanan & Minuman;71800.0;8;0;4.9;2025-11-23;Bali;SELLER_003_1;6;11;1;574400.0;Rp 71.800;Rp 574.400
PROD_0003;Keripik Tempe;Makanan & Minuman;71400.0;16;0;4.1;2025-11-24;Jawa Tengah;SELLER_003_3;0;11;0;1142400.0;Rp 71.400;Rp 1.142.400
PROD_0003;Keripik Tempe;Makanan & Minuman;72200.0;28;0;3.1;2025-11-25;Sumatera Utara;SELLER_003_2;1;11;0;2021600.0;Rp 72.200;Rp 2.021.600
PROD_0003;Keripik Tempe;Makanan & Minuman;71800.0;19;5;4.0;2025-11-26;Sulawesi Selatan;SELLER_003_2;2;11;0;1296000.0;Rp 71.800;Rp 1.296.000
PROD_0003;Keripik Tempe;Makanan & Minuman;70400.0;24;0;2.7;2025-11-27;Sumatera Utara;SELLER_003_2;3;11;0;1689600.0;Rp 70.400;Rp 1.689.600
PROD_0003;Keripik Tempe;Makanan & Minuman;68500.0;27;0;3.3;2025-11-28;Sumatera Utara;SELLER_003_2;4;11;0;1849500.0;Rp 68.500;Rp 1.849.500
PROD_0003;Keripik Tempe;Makanan & Minuman;73100.0;14;0;3.6;2025-11-29;Sulawesi Selatan;SELLER_003_2;5;11;1;1023400.0;Rp 73.100;Rp 1.023.400
PROD_0003;Keripik Tempe;Makanan & Minuman;73200.0;18;0;3.2;2025-11-30;Jawa Timur;SELLER_003_3;6;11;1;1317600.0;Rp 73.200;Rp 1.317.600
PROD_0003;Keripik Tempe;Makanan & Minuman;82000.0;19;0;3.3;2025-12-01;Sulawesi Selatan;SELLER_003_3;0;12;0;1558000.0;Rp 82.000;Rp 1.558.000
PROD_0003;Keripik Tempe;Makanan & Minuman;83300.0;17;10;4.1;2025-12-02;Kalimantan Timur;SELLER_003_2;1;12;0;1274500.0;Rp 83.300;Rp 1.274.500
PROD_0003;Keripik Tempe;Makanan & Minuman;83500.0;24;0;3.1;2025-12-03;Jawa Tengah;SELLER_003_3;2;12;0;2004000.0;Rp 83.500;Rp 2.004.000
PROD_0003;Keripik Tempe;Makanan & Minuman;85800.0;25;0;3.9;2025-12-04;Bali;SELLER_003_2;3;12;0;2145000.0;Rp 85.800;Rp 2.145.000
PROD_0003;Keripik Tempe;Makanan & Minuman;83200.0;17;0;3.1;2025-12-05;Jawa Tengah;SELLER_003_1;4;12;0;1414400.0;Rp 83.200;Rp 1.414.400
PROD_0003;Keripik Tempe;Makanan & Minuman;83600.0;25;0;3.6;2025-12-06;Sulawesi Selatan;SELLER_003_1;5;12;1;2090000.0;Rp 83.600;Rp 2.090.000
PROD_0003;Keripik Tempe;Makanan & Minuman;82000.0;20;0;2.9;2025-12-07;Jawa Timur;SELLER_003_1;6;12;1;1640000.0;Rp 82.000;Rp 1.640.000
PROD_0003;Keripik Tempe;Makanan & Minuman;82600.0;25;0;3.7;2025-12-08;Bali;SELLER_003_1;0;12;0;2065000.0;Rp 82.600;Rp 2.065.000
PROD_0003;Keripik Tempe;Makanan & Minuman;81500.0;21;0;2.4;2025-12-09;Bali;SELLER_003_1;1;12;0;1711500.0;Rp 81.500;Rp 1.711.500
PROD_0003;Keripik Tempe;Makanan & Minuman;80100.0;25;0;3.7;2025-12-10;Jawa Barat;SELLER_003_1;2;12;0;2002500.0;Rp 80.100;Rp 2.002.500
PROD_0003;Keripik Tempe;Makanan & Minuman;80000.0;14;0;4.0;2025-12-11;Jawa Timur;SELLER_003_2;3;12;0;1120000.0;Rp 80.000;Rp 1.120.000
PROD_0003;Keripik Tempe;Makanan & Minuman;78100.0;23;0;3.4;2025-12-12;Jawa Barat;SELLER_003_3;4;12;0;1796300.0;Rp 78.100;Rp 1.796.300
PROD_0003;Keripik Tempe;Makanan & Minuman;82600.0;22;5;3.4;2025-12-13;Bali;SELLER_003_1;5;12;1;1726300.0;Rp 82.600;Rp 1.726.300
PROD_0003;Keripik Tempe;Makanan & Minuman;85900.0;29;0;3.5;2025-12-14;Kalimantan Timur;SELLER_003_1;6;12;1;2491100.0;Rp 85.900;Rp 2.491.100
PROD_0003;Keripik Tempe;Makanan & Minuman;80200.0;27;15;3.0;2025-12-15;Bali;SELLER_003_2;0;12;0;1840600.0;Rp 80.200;Rp 1.840.600
PROD_0003;Keripik Tempe;Makanan & Minuman;82000.0;34;0;3.0;2025-12-16;Kalimantan Timur;SELLER_003_3;1;12;0;2788000.0;Rp 82.000;Rp 2.788.000
PROD_0003;Keripik Tempe;Makanan & Minuman;84600.0;25;20;4.0;2025-12-17;Sulawesi Selatan;SELLER_003_1;2;12;0;1692000.0;Rp 84.600;Rp 1.692.000
PROD_0003;Keripik Tempe;Makanan & Minuman;81800.0;19;20;4.1;2025-12-18;Jakarta;SELLER_003_1;3;12;0;1243400.0;Rp 81.800;Rp 1.243.400
PROD_0003;Keripik Tempe;Makanan & Minuman;79200.0;26;0;3.5;2025-12-19;Sumatera Utara;SELLER_003_1;4;12;0;2059200.0;Rp 79.200;Rp 2.059.200
PROD_0003;Keripik Tempe;Makanan & Minuman;85600.0;30;0;3.7;2025-12-20;Jawa Tengah;SELLER_003_2;5;12;1;2568000.0;Rp 85.600;Rp 2.568.000
PROD_0003;Keripik Tempe;Makanan & Minuman;80900.0;25;0;2.9;2025-12-21;Jawa Barat;SELLER_003_2;6;12;1;2022500.0;Rp 80.900;Rp 2.022.500
PROD_0003;Keripik Tempe;Makanan & Minuman;81600.0;23;10;3.7;2025-12-22;Jawa Barat;SELLER_003_2;0;12;0;1689100.0;Rp 81.600;Rp 1.689.100
PROD_0003;Keripik Tempe;Makanan & Minuman;78600.0;26;0;2.9;2025-12-23;Bali;SELLER_003_2;1;12;0;2043600.0;Rp 78.600;Rp 2.043.600
PROD_0003;Keripik Tempe;Makanan & Minuman;85100.0;24;0;3.8;2025-12-24;Jawa Timur;SELLER_003_1;2;12;0;2042400.0;Rp 85.100;Rp 2.042.400
PROD_0003;Keripik Tempe;Makanan & Minuman;80700.0;17;0;4.2;2025-12-25;Sulawesi Selatan;SELLER_003_2;3;12;0;1371900.0;Rp 80.700;Rp 1.371.900
PROD_0003;Keripik Tempe;Makanan & Minuman;81600.0;17;10;4.1;2025-12-26;Kalimantan Timur;SELLER_003_2;4;12;0;1248500.0;Rp 81.600;Rp 1.248.500
PROD_0003;Keripik Tempe;Makanan & Minuman;78700.0;21;0;2.9;2025-12-27;Jawa Timur;SELLER_003_1;5;12;1;1652700.0;Rp 78.700;Rp 1.652.700
PROD_0003;Keripik Tempe;Makanan & Minuman;79700.0;22;0;2.8;2025-12-28;Jawa Barat;SELLER_003_1;6;12;1;1753400.0;Rp 79.700;Rp 1.753.400
PROD_0003;Keripik Tempe;Makanan & Minuman;79900.0;27;10;3.7;2025-12-29;Sulawesi Selatan;SELLER_003_3;0;12;0;1941600.0;Rp 79.900;Rp 1.941.600
PROD_0003;Keripik Tempe;Makanan & Minuman;84900.0;20;0;4.0;2025-12-30;Sulawesi Selatan;SELLER_003_2;1;12;0;1698000.0;Rp 84.900;Rp 1.698.000
PROD_0003;Keripik Tempe;Makanan & Minuman;83600.0;31;5;3.6;2025-12-31;Jawa Timur;SELLER_003_1;2;12;0;2462000.0;Rp 83.600;Rp 2.462.000
PROD_0003;Keripik Tempe;Makanan & Minuman;81300.0;20;0;4.1;2026-01-01;Sumatera Utara;SELLER_003_1;3;1;0;1626000.0;Rp 81.300;Rp 1.626.000
PROD_0003;Keripik Tempe;Makanan & Minuman;80500.0;17;0;3.1;2026-01-02;Kalimantan Timur;SELLER_003_1;4;1;0;1368500.0;Rp 80.500;Rp 1.368.500
PROD_0003;Keripik Tempe;Makanan & Minuman;81600.0;22;0;4.0;2026-01-03;Jakarta;SELLER_003_2;5;1;1;1795200.0;Rp 81.600;Rp 1.795.200
PROD_0003;Keripik Tempe;Makanan & Minuman;79600.0;21;0;3.4;2026-01-04;Sulawesi Selatan;SELLER_003_1;6;1;1;1671600.0;Rp 79.600;Rp 1.671.600
PROD_0003;Keripik Tempe;Makanan & Minuman;83900.0;17;0;2.8;2026-01-05;Kalimantan Timur;SELLER_003_2;0;1;0;1426300.0;Rp 83.900;Rp 1.426.300
PROD_0004;Dodol Garut;Makanan & Minuman;89700.0;21;10;3.6;2025-10-08;Kalimantan Timur;SELLER_004_1;2;10;0;1695300.0;Rp 89.700;Rp 1.695.300
PROD_0004;Dodol Garut;Makanan & Minuman;91800.0;19;0;2.9;2025-10-09;Jawa Barat;SELLER_004_1;3;10;0;1744200.0;Rp 91.800;Rp 1.744.200
PROD_0004;Dodol Garut;Makanan & Minuman;93500.0;22;5;3.8;2025-10-10;Jawa Timur;SELLER_004_2;4;10;0;1954200.0;Rp 93.500;Rp 1.954.200
PROD_0004;Dodol Garut;Makanan & Minuman;90100.0;20;0;2.5;2025-10-11;Jawa Barat;SELLER_004_2;5;10;1;1802000.0;Rp 90.100;Rp 1.802.000
PROD_0004;Dodol Garut;Makanan & Minuman;87000.0;25;0;3.2;2025-10-12;Jawa Timur;SELLER_004_1;6;10;1;2175000.0;Rp 87.000;Rp 2.175.000
PROD_0004;Dodol Garut;Makanan & Minuman;86200.0;20;0;3.2;2025-10-13;Jakarta;SELLER_004_1;0;10;0;1724000.0;Rp 86.200;Rp 1.724.000
PROD_0004;Dodol Garut;Makanan & Minuman;90200.0;12;0;3.7;2025-10-14;Kalimantan Timur;SELLER_004_2;1;10;0;1082400.0;Rp 90.200;Rp 1.082.400
PROD_0004;Dodol Garut;Makanan & Minuman;93000.0;26;0;4.0;2025-10-15;Sulawesi Selatan;SELLER_004_2;2;10;0;2418000.0;Rp 93.000;Rp 2.418.000
PROD_0004;Dodol Garut;Makanan & Minuman;86800.0;24;0;3.5;2025-10-16;Bali;SELLER_004_1;3;10;0;2083200.0;Rp 86.800;Rp 2.083.200
PROD_0004;Dodol Garut;Makanan & Minuman;85200.0;19;0;3.5;2025-10-17;Jawa Tengah;SELLER_004_1;4;10;0;1618800.0;Rp 85.200;Rp 1.618.800
PROD_0004;Dodol Garut;Makanan & Minuman;93400.0;25;5;3.4;2025-10-18;Jawa Barat;SELLER_004_1;5;10;1;2218200.0;Rp 93.400;Rp 2.218.200
PROD_0004;Dodol Garut;Makanan & Minuman;87300.0;26;0;3.5;2025-10-19;Sumatera Utara;SELLER_004_2;6;10;1;2269800.0;Rp 87.300;Rp 2.269.800
PROD_0004;Dodol Garut;Makanan & Minuman;87900.0;23;15;3.6;2025-10-20;Jawa Tengah;SELLER_004_3;0;10;0;1718400.0;Rp 87.900;Rp 1.718.400
PROD_0004;Dodol Garut;Makanan & Minuman;89600.0;28;0;4.2;2025-10-21;Sumatera Utara;SELLER_004_1;1;10;0;2508800.0;Rp 89.600;Rp 2.508.800
PROD_0004;Dodol Garut;Makanan & Minuman;91200.0;19;20;4.2;2025-10-22;Kalimantan Timur;SELLER_004_1;2;10;0;1386200.0;Rp 91.200;Rp 1.386.200
PROD_0004;Dodol Garut;Makanan & Minuman;86600.0;17;0;3.0;2025-10-23;Kalimantan Timur;SELLER_004_1;3;10;0;1472200.0;Rp 86.600;Rp 1.472.200
PROD_0004;Dodol Garut;Makanan & Minuman;91200.0;19;0;3.7;2025-10-24;Jakarta;SELLER_004_1;4;10;0;1732800.0;Rp 91.200;Rp 1.732.800
PROD_0004;Dodol Garut;Makanan & Minuman;92400.0;24;5;4.1;2025-10-25;Bali;SELLER_004_2;5;10;1;2106700.0;Rp 92.400;Rp 2.106.700
PROD_0004;Dodol Garut;Makanan & Minuman;86900.0;16;0;3.9;2025-10-26;Jawa Tengah;SELLER_004_3;6;10;1;1390400.0;Rp 86.900;Rp 1.390.400
PROD_0004;Dodol Garut;Makanan & Minuman;85200.0;23;10;3.5;2025-10-27;Sulawesi Selatan;SELLER_004_2;0;10;0;1763600.0;Rp 85.200;Rp 1.763.600
PROD_0004;Dodol Garut;Makanan & Minuman;93500.0;19;0;3.8;2025-10-28;Jawa Timur;SELLER_004_1;1;10;0;1776500.0;Rp 93.500;Rp 1.776.500
PROD_0004;Dodol Garut;Makanan & Minuman;87900.0;25;0;2.9;2025-10-29;Jawa Tengah;SELLER_004_3;2;10;0;2197500.0;Rp 87.900;Rp 2.197.500
PROD_0004;Dodol Garut;Makanan & Minuman;87000.0;23;0;2.5;2025-10-30;Sulawesi Selatan;SELLER_004_2;3;10;0;2001000.0;Rp 87.000;Rp 2.001.000
PROD_0004;Dodol Garut;Makanan & Minuman;93400.0;16;0;3.0;2025-10-31;Jawa Timur;SELLER_004_3;4;10;0;1494400.0;Rp 93.400;Rp 1.494.400
PROD_0004;Dodol Garut;Makanan & Minuman;88700.0;22;0;3.7;2025-11-01;Kalimantan Timur;SELLER_004_3;5;11;1;1951400.0;Rp 88.700;Rp 1.951.400
PROD_0004;Dodol Garut;Makanan & Minuman;87900.0;22;0;4.2;2025-11-02;Sumatera Utara;SELLER_004_1;6;11;1;1933800.0;Rp 87.900;Rp 1.933.800
PROD_0004;Dodol Garut;Makanan & Minuman;92500.0;18;0;3.3;2025-11-03;Jawa Timur;SELLER_004_1;0;11;0;1665000.0;Rp 92.500;Rp 1.665.000
PROD_0004;Dodol Garut;Makanan & Minuman;91100.0;25;0;3.4;2025-11-04;Sulawesi Selatan;SELLER_004_2;1;11;0;2277500.0;Rp 91.100;Rp 2.277.500
PROD_0004;Dodol Garut;Makanan & Minuman;91400.0;20;0;3.6;2025-11-05;Jawa Timur;SELLER_004_1;2;11;0;1828000.0;Rp 91.400;Rp 1.828.000
PROD_0004;Dodol Garut;Makanan & Minuman;90700.0;26;0;4.0;2025-11-06;Kalimantan Timur;SELLER_004_2;3;11;0;2358200.0;Rp 90.700;Rp 2.358.200
PROD_0004;Dodol Garut;Makanan & Minuman;88400.0;23;15;3.9;2025-11-07;Sulawesi Selatan;SELLER_004_1;4;11;0;1728200.0;Rp 88.400;Rp 1.728.200
PROD_0004;Dodol Garut;Makanan & Minuman;87300.0;22;15;4.0;2025-11-08;Jawa Tengah;SELLER_004_3;5;11;1;1632500.0;Rp 87.300;Rp 1.632.500
PROD_0004;Dodol Garut;Makanan & Minuman;85200.0;17;5;4.3;2025-11-09;Jakarta;SELLER_004_2;6;11;1;1376000.0;Rp 85.200;Rp 1.376.000
PROD_0004;Dodol Garut;Makanan & Minuman;91300.0;20;10;3.5;2025-11-10;Kalimantan Timur;SELLER_004_2;0;11;0;1643400.0;Rp 91.300;Rp 1.643.400
PROD_0004;Dodol Garut;Makanan & Minuman;92000.0;22;0;3.8;2025-11-11;Jawa Tengah;SELLER_004_3;1;11;0;2024000.0;Rp 92.000;Rp 2.024.000
PROD_0004;Dodol Garut;Makanan & Minuman;93500.0;14;5;4.4;2025-11-12;Bali;SELLER_004_1;2;11;0;1243600.0;Rp 93.500;Rp 1.243.600
PROD_0004;Dodol Garut;Makanan & Minuman;90500.0;19;0;3.6;2025-11-13;Jawa Tengah;SELLER_004_2;3;11;0;1719500.0;Rp 90.500;Rp 1.719.500
PROD_0004;Dodol Garut;Makanan & Minuman;88200.0;15;0;3.1;2025-11-14;Jakarta;SELLER_004_2;4;11;0;1323000.0;Rp 88.200;Rp 1.323.000
PROD_0004;Dodol Garut;Makanan & Minuman;87500.0;17;0;3.7;2025-11-15;Jawa Timur;SELLER_004_1;5;11;1;1487500.0;Rp 87.500;Rp 1.487.500
PROD_0004;Dodol Garut;Makanan & Minuman;89700.0;22;15;4.5;2025-11-16;Jawa Tengah;SELLER_004_1;6;11;1;1677400.0;Rp 89.700;Rp 1.677.400
PROD_0004;Dodol Garut;Makanan & Minuman;88600.0;24;0;3.3;2025-11-17;Kalimantan Timur;SELLER_004_1;0;11;0;2126400.0;Rp 88.600;Rp 2.126.400
PROD_0004;Dodol Garut;Makanan & Minuman;85200.0;11;5;3.2;2025-11-18;Kalimantan Timur;SELLER_004_3;1;11;0;890300.0;Rp 85.200;Rp 890.300
PROD_0004;Dodol Garut;Makanan & Minuman;87600.0;14;0;2.6;2025-11-19;Bali;SELLER_004_2;2;11;0;1226400.0;Rp 87.600;Rp 1.226.400
PROD_0004;Dodol Garut;Makanan & Minuman;85800.0;17;0;3.6;2025-11-20;Kalimantan Timur;SELLER_004_3;3;11;0;1458600.0;Rp 85.800;Rp 1.458.600
PROD_0004;Dodol Garut;Makanan & Minuman;93000.0;19;5;3.4;2025-11-21;Jawa Tengah;SELLER_004_2;4;11;0;1678600.0;Rp 93.000;Rp 1.678.600
PROD_0004;Dodol Garut;Makanan & Minuman;91900.0;22;0;3.1;2025-11-22;Sulawesi Selatan;SELLER_004_2;5;11;1;2021800.0;Rp 91.900;Rp 2.021.800
PROD_0004;Dodol Garut;Makanan & Minuman;93500.0;19;10;3.2;2025-11-23;Bali;SELLER_004_1;6;11;1;1598800.0;Rp 93.500;Rp 1.598.800
PROD_0004;Dodol Garut;Makanan & Minuman;85800.0;15;10;3.3;2025-11-24;Jawa Barat;SELLER_004_3;0;11;0;1158300.0;Rp 85.800;Rp 1.158.300
PROD_0004;Dodol Garut;Makanan & Minuman;89300.0;15;0;3.5;2025-11-25;Sumatera Utara;SELLER_004_3;1;11;0;1339500.0;Rp 89.300;Rp 1.339.500
PROD_0004;Dodol Garut;Makanan & Minuman;90300.0;18;0;2.9;2025-11-26;Jakarta;SELLER_004_2;2;11;0;1625400.0;Rp 90.300;Rp 1.625.400
PROD_0004;Dodol Garut;Makanan & Minuman;90300.0;31;0;4.0;2025-11-27;Sulawesi Selatan;SELLER_004_3;3;11;0;2799300.0;Rp 90.300;Rp 2.799.300
PROD_0004;Dodol Garut;Makanan & Minuman;87800.0;13;0;4.2;2025-11-28;Sulawesi Selatan;SELLER_004_2;4;11;0;1141400.0;Rp 87.800;Rp 1.141.400
PROD_0004;Dodol Garut;Makanan & Minuman;86200.0;17;0;3.9;2025-11-29;Sulawesi Selatan;SELLER_004_2;5;11;1;1465400.0;Rp 86.200;Rp 1.465.400
PROD_0004;Dodol Garut;Makanan & Minuman;91600.0;25;0;3.3;2025-11-30;Sulawesi Selatan;SELLER_004_2;6;11;1;2290000.0;Rp 91.600;Rp 2.290.000
PROD_0004;Dodol Garut;Makanan & Minuman;97600.0;23;0;3.4;2025-12-01;Jawa Timur;SELLER_004_3;0;12;0;2244800.0;Rp 97.600;Rp 2.244.800
PROD_0004;Dodol Garut;Makanan & Minuman;98300.0;23;5;2.8;2025-12-02;Sumatera Utara;SELLER_004_3;1;12;0;2147900.0;Rp 98.300;Rp 2.147.900
PROD_0004;Dodol Garut;Makanan & Minuman;104900.0;28;0;3.5;2025-12-03;Bali;SELLER_004_3;2;12;0;2937200.0;Rp 104.900;Rp 2.937.200
PROD_0004;Dodol Garut;Makanan & Minuman;106800.0;21;0;3.8;2025-12-04;Kalimantan Timur;SELLER_004_2;3;12;0;2242800.0;Rp 106.800;Rp 2.242.800
PROD_0004;Dodol Garut;Makanan & Minuman;105900.0;18;15;3.3;2025-12-05;Jawa Tengah;SELLER_004_3;4;12;0;1620300.0;Rp 105.900;Rp 1.620.300
PROD_0004;Dodol Garut;Makanan & Minuman;103300.0;27;0;4.0;2025-12-06;Bali;SELLER_004_3;5;12;1;2789100.0;Rp 103.300;Rp 2.789.100
PROD_0004;Dodol Garut;Makanan & Minuman;105900.0;18;0;3.6;2025-12-07;Jawa Tengah;SELLER_004_2;6;12;1;1906200.0;Rp 105.900;Rp 1.906.200
PROD_0004;Dodol Garut;Makanan & Minuman;100000.0;36;0;4.2;2025-12-08;Sulawesi Selatan;SELLER_004_1;0;12;0;3600000.0;Rp 100.000;Rp 3.600.000
PROD_0004;Dodol Garut;Makanan & Minuman;97800.0;23;0;3.8;2025-12-09;Jawa Barat;SELLER_004_1;1;12;0;2249400.0;Rp 97.800;Rp 2.249.400
PROD_0004;Dodol Garut;Makanan & Minuman;98900.0;24;0;3.5;2025-12-10;Jakarta;SELLER_004_1;2;12;0;2373600.0;Rp 98.900;Rp 2.373.600
PROD_0004;Dodol Garut;Makanan & Minuman;105300.0;19;10;4.1;2025-12-11;Jakarta;SELLER_004_1;3;12;0;1800600.0;Rp 105.300;Rp 1.800.600
PROD_0004;Dodol Garut;Makanan & Minuman;103000.0;16;0;3.0;2025-12-12;Sulawesi Selatan;SELLER_004_1;4;12;0;1648000.0;Rp 103.000;Rp 1.648.000
PROD_0004;Dodol Garut;Makanan & Minuman;99000.0;41;0;3.4;2025-12-13;Jawa Barat;SELLER_004_3;5;12;1;4059000.0;Rp 99.000;Rp 4.059.000
PROD_0004;Dodol Garut;Makanan & Minuman;100900.0;22;5;3.9;2025-12-14;Sumatera Utara;SELLER_004_1;6;12;1;2108800.0;Rp 100.900;Rp 2.108.800
PROD_0004;Dodol Garut;Makanan & Minuman;99500.0;29;0;4.0;2025-12-15;Kalimantan Timur;SELLER_004_3;0;12;0;2885500.0;Rp 99.500;Rp 2.885.500
PROD_0004;Dodol Garut;Makanan & Minuman;103300.0;17;0;3.3;2025-12-16;Kalimantan Timur;SELLER_004_1;1;12;0;1756100.0;Rp 103.300;Rp 1.756.100
PROD_0004;Dodol Garut;Makanan & Minuman;101000.0;23;0;3.3;2025-12-17;Bali;SELLER_004_3;2;12;0;2323000.0;Rp 101.000;Rp 2.323.000
PROD_0004;Dodol Garut;Makanan & Minuman;104000.0;23;0;3.7;2025-12-18;Jakarta;SELLER_004_2;3;12;0;2392000.0;Rp 104.000;Rp 2.392.000
PROD_0004;Dodol Garut;Makanan & Minuman;103400.0;18;0;3.5;2025-12-19;Sumatera Utara;SELLER_004_3;4;12;0;1861200.0;Rp 103.400;Rp 1.861.200
PROD_0004;Dodol Garut;Makanan & Minuman;103600.0;30;0;3.2;2025-12-20;Jawa Tengah;SELLER_004_2;5;12;1;3108000.0;Rp 103.600;Rp 3.108.000
PROD_0004;Dodol Garut;Makanan & Minuman;99000.0;20;0;3.7;2025-12-21;Kalimantan Timur;SELLER_004_3;6;12;1;1980000.0;Rp 99.000;Rp 1.980.000
PROD_0004;Dodol Garut;Makanan & Minuman;104500.0;14;0;3.1;2025-12-22;Jawa Timur;SELLER_004_1;0;12;0;1463000.0;Rp 104.500;Rp 1.463.000
PROD_0004;Dodol Garut;Makanan & Minuman;98000.0;13;15;4.2;2025-12-23;Jawa Barat;SELLER_004_3;1;12;0;1082900.0;Rp 98.000;Rp 1.082.900
PROD_0004;Dodol Garut;Makanan & Minuman;103600.0;27;0;4.6;2025-12-24;Jawa Timur;SELLER_004_1;2;12;0;2797200.0;Rp 103.600;Rp 2.797.200
PROD_0004;Dodol Garut;Makanan & Minuman;98300.0;28;0;5.0;2025-12-25;Sulawesi Selatan;SELLER_004_3;3;12;0;2752400.0;Rp 98.300;Rp 2.752.400
PROD_0004;Dodol Garut;Makanan & Minuman;98000.0;28;0;3.1;2025-12-26;Bali;SELLER_004_2;4;12;0;2744000.0;Rp 98.000;Rp 2.744.000
PROD_0004;Dodol Garut;Makanan & Minuman;106800.0;15;20;3.5;2025-12-27;Sulawesi Selatan;SELLER_004_1;5;12;1;1281600.0;Rp 106.800;Rp 1.281.600
PROD_0004;Dodol Garut;Makanan & Minuman;98700.0;32;0;2.7;2025-12-28;Sulawesi Selatan;SELLER_004_2;6;12;1;3158400.0;Rp 98.700;Rp 3.158.400
PROD_0004;Dodol Garut;Makanan & Minuman;106700.0;17;0;4.0;2025-12-29;Jawa Tengah;SELLER_004_1;0;12;0;1813900.0;Rp 106.700;Rp 1.813.900
PROD_0004;Dodol Garut;Makanan & Minuman;107200.0;27;0;2.2;2025-12-30;Jakarta;SELLER_004_3;1;12;0;2894400.0;Rp 107.200;Rp 2.894.400
PROD_0004;Dodol Garut;Makanan & Minuman;103700.0;27;0;3.5;2025-12-31;Kalimantan Timur;SELLER_004_2;2;12;0;2799900.0;Rp 103.700;Rp 2.799.900
PROD_0004;Dodol Garut;Makanan & Minuman;101800.0;20;5;3.7;2026-01-01;Sulawesi Selatan;SELLER_004_3;3;1;0;1934200.0;Rp 101.800;Rp 1.934.200
PROD_0004;Dodol Garut;Makanan & Minuman;100800.0;42;10;3.1;2026-01-02;Kalimantan Timur;SELLER_004_2;4;1;0;3810200.0;Rp 100.800;Rp 3.810.200
PROD_0004;Dodol Garut;Makanan & Minuman;97900.0;30;0;3.3;2026-01-03;Jawa Timur;SELLER_004_2;5;1;1;2937000.0;Rp 97.900;Rp 2.937.000
PROD_0004;Dodol Garut;Makanan & Minuman;103200.0;34;0;3.4;2026-01-04;Sumatera Utara;SELLER_004_3;6;1;1;3508800.0;Rp 103.200;Rp 3.508.800
PROD_0004;Dodol Garut;Makanan & Minuman;102900.0;21;0;4.2;2026-01-05;Sumatera Utara;SELLER_004_1;0;1;0;2160900.0;Rp 102.900;Rp 2.160.900
PROD_0005;Batik Pekalongan;Pakaian;58300.0;17;0;3.6;2025-10-08;Sumatera Utara;SELLER_005_3;2;10;0;991100.0;Rp 58.300;Rp 991.100
PROD_0005;Batik Pekalongan;Pakaian;53500.0;27;0;3.9;2025-10-09;Sumatera Utara;SELLER_005_3;3;10;0;1444500.0;Rp 53.500;Rp 1.444.500
PROD_0005;Batik Pekalongan;Pakaian;55500.0;14;0;2.7;2025-10-10;Jawa Barat;SELLER_005_2;4;10;0;777000.0;Rp 55.500;Rp 777.000
PROD_0005;Batik Pekalongan;Pakaian;58200.0;24;10;3.7;2025-10-11;Jakarta;SELLER_005_1;5;10;1;1257100.0;Rp 58.200;Rp 1.257.100
PROD_0005;Batik Pekalongan;Pakaian;57400.0;18;10;2.7;2025-10-12;Jawa Tengah;SELLER_005_1;6;10;1;929900.0;Rp 57.400;Rp 929.900
PROD_0005;Batik Pekalongan;Pakaian;57600.0;23;10;3.0;2025-10-13;Kalimantan Timur;SELLER_005_3;0;10;0;1192300.0;Rp 57.600;Rp 1.192.300
PROD_0005;Batik Pekalongan;Pakaian;58400.0;14;0;4.3;2025-10-14;Jawa Tengah;SELLER_005_2;1;10;0;817600.0;Rp 58.400;Rp 817.600
PROD_0005;Batik Pekalongan;Pakaian;54000.0;26;0;4.2;2025-10-15;Bali;SELLER_005_1;2;10;0;1404000.0;Rp 54.000;Rp 1.404.000
PROD_0005;Batik Pekalongan;Pakaian;57300.0;17;15;3.0;2025-10-16;Jawa Tengah;SELLER_005_3;3;10;0;828000.0;Rp 57.300;Rp 828.000
PROD_0005;Batik Pekalongan;Pakaian;54100.0;20;0;3.7;2025-10-17;Sumatera Utara;SELLER_005_1;4;10;0;1082000.0;Rp 54.100;Rp 1.082.000
PROD_0005;Batik Pekalongan;Pakaian;55400.0;19;0;2.9;2025-10-18;Sumatera Utara;SELLER_005_3;5;10;1;1052600.0;Rp 55.400;Rp 1.052.600
PROD_0005;Batik Pekalongan;Pakaian;56800.0;15;0;3.8;2025-10-19;Bali;SELLER_005_2;6;10;1;852000.0;Rp 56.800;Rp 852.000
PROD_0005;Batik Pekalongan;Pakaian;57200.0;25;10;3.3;2025-10-20;Bali;SELLER_005_1;0;10;0;1287000.0;Rp 57.200;Rp 1.287.000
PROD_0005;Batik Pekalongan;Pakaian;55500.0;19;0;4.1;2025-10-21;Jawa Tengah;SELLER_005_1;1;10;0;1054500.0;Rp 55.500;Rp 1.054.500
PROD_0005;Batik Pekalongan;Pakaian;57500.0;20;0;3.4;2025-10-22;Kalimantan Timur;SELLER_005_1;2;10;0;1150000.0;Rp 57.500;Rp 1.150.000
PROD_0005;Batik Pekalongan;Pakaian;55100.0;20;20;2.8;2025-10-23;Kalimantan Timur;SELLER_005_1;3;10;0;881600.0;Rp 55.100;Rp 881.600
PROD_0005;Batik Pekalongan;Pakaian;58000.0;16;0;4.1;2025-10-24;Sulawesi Selatan;SELLER_005_2;4;10;0;928000.0;Rp 58.000;Rp 928.000
PROD_0005;Batik Pekalongan;Pakaian;58300.0;15;0;3.4;2025-10-25;Bali;SELLER_005_2;5;10;1;874500.0;Rp 58.300;Rp 874.500
PROD_0005;Batik Pekalongan;Pakaian;55400.0;33;15;3.0;2025-10-26;Kalimantan Timur;SELLER_005_1;6;10;1;1554000.0;Rp 55.400;Rp 1.554.000
PROD_0005;Batik Pekalongan;Pakaian;55800.0;16;0;2.5;2025-10-27;Sumatera Utara;SELLER_005_1;0;10;0;892800.0;Rp 55.800;Rp 892.800
PROD_0005;Batik Pekalongan;Pakaian;57400.0;28;0;3.8;2025-10-28;Jawa Barat;SELLER_005_2;1;10;0;1607200.0;Rp 57.400;Rp 1.607.200
PROD_0005;Batik Pekalongan;Pakaian;55200.0;18;20;3.4;2025-10-29;Jakarta;SELLER_005_2;2;10;0;794900.0;Rp 55.200;Rp 794.900
PROD_0005;Batik Pekalongan;Pakaian;55600.0;17;5;3.1;2025-10-30;Kalimantan Timur;SELLER_005_2;3;10;0;897900.0;Rp 55.600;Rp 897.900
PROD_0005;Batik Pekalongan;Pakaian;55700.0;21;0;3.4;2025-10-31;Jawa Timur;SELLER_005_2;4;10;0;1169700.0;Rp 55.700;Rp 1.169.700
PROD_0005;Batik Pekalongan;Pakaian;54700.0;25;0;3.6;2025-11-01;Sumatera Utara;SELLER_005_1;5;11;1;1367500.0;Rp 54.700;Rp 1.367.500
PROD_0005;Batik Pekalongan;Pakaian;54000.0;25;0;2.8;2025-11-02;Jawa Barat;SELLER_005_1;6;11;1;1350000.0;Rp 54.000;Rp 1.350.000
PROD_0005;Batik Pekalongan;Pakaian;56900.0;17;0;3.9;2025-11-03;Sulawesi Selatan;SELLER_005_3;0;11;0;967300.0;Rp 56.900;Rp 967.300
PROD_0005;Batik Pekalongan;Pakaian;54000.0;17;0;3.9;2025-11-04;Jawa Tengah;SELLER_005_2;1;11;0;918000.0;Rp 54.000;Rp 918.000
PROD_0005;Batik Pekalongan;Pakaian;53800.0;13;0;3.9;2025-11-05;Jakarta;SELLER_005_2;2;11;0;699400.0;Rp 53.800;Rp 699.400
PROD_0005;Batik Pekalongan;Pakaian;56000.0;22;0;3.3;2025-11-06;Sumatera Utara;SELLER_005_2;3;11;0;1232000.0;Rp 56.000;Rp 1.232.000
PROD_0005;Batik Pekalongan;Pakaian;56000.0;18;5;3.5;2025-11-07;Jawa Tengah;SELLER_005_1;4;11;0;957600.0;Rp 56.000;Rp 957.600
PROD_0005;Batik Pekalongan;Pakaian;58400.0;27;0;3.1;2025-11-08;Jawa Timur;SELLER_005_3;5;11;1;1576800.0;Rp 58.400;Rp 1.576.800
PROD_0005;Batik Pekalongan;Pakaian;54400.0;22;0;3.5;2025-11-09;Jakarta;SELLER_005_2;6;11;1;1196800.0;Rp 54.400;Rp 1.196.800
PROD_0005;Batik Pekalongan;Pakaian;54300.0;24;0;4.3;2025-11-10;Jawa Barat;SELLER_005_3;0;11;0;1303200.0;Rp 54.300;Rp 1.303.200
PROD_0005;Batik Pekalongan;Pakaian;57700.0;13;5;3.1;2025-11-11;Sulawesi Selatan;SELLER_005_3;1;11;0;712600.0;Rp 57.700;Rp 712.600
PROD_0005;Batik Pekalongan;Pakaian;55800.0;23;0;3.3;2025-11-12;Kalimantan Timur;SELLER_005_1;2;11;0;1283400.0;Rp 55.800;Rp 1.283.400
PROD_0005;Batik Pekalongan;Pakaian;55500.0;18;0;3.1;2025-11-13;Jawa Barat;SELLER_005_1;3;11;0;999000.0;Rp 55.500;Rp 999.000
PROD_0005;Batik Pekalongan;Pakaian;56100.0;23;0;2.9;2025-11-14;Jakarta;SELLER_005_3;4;11;0;1290300.0;Rp 56.100;Rp 1.290.300
PROD_0005;Batik Pekalongan;Pakaian;55600.0;24;0;3.3;2025-11-15;Sumatera Utara;SELLER_005_1;5;11;1;1334400.0;Rp 55.600;Rp 1.334.400
PROD_0005;Batik Pekalongan;Pakaian;56500.0;14;0;2.7;2025-11-16;Bali;SELLER_005_3;6;11;1;791000.0;Rp 56.500;Rp 791.000
PROD_0005;Batik Pekalongan;Pakaian;55600.0;15;0;3.5;2025-11-17;Jawa Barat;SELLER_005_3;0;11;0;834000.0;Rp 55.600;Rp 834.000
PROD_0005;Batik Pekalongan;Pakaian;55500.0;22;0;3.6;2025-11-18;Sumatera Utara;SELLER_005_2;1;11;0;1221000.0;Rp 55.500;Rp 1.221.000
PROD_0005;Batik Pekalongan;Pakaian;54400.0;25;10;3.8;2025-11-19;Sulawesi Selatan;SELLER_005_1;2;11;0;1224000.0;Rp 54.400;Rp 1.224.000
PROD_0005;Batik Pekalongan;Pakaian;55700.0;15;10;3.5;2025-11-20;Jawa Tengah;SELLER_005_2;3;11;0;752000.0;Rp 55.700;Rp 752.000
PROD_0005;Batik Pekalongan;Pakaian;58200.0;22;0;3.9;2025-11-21;Kalimantan Timur;SELLER_005_2;4;11;0;1280400.0;Rp 58.200;Rp 1.280.400
PROD_0005;Batik Pekalongan;Pakaian;53900.0;16;5;2.8;2025-11-22;Jawa Barat;SELLER_005_2;5;11;1;819300.0;Rp 53.900;Rp 819.300
PROD_0005;Batik Pekalongan;Pakaian;55300.0;12;0;3.7;2025-11-23;Bali;SELLER_005_1;6;11;1;663600.0;Rp 55.300;Rp 663.600
PROD_0005;Batik Pekalongan;Pakaian;54900.0;19;10;3.4;2025-11-24;Sulawesi Selatan;SELLER_005_3;0;11;0;938800.0;Rp 54.900;Rp 938.800
PROD_0005;Batik Pekalongan;Pakaian;57900.0;22;10;3.7;2025-11-25;Jawa Timur;SELLER_005_2;1;11;0;1146400.0;Rp 57.900;Rp 1.146.400
PROD_0005;Batik Pekalongan;Pakaian;54700.0;24;0;3.8;2025-11-26;Sulawesi Selatan;SELLER_005_2;2;11;0;1312800.0;Rp 54.700;Rp 1.312.800
PROD_0005;Batik Pekalongan;Pakaian;56200.0;19;0;3.9;2025-11-27;Jakarta;SELLER_005_1;3;11;0;1067800.0;Rp 56.200;Rp 1.067.800
PROD_0005;Batik Pekalongan;Pakaian;57700.0;26;0;3.3;2025-11-28;Sumatera Utara;SELLER_005_3;4;11;0;1500200.0;Rp 57.700;Rp 1.500.200
PROD_0005;Batik Pekalongan;Pakaian;57600.0;14;0;2.6;2025-11-29;Jawa Timur;SELLER_005_2;5;11;1;806400.0;Rp 57.600;Rp 806.400
PROD_0005;Batik Pekalongan;Pakaian;58000.0;19;10;2.6;2025-11-30;Jawa Tengah;SELLER_005_3;6;11;1;991800.0;Rp 58.000;Rp 991.800
PROD_0005;Batik Pekalongan;Pakaian;62700.0;20;5;3.0;2025-12-01;Sulawesi Selatan;SELLER_005_3;0;12;0;1191300.0;Rp 62.700;Rp 1.191.300
PROD_0005;Batik Pekalongan;Pakaian;62500.0;28;10;4.1;2025-12-02;Jawa Barat;SELLER_005_3;1;12;0;1575000.0;Rp 62.500;Rp 1.575.000
PROD_0005;Batik Pekalongan;Pakaian;66900.0;17;5;3.8;2025-12-03;Jawa Barat;SELLER_005_2;2;12;0;1080400.0;Rp 66.900;Rp 1.080.400
PROD_0005;Batik Pekalongan;Pakaian;62400.0;29;0;3.9;2025-12-04;Sumatera Utara;SELLER_005_1;3;12;0;1809600.0;Rp 62.400;Rp 1.809.600
PROD_0005;Batik Pekalongan;Pakaian;62900.0;25;0;4.1;2025-12-05;Sumatera Utara;SELLER_005_3;4;12;0;1572500.0;Rp 62.900;Rp 1.572.500
PROD_0005;Batik Pekalongan;Pakaian;67400.0;24;0;2.6;2025-12-06;Sulawesi Selatan;SELLER_005_2;5;12;1;1617600.0;Rp 67.400;Rp 1.617.600
PROD_0005;Batik Pekalongan;Pakaian;66600.0;26;0;3.6;2025-12-07;Sumatera Utara;SELLER_005_3;6;12;1;1731600.0;Rp 66.600;Rp 1.731.600
PROD_0005;Batik Pekalongan;Pakaian;62800.0;19;0;4.1;2025-12-08;Jawa Barat;SELLER_005_2;0;12;0;1193200.0;Rp 62.800;Rp 1.193.200
PROD_0005;Batik Pekalongan;Pakaian;63700.0;21;0;3.3;2025-12-09;Sulawesi Selatan;SELLER_005_2;1;12;0;1337700.0;Rp 63.700;Rp 1.337.700
PROD_0005;Batik Pekalongan;Pakaian;64700.0;24;0;4.1;2025-12-10;Bali;SELLER_005_2;2;12;0;1552800.0;Rp 64.700;Rp 1.552.800
PROD_0005;Batik Pekalongan;Pakaian;67600.0;12;0;3.4;2025-12-11;Bali;SELLER_005_3;3;12;0;811200.0;Rp 67.600;Rp 811.200
PROD_0005;Batik Pekalongan;Pakaian;65600.0;21;5;3.1;2025-12-12;Bali;SELLER_005_3;4;12;0;1308700.0;Rp 65.600;Rp 1.308.700
PROD_0005;Batik Pekalongan;Pakaian;65300.0;29;0;3.9;2025-12-13;Sulawesi Selatan;SELLER_005_2;5;12;1;1893700.0;Rp 65.300;Rp 1.893.700
PROD_0005;Batik Pekalongan;Pakaian;61900.0;25;10;4.2;2025-12-14;Sumatera Utara;SELLER_005_1;6;12;1;1392800.0;Rp 61.900;Rp 1.392.800
PROD_0005;Batik Pekalongan;Pakaian;63800.0;31;20;2.9;2025-12-15;Sumatera Utara;SELLER_005_3;0;12;0;1582200.0;Rp 63.800;Rp 1.582.200
PROD_0005;Batik Pekalongan;Pakaian;65800.0;27;20;4.1;2025-12-16;Jawa Tengah;SELLER_005_1;1;12;0;1421300.0;Rp 65.800;Rp 1.421.300
PROD_0005;Batik Pekalongan;Pakaian;67300.0;20;0;3.4;2025-12-17;Jawa Barat;SELLER_005_2;2;12;0;1346000.0;Rp 67.300;Rp 1.346.000
PROD_0005;Batik Pekalongan;Pakaian;66900.0;28;5;4.3;2025-12-18;Sulawesi Selatan;SELLER_005_3;3;12;0;1779500.0;Rp 66.900;Rp 1.779.500
PROD_0005;Batik Pekalongan;Pakaian;65900.0;16;5;3.2;2025-12-19;Kalimantan Timur;SELLER_005_1;4;12;0;1001700.0;Rp 65.900;Rp 1.001.700
PROD_0005;Batik Pekalongan;Pakaian;66400.0;21;0;3.7;2025-12-20;Sulawesi Selatan;SELLER_005_2;5;12;1;1394400.0;Rp 66.400;Rp 1.394.400
PROD_0005;Batik Pekalongan;Pakaian;65800.0;26;0;3.3;2025-12-21;Jawa Barat;SELLER_005_2;6;12;1;1710800.0;Rp 65.800;Rp 1.710.800
PROD_0005;Batik Pekalongan;Pakaian;63400.0;28;10;4.4;2025-12-22;Jawa Barat;SELLER_005_1;0;12;0;1597700.0;Rp 63.400;Rp 1.597.700
PROD_0005;Batik Pekalongan;Pakaian;64800.0;21;0;2.9;2025-12-23;Jawa Timur;SELLER_005_2;1;12;0;1360800.0;Rp 64.800;Rp 1.360.800
PROD_0005;Batik Pekalongan;Pakaian;65100.0;20;0;3.9;2025-12-24;Jawa Tengah;SELLER_005_2;2;12;0;1302000.0;Rp 65.100;Rp 1.302.000
PROD_0005;Batik Pekalongan;Pakaian;65800.0;21;0;3.4;2025-12-25;Sulawesi Selatan;SELLER_005_2;3;12;0;1381800.0;Rp 65.800;Rp 1.381.800
PROD_0005;Batik Pekalongan;Pakaian;62800.0;21;15;3.5;2025-12-26;Kalimantan Timur;SELLER_005_2;4;12;0;1121000.0;Rp 62.800;Rp 1.121.000
PROD_0005;Batik Pekalongan;Pakaian;63100.0;24;0;3.5;2025-12-27;Kalimantan Timur;SELLER_005_3;5;12;1;1514400.0;Rp 63.100;Rp 1.514.400
PROD_0005;Batik Pekalongan;Pakaian;65400.0;27;0;4.1;2025-12-28;Jawa Barat;SELLER_005_1;6;12;1;1765800.0;Rp 65.400;Rp 1.765.800
PROD_0005;Batik Pekalongan;Pakaian;63700.0;23;10;4.4;2025-12-29;Jawa Timur;SELLER_005_2;0;12;0;1318600.0;Rp 63.700;Rp 1.318.600
PROD_0005;Batik Pekalongan;Pakaian;67300.0;25;5;3.3;2025-12-30;Jakarta;SELLER_005_1;1;12;0;1598400.0;Rp 67.300;Rp 1.598.400
PROD_0005;Batik Pekalongan;Pakaian;62100.0;25;10;3.3;2025-12-31;Kalimantan Timur;SELLER_005_3;2;12;0;1397200.0;Rp 62.100;Rp 1.397.200
PROD_0005;Batik Pekalongan;Pakaian;66600.0;24;10;4.4;2026-01-01;Jawa Timur;SELLER_005_2;3;1;0;1438600.0;Rp 66.600;Rp 1.438.600
PROD_0005;Batik Pekalongan;Pakaian;65400.0;11;0;3.7;2026-01-02;Jawa Tengah;SELLER_005_1;4;1;0;719400.0;Rp 65.400;Rp 719.400
PROD_0005;Batik Pekalongan;Pakaian;65100.0;13;0;3.3;2026-01-03;Sumatera Utara;SELLER_005_2;5;1;1;846300.0;Rp 65.100;Rp 846.300
PROD_0005;Batik Pekalongan;Pakaian;67800.0;29;0;4.3;2026-01-04;Sumatera Utara;SELLER_005_3;6;1;1;1966200.0;Rp 67.800;Rp 1.966.200
PROD_0005;Batik Pekalongan;Pakaian;65700.0;17;0;3.9;2026-01-05;Jawa Timur;SELLER_005_3;0;1;0;1116900.0;Rp 65.700;Rp 1.116.900
PROD_0006;Tenun Lombok;Pakaian;137100.0;27;0;3.2;2025-10-08;Jawa Tengah;SELLER_006_1;2;10;0;3701700.0;Rp 137.100;Rp 3.701.700
PROD_0006;Tenun Lombok;Pakaian;144000.0;22;0;3.0;2025-10-09;Sumatera Utara;SELLER_006_1;3;10;0;3168000.0;Rp 144.000;Rp 3.168.000
PROD_0006;Tenun Lombok;Pakaian;145500.0;24;0;3.6;2025-10-10;Sumatera Utara;SELLER_006_1;4;10;0;3492000.0;Rp 145.500;Rp 3.492.000
PROD_0006;Tenun Lombok;Pakaian;141400.0;22;0;3.4;2025-10-11;Jakarta;SELLER_006_2;5;10;1;3110800.0;Rp 141.400;Rp 3.110.800
PROD_0006;Tenun Lombok;Pakaian;138300.0;27;0;3.1;2025-10-12;Jakarta;SELLER_006_1;6;10;1;3734100.0;Rp 138.300;Rp 3.734.100
PROD_0006;Tenun Lombok;Pakaian;140400.0;20;0;2.6;2025-10-13;Sulawesi Selatan;SELLER_006_3;0;10;0;2808000.0;Rp 140.400;Rp 2.808.000
PROD_0006;Tenun Lombok;Pakaian;133900.0;17;0;4.3;2025-10-14;Jawa Tengah;SELLER_006_2;1;10;0;2276300.0;Rp 133.900;Rp 2.276.300
PROD_0006;Tenun Lombok;Pakaian;133200.0;22;0;2.9;2025-10-15;Bali;SELLER_006_3;2;10;0;2930400.0;Rp 133.200;Rp 2.930.400
PROD_0006;Tenun Lombok;Pakaian;135500.0;21;0;2.9;2025-10-16;Kalimantan Timur;SELLER_006_3;3;10;0;2845500.0;Rp 135.500;Rp 2.845.500
PROD_0006;Tenun Lombok;Pakaian;140800.0;19;10;3.6;2025-10-17;Sumatera Utara;SELLER_006_1;4;10;0;2407700.0;Rp 140.800;Rp 2.407.700
PROD_0006;Tenun Lombok;Pakaian;136800.0;25;0;4.0;2025-10-18;Kalimantan Timur;SELLER_006_1;5;10;1;3420000.0;Rp 136.800;Rp 3.420.000
PROD_0006;Tenun Lombok;Pakaian;136700.0;26;5;3.6;2025-10-19;Jakarta;SELLER_006_1;6;10;1;3376500.0;Rp 136.700;Rp 3.376.500
PROD_0006;Tenun Lombok;Pakaian;132900.0;16;5;3.7;2025-10-20;Sumatera Utara;SELLER_006_2;0;10;0;2020100.0;Rp 132.900;Rp 2.020.100
PROD_0006;Tenun Lombok;Pakaian;138800.0;18;0;3.4;2025-10-21;Kalimantan Timur;SELLER_006_1;1;10;0;2498400.0;Rp 138.800;Rp 2.498.400
PROD_0006;Tenun Lombok;Pakaian;143600.0;17;0;3.0;2025-10-22;Bali;SELLER_006_3;2;10;0;2441200.0;Rp 143.600;Rp 2.441.200
PROD_0006;Tenun Lombok;Pakaian;138300.0;20;0;3.8;2025-10-23;Jawa Barat;SELLER_006_2;3;10;0;2766000.0;Rp 138.300;Rp 2.766.000
PROD_0006;Tenun Lombok;Pakaian;144600.0;24;0;3.9;2025-10-24;Sulawesi Selatan;SELLER_006_3;4;10;0;3470400.0;Rp 144.600;Rp 3.470.400
PROD_0006;Tenun Lombok;Pakaian;141600.0;24;0;3.0;2025-10-25;Kalimantan Timur;SELLER_006_1;5;10;1;3398400.0;Rp 141.600;Rp 3.398.400
PROD_0006;Tenun Lombok;Pakaian;135300.0;19;10;3.3;2025-10-26;Bali;SELLER_006_2;6;10;1;2313600.0;Rp 135.300;Rp 2.313.600
PROD_0006;Tenun Lombok;Pakaian;141300.0;19;0;3.7;2025-10-27;Jawa Tengah;SELLER_006_1;0;10;0;2684700.0;Rp 141.300;Rp 2.684.700
PROD_0006;Tenun Lombok;Pakaian;139800.0;16;5;4.0;2025-10-28;Kalimantan Timur;SELLER_006_2;1;10;0;2125000.0;Rp 139.800;Rp 2.125.000
PROD_0006;Tenun Lombok;Pakaian;142900.0;26;0;3.3;2025-10-29;Jawa Barat;SELLER_006_1;2;10;0;3715400.0;Rp 142.900;Rp 3.715.400
PROD_0006;Tenun Lombok;Pakaian;146000.0;20;0;3.5;2025-10-30;Jawa Timur;SELLER_006_2;3;10;0;2920000.0;Rp 146.000;Rp 2.920.000
PROD_0006;Tenun Lombok;Pakaian;143400.0;21;5;3.9;2025-10-31;Jakarta;SELLER_006_3;4;10;0;2860800.0;Rp 143.400;Rp 2.860.800
PROD_0006;Tenun Lombok;Pakaian;140500.0;24;0;4.0;2025-11-01;Sulawesi Selatan;SELLER_006_3;5;11;1;3372000.0;Rp 140.500;Rp 3.372.000
PROD_0006;Tenun Lombok;Pakaian;143800.0;23;0;3.3;2025-11-02;Jakarta;SELLER_006_2;6;11;1;3307400.0;Rp 143.800;Rp 3.307.400
PROD_0006;Tenun Lombok;Pakaian;145700.0;18;5;3.3;2025-11-03;Jawa Barat;SELLER_006_2;0;11;0;2491500.0;Rp 145.700;Rp 2.491.500
PROD_0006;Tenun Lombok;Pakaian;144500.0;21;0;3.6;2025-11-04;Sumatera Utara;SELLER_006_2;1;11;0;3034500.0;Rp 144.500;Rp 3.034.500
PROD_0006;Tenun Lombok;Pakaian;136000.0;19;0;4.2;2025-11-05;Jawa Barat;SELLER_006_1;2;11;0;2584000.0;Rp 136.000;Rp 2.584.000
PROD_0006;Tenun Lombok;Pakaian;140400.0;19;0;3.6;2025-11-06;Kalimantan Timur;SELLER_006_1;3;11;0;2667600.0;Rp 140.400;Rp 2.667.600
PROD_0006;Tenun Lombok;Pakaian;141000.0;31;0;3.7;2025-11-07;Jawa Tengah;SELLER_006_2;4;11;0;4371000.0;Rp 141.000;Rp 4.371.000
PROD_0006;Tenun Lombok;Pakaian;140100.0;18;0;3.8;2025-11-08;Jawa Barat;SELLER_006_2;5;11;1;2521800.0;Rp 140.100;Rp 2.521.800
PROD_0006;Tenun Lombok;Pakaian;143300.0;23;5;3.7;2025-11-09;Jakarta;SELLER_006_3;6;11;1;3131100.0;Rp 143.300;Rp 3.131.100
PROD_0006;Tenun Lombok;Pakaian;145400.0;13;0;2.1;2025-11-10;Sulawesi Selatan;SELLER_006_3;0;11;0;1890200.0;Rp 145.400;Rp 1.890.200
PROD_0006;Tenun Lombok;Pakaian;136300.0;33;0;3.2;2025-11-11;Jawa Tengah;SELLER_006_2;1;11;0;4497900.0;Rp 136.300;Rp 4.497.900
PROD_0006;Tenun Lombok;Pakaian;140600.0;20;0;3.2;2025-11-12;Jawa Barat;SELLER_006_1;2;11;0;2812000.0;Rp 140.600;Rp 2.812.000
PROD_0006;Tenun Lombok;Pakaian;136100.0;13;0;3.6;2025-11-13;Jawa Barat;SELLER_006_2;3;11;0;1769300.0;Rp 136.100;Rp 1.769.300
PROD_0006;Tenun Lombok;Pakaian;135000.0;13;0;3.5;2025-11-14;Jawa Timur;SELLER_006_3;4;11;0;1755000.0;Rp 135.000;Rp 1.755.000
PROD_0006;Tenun Lombok;Pakaian;141800.0;33;0;3.5;2025-11-15;Bali;SELLER_006_3;5;11;1;4679400.0;Rp 141.800;Rp 4.679.400
PROD_0006;Tenun Lombok;Pakaian;135800.0;16;15;3.2;2025-11-16;Jakarta;SELLER_006_2;6;11;1;1846900.0;Rp 135.800;Rp 1.846.900
PROD_0006;Tenun Lombok;Pakaian;135500.0;26;0;3.9;2025-11-17;Kalimantan Timur;SELLER_006_2;0;11;0;3523000.0;Rp 135.500;Rp 3.523.000
PROD_0006;Tenun Lombok;Pakaian;138000.0;15;0;3.0;2025-11-18;Jawa Tengah;SELLER_006_2;1;11;0;2070000.0;Rp 138.000;Rp 2.070.000
PROD_0006;Tenun Lombok;Pakaian;142900.0;12;0;3.7;2025-11-19;Jawa Timur;SELLER_006_3;2;11;0;1714800.0;Rp 142.900;Rp 1.714.800
PROD_0006;Tenun Lombok;Pakaian;137300.0;17;5;3.0;2025-11-20;Bali;SELLER_006_2;3;11;0;2217400.0;Rp 137.300;Rp 2.217.400
PROD_0006;Tenun Lombok;Pakaian;140800.0;23;5;3.0;2025-11-21;Sulawesi Selatan;SELLER_006_3;4;11;0;3076500.0;Rp 140.800;Rp 3.076.500
PROD_0006;Tenun Lombok;Pakaian;133200.0;24;0;2.6;2025-11-22;Sulawesi Selatan;SELLER_006_3;5;11;1;3196800.0;Rp 133.200;Rp 3.196.800
PROD_0006;Tenun Lombok;Pakaian;136700.0;25;0;3.9;2025-11-23;Jawa Timur;SELLER_006_3;6;11;1;3417500.0;Rp 136.700;Rp 3.417.500
PROD_0006;Tenun Lombok;Pakaian;134000.0;27;5;4.4;2025-11-24;Jawa Tengah;SELLER_006_3;0;11;0;3437100.0;Rp 134.000;Rp 3.437.100
PROD_0006;Tenun Lombok;Pakaian;138200.0;27;0;3.0;2025-11-25;Sulawesi Selatan;SELLER_006_3;1;11;0;3731400.0;Rp 138.200;Rp 3.731.400
PROD_0006;Tenun Lombok;Pakaian;135500.0;17;0;2.6;2025-11-26;Jakarta;SELLER_006_1;2;11;0;2303500.0;Rp 135.500;Rp 2.303.500
PROD_0006;Tenun Lombok;Pakaian;138900.0;25;5;4.7;2025-11-27;Jakarta;SELLER_006_1;3;11;0;3298900.0;Rp 138.900;Rp 3.298.900
PROD_0006;Tenun Lombok;Pakaian;134200.0;23;0;4.1;2025-11-28;Jakarta;SELLER_006_1;4;11;0;3086600.0;Rp 134.200;Rp 3.086.600
PROD_0006;Tenun Lombok;Pakaian;135100.0;17;0;3.3;2025-11-29;Sulawesi Selatan;SELLER_006_2;5;11;1;2296700.0;Rp 135.100;Rp 2.296.700
PROD_0006;Tenun Lombok;Pakaian;134800.0;27;0;3.9;2025-11-30;Sulawesi Selatan;SELLER_006_1;6;11;1;3639600.0;Rp 134.800;Rp 3.639.600
PROD_0006;Tenun Lombok;Pakaian;155700.0;25;0;3.4;2025-12-01;Sumatera Utara;SELLER_006_2;0;12;0;3892500.0;Rp 155.700;Rp 3.892.500
PROD_0006;Tenun Lombok;Pakaian;154000.0;17;0;3.5;2025-12-02;Jawa Timur;SELLER_006_2;1;12;0;2618000.0;Rp 154.000;Rp 2.618.000
PROD_0006;Tenun Lombok;Pakaian;166800.0;21;0;2.6;2025-12-03;Sumatera Utara;SELLER_006_2;2;12;0;3502800.0;Rp 166.800;Rp 3.502.800
PROD_0006;Tenun Lombok;Pakaian;168500.0;14;0;4.1;2025-12-04;Kalimantan Timur;SELLER_006_3;3;12;0;2359000.0;Rp 168.500;Rp 2.359.000
PROD_0006;Tenun Lombok;Pakaian;157200.0;27;0;3.6;2025-12-05;Jakarta;SELLER_006_2;4;12;0;4244400.0;Rp 157.200;Rp 4.244.400
PROD_0006;Tenun Lombok;Pakaian;158800.0;30;0;4.3;2025-12-06;Sulawesi Selatan;SELLER_006_2;5;12;1;4764000.0;Rp 158.800;Rp 4.764.000
PROD_0006;Tenun Lombok;Pakaian;165100.0;26;0;3.6;2025-12-07;Bali;SELLER_006_3;6;12;1;4292600.0;Rp 165.100;Rp 4.292.600
PROD_0006;Tenun Lombok;Pakaian;162700.0;19;5;3.4;2025-12-08;Jawa Barat;SELLER_006_2;0;12;0;2936700.0;Rp 162.700;Rp 2.936.700
PROD_0006;Tenun Lombok;Pakaian;164700.0;20;15;3.4;2025-12-09;Sumatera Utara;SELLER_006_2;1;12;0;2799900.0;Rp 164.700;Rp 2.799.900
PROD_0006;Tenun Lombok;Pakaian;161600.0;24;15;2.4;2025-12-10;Kalimantan Timur;SELLER_006_2;2;12;0;3296600.0;Rp 161.600;Rp 3.296.600
PROD_0006;Tenun Lombok;Pakaian;154700.0;32;20;2.5;2025-12-11;Sulawesi Selatan;SELLER_006_1;3;12;0;3960300.0;Rp 154.700;Rp 3.960.300
PROD_0006;Tenun Lombok;Pakaian;162400.0;19;0;4.6;2025-12-12;Jawa Tengah;SELLER_006_1;4;12;0;3085600.0;Rp 162.400;Rp 3.085.600
PROD_0006;Tenun Lombok;Pakaian;159500.0;27;5;3.1;2025-12-13;Sulawesi Selatan;SELLER_006_3;5;12;1;4091200.0;Rp 159.500;Rp 4.091.200
PROD_0006;Tenun Lombok;Pakaian;165200.0;17;15;3.4;2025-12-14;Bali;SELLER_006_2;6;12;1;2387100.0;Rp 165.200;Rp 2.387.100
PROD_0006;Tenun Lombok;Pakaian;156500.0;19;10;2.5;2025-12-15;Sulawesi Selatan;SELLER_006_3;0;12;0;2676200.0;Rp 156.500;Rp 2.676.200
PROD_0006;Tenun Lombok;Pakaian;168200.0;16;10;3.5;2025-12-16;Jawa Timur;SELLER_006_3;1;12;0;2422100.0;Rp 168.200;Rp 2.422.100
PROD_0006;Tenun Lombok;Pakaian;158300.0;23;0;3.6;2025-12-17;Sumatera Utara;SELLER_006_2;2;12;0;3640900.0;Rp 158.300;Rp 3.640.900
PROD_0006;Tenun Lombok;Pakaian;155300.0;21;20;3.6;2025-12-18;Jawa Tengah;SELLER_006_2;3;12;0;2609000.0;Rp 155.300;Rp 2.609.000
PROD_0006;Tenun Lombok;Pakaian;161200.0;26;5;4.1;2025-12-19;Jawa Barat;SELLER_006_3;4;12;0;3981600.0;Rp 161.200;Rp 3.981.600
PROD_0006;Tenun Lombok;Pakaian;161200.0;18;20;2.9;2025-12-20;Kalimantan Timur;SELLER_006_1;5;12;1;2321300.0;Rp 161.200;Rp 2.321.300
PROD_0006;Tenun Lombok;Pakaian;153800.0;27;0;3.8;2025-12-21;Jawa Barat;SELLER_006_2;6;12;1;4152600.0;Rp 153.800;Rp 4.152.600
PROD_0006;Tenun Lombok;Pakaian;160100.0;23;10;4.0;2025-12-22;Kalimantan Timur;SELLER_006_2;0;12;0;3314100.0;Rp 160.100;Rp 3.314.100
PROD_0006;Tenun Lombok;Pakaian;160900.0;21;0;3.2;2025-12-23;Bali;SELLER_006_3;1;12;0;3378900.0;Rp 160.900;Rp 3.378.900
PROD_0006;Tenun Lombok;Pakaian;160100.0;28;15;4.4;2025-12-24;Jakarta;SELLER_006_1;2;12;0;3810400.0;Rp 160.100;Rp 3.810.400
PROD_0006;Tenun Lombok;Pakaian;162000.0;21;0;3.1;2025-12-25;Sumatera Utara;SELLER_006_2;3;12;0;3402000.0;Rp 162.000;Rp 3.402.000
PROD_0006;Tenun Lombok;Pakaian;168100.0;17;0;3.7;2025-12-26;Jawa Barat;SELLER_006_1;4;12;0;2857700.0;Rp 168.100;Rp 2.857.700
PROD_0006;Tenun Lombok;Pakaian;156100.0;16;5;5.0;2025-12-27;Sulawesi Selatan;SELLER_006_2;5;12;1;2372700.0;Rp 156.100;Rp 2.372.700
PROD_0006;Tenun Lombok;Pakaian;153400.0;29;0;3.2;2025-12-28;Jawa Tengah;SELLER_006_3;6;12;1;4448600.0;Rp 153.400;Rp 4.448.600
PROD_0006;Tenun Lombok;Pakaian;158000.0;23;0;3.3;2025-12-29;Jawa Timur;SELLER_006_3;0;12;0;3634000.0;Rp 158.000;Rp 3.634.000
PROD_0006;Tenun Lombok;Pakaian;165800.0;18;20;3.6;2025-12-30;Jawa Barat;SELLER_006_2;1;12;0;2387500.0;Rp 165.800;Rp 2.387.500
PROD_0006;Tenun Lombok;Pakaian;165300.0;13;0;2.7;2025-12-31;Sulawesi Selatan;SELLER_006_1;2;12;0;2148900.0;Rp 165.300;Rp 2.148.900
PROD_0006;Tenun Lombok;Pakaian;156400.0;16;0;2.5;2026-01-01;Jawa Barat;SELLER_006_1;3;1;0;2502400.0;Rp 156.400;Rp 2.502.400
PROD_0006;Tenun Lombok;Pakaian;167300.0;21;0;2.7;2026-01-02;Bali;SELLER_006_2;4;1;0;3513300.0;Rp 167.300;Rp 3.513.300
PROD_0006;Tenun Lombok;Pakaian;158200.0;24;0;3.0;2026-01-03;Jakarta;SELLER_006_3;5;1;1;3796800.0;Rp 158.200;Rp 3.796.800
PROD_0006;Tenun Lombok;Pakaian;168800.0;29;0;3.5;2026-01-04;Sulawesi Selatan;SELLER_006_1;6;1;1;4895200.0;Rp 168.800;Rp 4.895.200
PROD_0006;Tenun Lombok;Pakaian;157000.0;26;5;3.7;2026-01-05;Bali;SELLER_006_3;0;1;0;3877900.0;Rp 157.000;Rp 3.877.900
PROD_0007;Kebaya Modern;Pakaian;117000.0;17;0;3.7;2025-10-08;Kalimantan Timur;SELLER_007_2;2;10;0;1989000.0;Rp 117.000;Rp 1.989.000
PROD_0007;Kebaya Modern;Pakaian;107400.0;23;10;3.5;2025-10-09;Jawa Tengah;SELLER_007_1;3;10;0;2223200.0;Rp 107.400;Rp 2.223.200
PROD_0007;Kebaya Modern;Pakaian;116800.0;19;0;4.0;2025-10-10;Jawa Barat;SELLER_007_3;4;10;0;2219200.0;Rp 116.800;Rp 2.219.200
PROD_0007;Kebaya Modern;Pakaian;109200.0;30;0;3.5;2025-10-11;Sulawesi Selatan;SELLER_007_3;5;10;1;3276000.0;Rp 109.200;Rp 3.276.000
PROD_0007;Kebaya Modern;Pakaian;114200.0;27;0;3.7;2025-10-12;Sumatera Utara;SELLER_007_3;6;10;1;3083400.0;Rp 114.200;Rp 3.083.400
PROD_0007;Kebaya Modern;Pakaian;106900.0;20;0;4.0;2025-10-13;Jakarta;SELLER_007_2;0;10;0;2138000.0;Rp 106.900;Rp 2.138.000
PROD_0007;Kebaya Modern;Pakaian;111500.0;21;0;3.5;2025-10-14;Kalimantan Timur;SELLER_007_2;1;10;0;2341500.0;Rp 111.500;Rp 2.341.500
PROD_0007;Kebaya Modern;Pakaian;114300.0;22;0;4.2;2025-10-15;Sulawesi Selatan;SELLER_007_3;2;10;0;2514600.0;Rp 114.300;Rp 2.514.600
PROD_0007;Kebaya Modern;Pakaian;112300.0;11;0;3.5;2025-10-16;Jawa Barat;SELLER_007_2;3;10;0;1235300.0;Rp 112.300;Rp 1.235.300
PROD_0007;Kebaya Modern;Pakaian;113300.0;20;20;3.7;2025-10-17;Bali;SELLER_007_3;4;10;0;1812800.0;Rp 113.300;Rp 1.812.800
PROD_0007;Kebaya Modern;Pakaian;106800.0;18;0;2.8;2025-10-18;Jakarta;SELLER_007_1;5;10;1;1922400.0;Rp 106.800;Rp 1.922.400
PROD_0007;Kebaya Modern;Pakaian;110900.0;22;0;2.8;2025-10-19;Jawa Barat;SELLER_007_2;6;10;1;2439800.0;Rp 110.900;Rp 2.439.800
PROD_0007;Kebaya Modern;Pakaian;106900.0;20;0;3.4;2025-10-20;Jawa Timur;SELLER_007_1;0;10;0;2138000.0;Rp 106.900;Rp 2.138.000
PROD_0007;Kebaya Modern;Pakaian;116200.0;23;0;3.2;2025-10-21;Bali;SELLER_007_1;1;10;0;2672600.0;Rp 116.200;Rp 2.672.600
PROD_0007;Kebaya Modern;Pakaian;114100.0;20;0;3.9;2025-10-22;Jawa Timur;SELLER_007_3;2;10;0;2282000.0;Rp 114.100;Rp 2.282.000
PROD_0007;Kebaya Modern;Pakaian;112200.0;26;0;3.7;2025-10-23;Kalimantan Timur;SELLER_007_1;3;10;0;2917200.0;Rp 112.200;Rp 2.917.200
PROD_0007;Kebaya Modern;Pakaian;114100.0;29;0;3.5;2025-10-24;Jakarta;SELLER_007_3;4;10;0;3308900.0;Rp 114.100;Rp 3.308.900
PROD_0007;Kebaya Modern;Pakaian;107600.0;28;0;4.1;2025-10-25;Sulawesi Selatan;SELLER_007_2;5;10;1;3012800.0;Rp 107.600;Rp 3.012.800
PROD_0007;Kebaya Modern;Pakaian;108100.0;17;0;3.4;2025-10-26;Jawa Timur;SELLER_007_2;6;10;1;1837700.0;Rp 108.100;Rp 1.837.700
PROD_0007;Kebaya Modern;Pakaian;115200.0;21;15;2.9;2025-10-27;Jawa Timur;SELLER_007_1;0;10;0;2056300.0;Rp 115.200;Rp 2.056.300
PROD_0007;Kebaya Modern;Pakaian;109000.0;21;0;2.8;2025-10-28;Jakarta;SELLER_007_1;1;10;0;2289000.0;Rp 109.000;Rp 2.289.000
PROD_0007;Kebaya Modern;Pakaian;116200.0;16;10;3.1;2025-10-29;Sumatera Utara;SELLER_007_2;2;10;0;1673300.0;Rp 116.200;Rp 1.673.300
PROD_0007;Kebaya Modern;Pakaian;107300.0;18;5;3.5;2025-10-30;Bali;SELLER_007_2;3;10;0;1834800.0;Rp 107.300;Rp 1.834.800
PROD_0007;Kebaya Modern;Pakaian;115000.0;16;0;3.9;2025-10-31;Jakarta;SELLER_007_3;4;10;0;1840000.0;Rp 115.000;Rp 1.840.000
PROD_0007;Kebaya Modern;Pakaian;115400.0;22;10;3.9;2025-11-01;Jawa Barat;SELLER_007_2;5;11;1;2284900.0;Rp 115.400;Rp 2.284.900
PROD_0007;Kebaya Modern;Pakaian;106000.0;22;0;3.6;2025-11-02;Sulawesi Selatan;SELLER_007_1;6;11;1;2332000.0;Rp 106.000;Rp 2.332.000
PROD_0007;Kebaya Modern;Pakaian;115500.0;18;10;3.8;2025-11-03;Jawa Tengah;SELLER_007_1;0;11;0;1871100.0;Rp 115.500;Rp 1.871.100
PROD_0007;Kebaya Modern;Pakaian;114600.0;18;0;3.9;2025-11-04;Kalimantan Timur;SELLER_007_3;1;11;0;2062800.0;Rp 114.600;Rp 2.062.800
PROD_0007;Kebaya Modern;Pakaian;107600.0;14;0;3.3;2025-11-05;Bali;SELLER_007_3;2;11;0;1506400.0;Rp 107.600;Rp 1.506.400
PROD_0007;Kebaya Modern;Pakaian;116800.0;19;0;3.3;2025-11-06;Jawa Tengah;SELLER_007_3;3;11;0;2219200.0;Rp 116.800;Rp 2.219.200
PROD_0007;Kebaya Modern;Pakaian;110500.0;22;20;2.1;2025-11-07;Sumatera Utara;SELLER_007_3;4;11;0;1944800.0;Rp 110.500;Rp 1.944.800
PROD_0007;Kebaya Modern;Pakaian;116000.0;19;0;3.4;2025-11-08;Jawa Barat;SELLER_007_3;5;11;1;2204000.0;Rp 116.000;Rp 2.204.000
PROD_0007;Kebaya Modern;Pakaian;115400.0;19;0;3.3;2025-11-09;Jawa Barat;SELLER_007_3;6;11;1;2192600.0;Rp 115.400;Rp 2.192.600
PROD_0007;Kebaya Modern;Pakaian;114000.0;20;10;3.5;2025-11-10;Kalimantan Timur;SELLER_007_3;0;11;0;2052000.0;Rp 114.000;Rp 2.052.000
PROD_0007;Kebaya Modern;Pakaian;107300.0;15;5;3.1;2025-11-11;Bali;SELLER_007_3;1;11;0;1529000.0;Rp 107.300;Rp 1.529.000
PROD_0007;Kebaya Modern;Pakaian;109900.0;20;0;3.5;2025-11-12;Kalimantan Timur;SELLER_007_2;2;11;0;2198000.0;Rp 109.900;Rp 2.198.000
PROD_0007;Kebaya Modern;Pakaian;110100.0;14;10;2.4;2025-11-13;Sumatera Utara;SELLER_007_3;3;11;0;1387300.0;Rp 110.100;Rp 1.387.300
PROD_0007;Kebaya Modern;Pakaian;112800.0;21;0;2.7;2025-11-14;Jawa Barat;SELLER_007_3;4;11;0;2368800.0;Rp 112.800;Rp 2.368.800
PROD_0007;Kebaya Modern;Pakaian;116900.0;31;0;2.6;2025-11-15;Jakarta;SELLER_007_3;5;11;1;3623900.0;Rp 116.900;Rp 3.623.900
PROD_0007;Kebaya Modern;Pakaian;107000.0;19;0;3.6;2025-11-16;Kalimantan Timur;SELLER_007_1;6;11;1;2033000.0;Rp 107.000;Rp 2.033.000
PROD_0007;Kebaya Modern;Pakaian;107100.0;21;0;3.9;2025-11-17;Jawa Timur;SELLER_007_1;0;11;0;2249100.0;Rp 107.100;Rp 2.249.100
PROD_0007;Kebaya Modern;Pakaian;110000.0;21;5;3.9;2025-11-18;Jawa Barat;SELLER_007_1;1;11;0;2194500.0;Rp 110.000;Rp 2.194.500
PROD_0007;Kebaya Modern;Pakaian;106100.0;15;0;4.2;2025-11-19;Sumatera Utara;SELLER_007_1;2;11;0;1591500.0;Rp 106.100;Rp 1.591.500
PROD_0007;Kebaya Modern;Pakaian;111300.0;27;0;4.0;2025-11-20;Jawa Barat;SELLER_007_3;3;11;0;3005100.0;Rp 111.300;Rp 3.005.100
PROD_0007;Kebaya Modern;Pakaian;115300.0;14;0;3.2;2025-11-21;Bali;SELLER_007_2;4;11;0;1614200.0;Rp 115.300;Rp 1.614.200
PROD_0007;Kebaya Modern;Pakaian;111100.0;12;0;2.4;2025-11-22;Sumatera Utara;SELLER_007_1;5;11;1;1333200.0;Rp 111.100;Rp 1.333.200
PROD_0007;Kebaya Modern;Pakaian;112000.0;27;10;3.0;2025-11-23;Kalimantan Timur;SELLER_007_2;6;11;1;2721600.0;Rp 112.000;Rp 2.721.600
PROD_0007;Kebaya Modern;Pakaian;112400.0;26;0;3.7;2025-11-24;Jawa Timur;SELLER_007_1;0;11;0;2922400.0;Rp 112.400;Rp 2.922.400
PROD_0007;Kebaya Modern;Pakaian;111600.0;25;0;4.0;2025-11-25;Sumatera Utara;SELLER_007_1;1;11;0;2790000.0;Rp 111.600;Rp 2.790.000
PROD_0007;Kebaya Modern;Pakaian;116000.0;20;0;3.3;2025-11-26;Kalimantan Timur;SELLER_007_3;2;11;0;2320000.0;Rp 116.000;Rp 2.320.000
PROD_0007;Kebaya Modern;Pakaian;115100.0;18;0;3.7;2025-11-27;Sulawesi Selatan;SELLER_007_3;3;11;0;2071800.0;Rp 115.100;Rp 2.071.800
PROD_0007;Kebaya Modern;Pakaian;111000.0;28;0;3.4;2025-11-28;Jawa Timur;SELLER_007_2;4;11;0;3108000.0;Rp 111.000;Rp 3.108.000
PROD_0007;Kebaya Modern;Pakaian;115300.0;31;0;3.5;2025-11-29;Jakarta;SELLER_007_2;5;11;1;3574300.0;Rp 115.300;Rp 3.574.300
PROD_0007;Kebaya Modern;Pakaian;111600.0;23;10;3.7;2025-11-30;Jawa Timur;SELLER_007_3;6;11;1;2310100.0;Rp 111.600;Rp 2.310.100
PROD_0007;Kebaya Modern;Pakaian;129500.0;26;0;4.2;2025-12-01;Kalimantan Timur;SELLER_007_2;0;12;0;3367000.0;Rp 129.500;Rp 3.367.000
PROD_0007;Kebaya Modern;Pakaian;127900.0;16;0;3.4;2025-12-02;Sumatera Utara;SELLER_007_3;1;12;0;2046400.0;Rp 127.900;Rp 2.046.400
PROD_0007;Kebaya Modern;Pakaian;129700.0;25;0;4.4;2025-12-03;Jakarta;SELLER_007_2;2;12;0;3242500.0;Rp 129.700;Rp 3.242.500
PROD_0007;Kebaya Modern;Pakaian;126300.0;20;20;3.4;2025-12-04;Jawa Tengah;SELLER_007_1;3;12;0;2020800.0;Rp 126.300;Rp 2.020.800
PROD_0007;Kebaya Modern;Pakaian;123900.0;26;0;4.2;2025-12-05;Bali;SELLER_007_3;4;12;0;3221400.0;Rp 123.900;Rp 3.221.400
PROD_0007;Kebaya Modern;Pakaian;134400.0;32;0;2.7;2025-12-06;Jawa Tengah;SELLER_007_3;5;12;1;4300800.0;Rp 134.400;Rp 4.300.800
PROD_0007;Kebaya Modern;Pakaian;133200.0;16;0;3.5;2025-12-07;Bali;SELLER_007_2;6;12;1;2131200.0;Rp 133.200;Rp 2.131.200
PROD_0007;Kebaya Modern;Pakaian;130100.0;19;20;3.7;2025-12-08;Bali;SELLER_007_3;0;12;0;1977500.0;Rp 130.100;Rp 1.977.500
PROD_0007;Kebaya Modern;Pakaian;127400.0;32;0;3.9;2025-12-09;Jawa Barat;SELLER_007_1;1;12;0;4076800.0;Rp 127.400;Rp 4.076.800
PROD_0007;Kebaya Modern;Pakaian;124400.0;19;0;3.6;2025-12-10;Jawa Timur;SELLER_007_3;2;12;0;2363600.0;Rp 124.400;Rp 2.363.600
PROD_0007;Kebaya Modern;Pakaian;129900.0;19;0;3.5;2025-12-11;Jawa Barat;SELLER_007_3;3;12;0;2468100.0;Rp 129.900;Rp 2.468.100
PROD_0007;Kebaya Modern;Pakaian;128100.0;16;0;3.9;2025-12-12;Bali;SELLER_007_3;4;12;0;2049600.0;Rp 128.100;Rp 2.049.600
PROD_0007;Kebaya Modern;Pakaian;128000.0;35;0;3.5;2025-12-13;Sumatera Utara;SELLER_007_3;5;12;1;4480000.0;Rp 128.000;Rp 4.480.000
PROD_0007;Kebaya Modern;Pakaian;128900.0;25;0;3.1;2025-12-14;Jawa Barat;SELLER_007_1;6;12;1;3222500.0;Rp 128.900;Rp 3.222.500
PROD_0007;Kebaya Modern;Pakaian;128000.0;25;5;3.6;2025-12-15;Sumatera Utara;SELLER_007_2;0;12;0;3040000.0;Rp 128.000;Rp 3.040.000
PROD_0007;Kebaya Modern;Pakaian;122900.0;19;0;3.7;2025-12-16;Jawa Barat;SELLER_007_3;1;12;0;2335100.0;Rp 122.900;Rp 2.335.100
PROD_0007;Kebaya Modern;Pakaian;128500.0;25;20;3.6;2025-12-17;Sumatera Utara;SELLER_007_3;2;12;0;2570000.0;Rp 128.500;Rp 2.570.000
PROD_0007;Kebaya Modern;Pakaian;129900.0;33;0;4.8;2025-12-18;Jakarta;SELLER_007_3;3;12;0;4286700.0;Rp 129.900;Rp 4.286.700
PROD_0007;Kebaya Modern;Pakaian;130700.0;27;10;2.8;2025-12-19;Sumatera Utara;SELLER_007_1;4;12;0;3176000.0;Rp 130.700;Rp 3.176.000
PROD_0007;Kebaya Modern;Pakaian;134200.0;30;0;3.3;2025-12-20;Kalimantan Timur;SELLER_007_2;5;12;1;4026000.0;Rp 134.200;Rp 4.026.000
PROD_0007;Kebaya Modern;Pakaian;123000.0;17;5;3.5;2025-12-21;Jawa Tengah;SELLER_007_3;6;12;1;1986400.0;Rp 123.000;Rp 1.986.400
PROD_0007;Kebaya Modern;Pakaian;132800.0;24;5;3.8;2025-12-22;Jawa Barat;SELLER_007_2;0;12;0;3027800.0;Rp 132.800;Rp 3.027.800
PROD_0007;Kebaya Modern;Pakaian;127900.0;34;5;4.2;2025-12-23;Bali;SELLER_007_2;1;12;0;4131200.0;Rp 127.900;Rp 4.131.200
PROD_0007;Kebaya Modern;Pakaian;125900.0;23;0;3.4;2025-12-24;Sulawesi Selatan;SELLER_007_2;2;12;0;2895700.0;Rp 125.900;Rp 2.895.700
PROD_0007;Kebaya Modern;Pakaian;122900.0;18;0;3.1;2025-12-25;Jawa Tengah;SELLER_007_1;3;12;0;2212200.0;Rp 122.900;Rp 2.212.200
PROD_0007;Kebaya Modern;Pakaian;129800.0;24;10;3.9;2025-12-26;Kalimantan Timur;SELLER_007_1;4;12;0;2803700.0;Rp 129.800;Rp 2.803.700
PROD_0007;Kebaya Modern;Pakaian;125200.0;37;0;3.4;2025-12-27;Kalimantan Timur;SELLER_007_1;5;12;1;4632400.0;Rp 125.200;Rp 4.632.400
PROD_0007;Kebaya Modern;Pakaian;133000.0;22;0;3.2;2025-12-28;Sumatera Utara;SELLER_007_3;6;12;1;2926000.0;Rp 133.000;Rp 2.926.000
PROD_0007;Kebaya Modern;Pakaian;134500.0;23;0;3.8;2025-12-29;Jakarta;SELLER_007_1;0;12;0;3093500.0;Rp 134.500;Rp 3.093.500
PROD_0007;Kebaya Modern;Pakaian;127500.0;33;10;3.8;2025-12-30;Sulawesi Selatan;SELLER_007_1;1;12;0;3786800.0;Rp 127.500;Rp 3.786.800
PROD_0007;Kebaya Modern;Pakaian;129400.0;32;15;4.1;2025-12-31;Sulawesi Selatan;SELLER_007_3;2;12;0;3519700.0;Rp 129.400;Rp 3.519.700
PROD_0007;Kebaya Modern;Pakaian;127000.0;24;0;3.6;2026-01-01;Sulawesi Selatan;SELLER_007_1;3;1;0;3048000.0;Rp 127.000;Rp 3.048.000
PROD_0007;Kebaya Modern;Pakaian;129500.0;21;0;3.2;2026-01-02;Sumatera Utara;SELLER_007_1;4;1;0;2719500.0;Rp 129.500;Rp 2.719.500
PROD_0007;Kebaya Modern;Pakaian;122100.0;30;0;3.6;2026-01-03;Sulawesi Selatan;SELLER_007_3;5;1;1;3663000.0;Rp 122.100;Rp 3.663.000
PROD_0007;Kebaya Modern;Pakaian;122500.0;22;0;2.8;2026-01-04;Jakarta;SELLER_007_2;6;1;1;2695000.0;Rp 122.500;Rp 2.695.000
PROD_0007;Kebaya Modern;Pakaian;123000.0;29;5;3.7;2026-01-05;Jakarta;SELLER_007_1;0;1;0;3388600.0;Rp 123.000;Rp 3.388.600
PROD_0008;Sarung Samarinda;Pakaian;118600.0;16;15;3.4;2025-10-08;Sumatera Utara;SELLER_008_2;2;10;0;1613000.0;Rp 118.600;Rp 1.613.000
PROD_0008;Sarung Samarinda;Pakaian;119700.0;21;0;4.4;2025-10-09;Sumatera Utara;SELLER_008_1;3;10;0;2513700.0;Rp 119.700;Rp 2.513.700
PROD_0008;Sarung Samarinda;Pakaian;111900.0;18;10;3.4;2025-10-10;Kalimantan Timur;SELLER_008_1;4;10;0;1812800.0;Rp 111.900;Rp 1.812.800
PROD_0008;Sarung Samarinda;Pakaian;116900.0;20;0;4.0;2025-10-11;Jakarta;SELLER_008_1;5;10;1;2338000.0;Rp 116.900;Rp 2.338.000
PROD_0008;Sarung Samarinda;Pakaian;111000.0;24;0;3.1;2025-10-12;Sumatera Utara;SELLER_008_3;6;10;1;2664000.0;Rp 111.000;Rp 2.664.000
PROD_0008;Sarung Samarinda;Pakaian;109000.0;18;0;3.9;2025-10-13;Jakarta;SELLER_008_1;0;10;0;1962000.0;Rp 109.000;Rp 1.962.000
PROD_0008;Sarung Samarinda;Pakaian;115500.0;24;0;3.1;2025-10-14;Jawa Timur;SELLER_008_2;1;10;0;2772000.0;Rp 115.500;Rp 2.772.000
PROD_0008;Sarung Samarinda;Pakaian;118100.0;21;0;3.6;2025-10-15;Sumatera Utara;SELLER_008_1;2;10;0;2480100.0;Rp 118.100;Rp 2.480.100
PROD_0008;Sarung Samarinda;Pakaian;110100.0;19;5;4.1;2025-10-16;Sumatera Utara;SELLER_008_3;3;10;0;1987300.0;Rp 110.100;Rp 1.987.300
PROD_0008;Sarung Samarinda;Pakaian;118600.0;11;0;3.1;2025-10-17;Sumatera Utara;SELLER_008_2;4;10;0;1304600.0;Rp 118.600;Rp 1.304.600
PROD_0008;Sarung Samarinda;Pakaian;109300.0;23;0;3.4;2025-10-18;Jawa Timur;SELLER_008_2;5;10;1;2513900.0;Rp 109.300;Rp 2.513.900
PROD_0008;Sarung Samarinda;Pakaian;116200.0;12;0;3.5;2025-10-19;Jawa Barat;SELLER_008_2;6;10;1;1394400.0;Rp 116.200;Rp 1.394.400
PROD_0008;Sarung Samarinda;Pakaian;109800.0;22;0;4.0;2025-10-20;Jawa Barat;SELLER_008_3;0;10;0;2415600.0;Rp 109.800;Rp 2.415.600
PROD_0008;Sarung Samarinda;Pakaian;110100.0;18;5;3.4;2025-10-21;Sumatera Utara;SELLER_008_2;1;10;0;1882700.0;Rp 110.100;Rp 1.882.700
PROD_0008;Sarung Samarinda;Pakaian;113500.0;18;0;3.0;2025-10-22;Jawa Timur;SELLER_008_2;2;10;0;2043000.0;Rp 113.500;Rp 2.043.000
PROD_0008;Sarung Samarinda;Pakaian;116300.0;18;0;3.1;2025-10-23;Jakarta;SELLER_008_3;3;10;0;2093400.0;Rp 116.300;Rp 2.093.400
PROD_0008;Sarung Samarinda;Pakaian;112500.0;23;10;4.0;2025-10-24;Sulawesi Selatan;SELLER_008_2;4;10;0;2328800.0;Rp 112.500;Rp 2.328.800
PROD_0008;Sarung Samarinda;Pakaian;116900.0;24;15;2.7;2025-10-25;Sumatera Utara;SELLER_008_3;5;10;1;2384800.0;Rp 116.900;Rp 2.384.800
PROD_0008;Sarung Samarinda;Pakaian;116900.0;19;0;3.4;2025-10-26;Jawa Timur;SELLER_008_2;6;10;1;2221100.0;Rp 116.900;Rp 2.221.100
PROD_0008;Sarung Samarinda;Pakaian;112900.0;15;15;3.8;2025-10-27;Sulawesi Selatan;SELLER_008_1;0;10;0;1439500.0;Rp 112.900;Rp 1.439.500
PROD_0008;Sarung Samarinda;Pakaian;119800.0;16;0;3.0;2025-10-28;Bali;SELLER_008_2;1;10;0;1916800.0;Rp 119.800;Rp 1.916.800
PROD_0008;Sarung Samarinda;Pakaian;119400.0;22;0;2.9;2025-10-29;Jakarta;SELLER_008_2;2;10;0;2626800.0;Rp 119.400;Rp 2.626.800
PROD_0008;Sarung Samarinda;Pakaian;112500.0;19;0;4.1;2025-10-30;Jawa Tengah;SELLER_008_2;3;10;0;2137500.0;Rp 112.500;Rp 2.137.500
PROD_0008;Sarung Samarinda;Pakaian;109100.0;19;0;2.9;2025-10-31;Jawa Barat;SELLER_008_1;4;10;0;2072900.0;Rp 109.100;Rp 2.072.900
PROD_0008;Sarung Samarinda;Pakaian;113300.0;22;5;3.2;2025-11-01;Bali;SELLER_008_1;5;11;1;2368000.0;Rp 113.300;Rp 2.368.000
PROD_0008;Sarung Samarinda;Pakaian;119000.0;22;0;2.4;2025-11-02;Jawa Tengah;SELLER_008_1;6;11;1;2618000.0;Rp 119.000;Rp 2.618.000
PROD_0008;Sarung Samarinda;Pakaian;116100.0;22;0;3.6;2025-11-03;Bali;SELLER_008_2;0;11;0;2554200.0;Rp 116.100;Rp 2.554.200
PROD_0008;Sarung Samarinda;Pakaian;115200.0;14;0;3.4;2025-11-04;Jakarta;SELLER_008_1;1;11;0;1612800.0;Rp 115.200;Rp 1.612.800
PROD_0008;Sarung Samarinda;Pakaian;116200.0;19;0;3.5;2025-11-05;Sulawesi Selatan;SELLER_008_3;2;11;0;2207800.0;Rp 116.200;Rp 2.207.800
PROD_0008;Sarung Samarinda;Pakaian;116800.0;16;0;3.8;2025-11-06;Sulawesi Selatan;SELLER_008_3;3;11;0;1868800.0;Rp 116.800;Rp 1.868.800
PROD_0008;Sarung Samarinda;Pakaian;115400.0;27;0;3.4;2025-11-07;Sumatera Utara;SELLER_008_3;4;11;0;3115800.0;Rp 115.400;Rp 3.115.800
PROD_0008;Sarung Samarinda;Pakaian;114100.0;17;5;3.3;2025-11-08;Sumatera Utara;SELLER_008_2;5;11;1;1842700.0;Rp 114.100;Rp 1.842.700
PROD_0008;Sarung Samarinda;Pakaian;110500.0;22;0;4.1;2025-11-09;Jakarta;SELLER_008_2;6;11;1;2431000.0;Rp 110.500;Rp 2.431.000
PROD_0008;Sarung Samarinda;Pakaian;117000.0;29;0;2.7;2025-11-10;Sulawesi Selatan;SELLER_008_3;0;11;0;3393000.0;Rp 117.000;Rp 3.393.000
PROD_0008;Sarung Samarinda;Pakaian;119700.0;34;0;3.5;2025-11-11;Jakarta;SELLER_008_2;1;11;0;4069800.0;Rp 119.700;Rp 4.069.800
PROD_0008;Sarung Samarinda;Pakaian;119200.0;14;10;3.1;2025-11-12;Jawa Tengah;SELLER_008_3;2;11;0;1501900.0;Rp 119.200;Rp 1.501.900
PROD_0008;Sarung Samarinda;Pakaian;119400.0;25;10;3.5;2025-11-13;Sulawesi Selatan;SELLER_008_3;3;11;0;2686500.0;Rp 119.400;Rp 2.686.500
PROD_0008;Sarung Samarinda;Pakaian;117300.0;19;0;4.1;2025-11-14;Sumatera Utara;SELLER_008_2;4;11;0;2228700.0;Rp 117.300;Rp 2.228.700
PROD_0008;Sarung Samarinda;Pakaian;109200.0;24;0;3.6;2025-11-15;Jawa Timur;SELLER_008_2;5;11;1;2620800.0;Rp 109.200;Rp 2.620.800
PROD_0008;Sarung Samarinda;Pakaian;119400.0;19;0;3.5;2025-11-16;Jawa Barat;SELLER_008_2;6;11;1;2268600.0;Rp 119.400;Rp 2.268.600
PROD_0008;Sarung Samarinda;Pakaian;116300.0;22;5;3.1;2025-11-17;Kalimantan Timur;SELLER_008_2;0;11;0;2430700.0;Rp 116.300;Rp 2.430.700
PROD_0008;Sarung Samarinda;Pakaian;116200.0;17;0;4.7;2025-11-18;Jawa Tengah;SELLER_008_1;1;11;0;1975400.0;Rp 116.200;Rp 1.975.400
PROD_0008;Sarung Samarinda;Pakaian;119000.0;25;0;3.3;2025-11-19;Sulawesi Selatan;SELLER_008_2;2;11;0;2975000.0;Rp 119.000;Rp 2.975.000
PROD_0008;Sarung Samarinda;Pakaian;119700.0;18;10;2.8;2025-11-20;Jawa Tengah;SELLER_008_2;3;11;0;1939100.0;Rp 119.700;Rp 1.939.100
PROD_0008;Sarung Samarinda;Pakaian;117200.0;18;0;3.4;2025-11-21;Jawa Timur;SELLER_008_3;4;11;0;2109600.0;Rp 117.200;Rp 2.109.600
PROD_0008;Sarung Samarinda;Pakaian;117600.0;22;0;3.1;2025-11-22;Jawa Barat;SELLER_008_2;5;11;1;2587200.0;Rp 117.600;Rp 2.587.200
PROD_0008;Sarung Samarinda;Pakaian;118500.0;23;0;2.9;2025-11-23;Jawa Timur;SELLER_008_3;6;11;1;2725500.0;Rp 118.500;Rp 2.725.500
PROD_0008;Sarung Samarinda;Pakaian;116400.0;20;0;4.2;2025-11-24;Jawa Timur;SELLER_008_2;0;11;0;2328000.0;Rp 116.400;Rp 2.328.000
PROD_0008;Sarung Samarinda;Pakaian;118000.0;16;0;3.7;2025-11-25;Jakarta;SELLER_008_1;1;11;0;1888000.0;Rp 118.000;Rp 1.888.000
PROD_0008;Sarung Samarinda;Pakaian;119600.0;14;10;2.0;2025-11-26;Jawa Barat;SELLER_008_2;2;11;0;1507000.0;Rp 119.600;Rp 1.507.000
PROD_0008;Sarung Samarinda;Pakaian;111200.0;18;0;4.1;2025-11-27;Jawa Tengah;SELLER_008_1;3;11;0;2001600.0;Rp 111.200;Rp 2.001.600
PROD_0008;Sarung Samarinda;Pakaian;111000.0;23;0;3.4;2025-11-28;Sumatera Utara;SELLER_008_1;4;11;0;2553000.0;Rp 111.000;Rp 2.553.000
PROD_0008;Sarung Samarinda;Pakaian;116600.0;22;0;3.8;2025-11-29;Sumatera Utara;SELLER_008_3;5;11;1;2565200.0;Rp 116.600;Rp 2.565.200
PROD_0008;Sarung Samarinda;Pakaian;114200.0;19;0;3.6;2025-11-30;Sulawesi Selatan;SELLER_008_3;6;11;1;2169800.0;Rp 114.200;Rp 2.169.800
PROD_0008;Sarung Samarinda;Pakaian;134300.0;29;0;3.6;2025-12-01;Jawa Tengah;SELLER_008_1;0;12;0;3894700.0;Rp 134.300;Rp 3.894.700
PROD_0008;Sarung Samarinda;Pakaian;135100.0;24;5;4.9;2025-12-02;Bali;SELLER_008_3;1;12;0;3080300.0;Rp 135.100;Rp 3.080.300
PROD_0008;Sarung Samarinda;Pakaian;130200.0;23;0;2.9;2025-12-03;Bali;SELLER_008_3;2;12;0;2994600.0;Rp 130.200;Rp 2.994.600
PROD_0008;Sarung Samarinda;Pakaian;132400.0;14;0;2.5;2025-12-04;Jawa Timur;SELLER_008_1;3;12;0;1853600.0;Rp 132.400;Rp 1.853.600
PROD_0008;Sarung Samarinda;Pakaian;128900.0;24;5;3.3;2025-12-05;Sulawesi Selatan;SELLER_008_1;4;12;0;2938900.0;Rp 128.900;Rp 2.938.900
PROD_0008;Sarung Samarinda;Pakaian;131800.0;22;5;3.1;2025-12-06;Jawa Barat;SELLER_008_2;5;12;1;2754600.0;Rp 131.800;Rp 2.754.600
PROD_0008;Sarung Samarinda;Pakaian;129100.0;25;0;4.0;2025-12-07;Jakarta;SELLER_008_1;6;12;1;3227500.0;Rp 129.100;Rp 3.227.500
PROD_0008;Sarung Samarinda;Pakaian;132700.0;20;0;3.4;2025-12-08;Jawa Barat;SELLER_008_2;0;12;0;2654000.0;Rp 132.700;Rp 2.654.000
PROD_0008;Sarung Samarinda;Pakaian;132600.0;18;10;2.5;2025-12-09;Bali;SELLER_008_2;1;12;0;2148100.0;Rp 132.600;Rp 2.148.100
PROD_0008;Sarung Samarinda;Pakaian;134400.0;27;0;2.6;2025-12-10;Kalimantan Timur;SELLER_008_2;2;12;0;3628800.0;Rp 134.400;Rp 3.628.800
PROD_0008;Sarung Samarinda;Pakaian;133300.0;13;0;3.4;2025-12-11;Jawa Tengah;SELLER_008_2;3;12;0;1732900.0;Rp 133.300;Rp 1.732.900
PROD_0008;Sarung Samarinda;Pakaian;133400.0;31;0;4.0;2025-12-12;Jawa Barat;SELLER_008_3;4;12;0;4135400.0;Rp 133.400;Rp 4.135.400
PROD_0008;Sarung Samarinda;Pakaian;131500.0;27;5;3.8;2025-12-13;Sumatera Utara;SELLER_008_1;5;12;1;3373000.0;Rp 131.500;Rp 3.373.000
PROD_0008;Sarung Samarinda;Pakaian;127600.0;25;0;3.5;2025-12-14;Bali;SELLER_008_1;6;12;1;3190000.0;Rp 127.600;Rp 3.190.000
PROD_0008;Sarung Samarinda;Pakaian;131100.0;28;0;3.8;2025-12-15;Jawa Tengah;SELLER_008_2;0;12;0;3670800.0;Rp 131.100;Rp 3.670.800
PROD_0008;Sarung Samarinda;Pakaian;128700.0;27;5;3.1;2025-12-16;Jawa Timur;SELLER_008_2;1;12;0;3301200.0;Rp 128.700;Rp 3.301.200
PROD_0008;Sarung Samarinda;Pakaian;135800.0;18;0;3.8;2025-12-17;Kalimantan Timur;SELLER_008_2;2;12;0;2444400.0;Rp 135.800;Rp 2.444.400
PROD_0008;Sarung Samarinda;Pakaian;138000.0;14;0;4.5;2025-12-18;Kalimantan Timur;SELLER_008_1;3;12;0;1932000.0;Rp 138.000;Rp 1.932.000
PROD_0008;Sarung Samarinda;Pakaian;133300.0;19;5;3.6;2025-12-19;Jawa Barat;SELLER_008_1;4;12;0;2406100.0;Rp 133.300;Rp 2.406.100
PROD_0008;Sarung Samarinda;Pakaian;125100.0;24;0;4.1;2025-12-20;Jawa Barat;SELLER_008_3;5;12;1;3002400.0;Rp 125.100;Rp 3.002.400
PROD_0008;Sarung Samarinda;Pakaian;126200.0;25;5;3.9;2025-12-21;Sulawesi Selatan;SELLER_008_2;6;12;1;2997200.0;Rp 126.200;Rp 2.997.200
PROD_0008;Sarung Samarinda;Pakaian;129900.0;23;0;4.3;2025-12-22;Jawa Tengah;SELLER_008_3;0;12;0;2987700.0;Rp 129.900;Rp 2.987.700
PROD_0008;Sarung Samarinda;Pakaian;125900.0;28;0;3.1;2025-12-23;Kalimantan Timur;SELLER_008_2;1;12;0;3525200.0;Rp 125.900;Rp 3.525.200
PROD_0008;Sarung Samarinda;Pakaian;133600.0;23;0;2.6;2025-12-24;Jakarta;SELLER_008_2;2;12;0;3072800.0;Rp 133.600;Rp 3.072.800
PROD_0008;Sarung Samarinda;Pakaian;134300.0;21;20;3.9;2025-12-25;Bali;SELLER_008_2;3;12;0;2256200.0;Rp 134.300;Rp 2.256.200
PROD_0008;Sarung Samarinda;Pakaian;127300.0;18;0;3.8;2025-12-26;Sulawesi Selatan;SELLER_008_1;4;12;0;2291400.0;Rp 127.300;Rp 2.291.400
PROD_0008;Sarung Samarinda;Pakaian;131000.0;25;0;3.2;2025-12-27;Sulawesi Selatan;SELLER_008_3;5;12;1;3275000.0;Rp 131.000;Rp 3.275.000
PROD_0008;Sarung Samarinda;Pakaian;129300.0;25;0;3.4;2025-12-28;Jakarta;SELLER_008_1;6;12;1;3232500.0;Rp 129.300;Rp 3.232.500
PROD_0008;Sarung Samarinda;Pakaian;129500.0;14;0;3.6;2025-12-29;Bali;SELLER_008_1;0;12;0;1813000.0;Rp 129.500;Rp 1.813.000
PROD_0008;Sarung Samarinda;Pakaian;132800.0;25;0;3.8;2025-12-30;Sumatera Utara;SELLER_008_2;1;12;0;3320000.0;Rp 132.800;Rp 3.320.000
PROD_0008;Sarung Samarinda;Pakaian;131700.0;32;0;3.4;2025-12-31;Jawa Barat;SELLER_008_3;2;12;0;4214400.0;Rp 131.700;Rp 4.214.400
PROD_0008;Sarung Samarinda;Pakaian;131200.0;21;0;3.0;2026-01-01;Bali;SELLER_008_3;3;1;0;2755200.0;Rp 131.200;Rp 2.755.200
PROD_0008;Sarung Samarinda;Pakaian;125100.0;27;0;2.8;2026-01-02;Jakarta;SELLER_008_3;4;1;0;3377700.0;Rp 125.100;Rp 3.377.700
PROD_0008;Sarung Samarinda;Pakaian;127600.0;32;0;3.2;2026-01-03;Jawa Tengah;SELLER_008_3;5;1;1;4083200.0;Rp 127.600;Rp 4.083.200
PROD_0008;Sarung Samarinda;Pakaian;130200.0;39;0;3.4;2026-01-04;Kalimantan Timur;SELLER_008_2;6;1;1;5077800.0;Rp 130.200;Rp 5.077.800
PROD_0008;Sarung Samarinda;Pakaian;133500.0;23;0;3.6;2026-01-05;Sulawesi Selatan;SELLER_008_3;0;1;0;3070500.0;Rp 133.500;Rp 3.070.500
PROD_0009;Tas Rotan;Kerajinan Tangan;49000.0;29;0;3.8;2025-10-08;Jawa Barat;SELLER_009_1;2;10;0;1421000.0;Rp 49.000;Rp 1.421.000
PROD_0009;Tas Rotan;Kerajinan Tangan;47200.0;21;0;3.2;2025-10-09;Jawa Timur;SELLER_009_2;3;10;0;991200.0;Rp 47.200;Rp 991.200
PROD_0009;Tas Rotan;Kerajinan Tangan;48400.0;24;15;3.5;2025-10-10;Jawa Tengah;SELLER_009_1;4;10;0;987400.0;Rp 48.400;Rp 987.400
PROD_0009;Tas Rotan;Kerajinan Tangan;45600.0;20;0;3.7;2025-10-11;Jawa Barat;SELLER_009_2;5;10;1;912000.0;Rp 45.600;Rp 912.000
PROD_0009;Tas Rotan;Kerajinan Tangan;45400.0;18;0;3.8;2025-10-12;Bali;SELLER_009_1;6;10;1;817200.0;Rp 45.400;Rp 817.200
PROD_0009;Tas Rotan;Kerajinan Tangan;47400.0;14;0;3.1;2025-10-13;Bali;SELLER_009_1;0;10;0;663600.0;Rp 47.400;Rp 663.600
PROD_0009;Tas Rotan;Kerajinan Tangan;48400.0;16;15;3.0;2025-10-14;Jawa Barat;SELLER_009_2;1;10;0;658200.0;Rp 48.400;Rp 658.200
PROD_0009;Tas Rotan;Kerajinan Tangan;48300.0;18;0;3.5;2025-10-15;Kalimantan Timur;SELLER_009_1;2;10;0;869400.0;Rp 48.300;Rp 869.400
PROD_0009;Tas Rotan;Kerajinan Tangan;45700.0;22;0;3.3;2025-10-16;Sumatera Utara;SELLER_009_2;3;10;0;1005400.0;Rp 45.700;Rp 1.005.400
PROD_0009;Tas Rotan;Kerajinan Tangan;47600.0;12;0;2.4;2025-10-17;Sulawesi Selatan;SELLER_009_2;4;10;0;571200.0;Rp 47.600;Rp 571.200
PROD_0009;Tas Rotan;Kerajinan Tangan;48100.0;28;0;3.8;2025-10-18;Jakarta;SELLER_009_1;5;10;1;1346800.0;Rp 48.100;Rp 1.346.800
PROD_0009;Tas Rotan;Kerajinan Tangan;47200.0;16;0;2.7;2025-10-19;Jawa Barat;SELLER_009_2;6;10;1;755200.0;Rp 47.200;Rp 755.200
PROD_0009;Tas Rotan;Kerajinan Tangan;48100.0;19;5;3.6;2025-10-20;Kalimantan Timur;SELLER_009_1;0;10;0;868200.0;Rp 48.100;Rp 868.200
PROD_0009;Tas Rotan;Kerajinan Tangan;46500.0;18;10;3.8;2025-10-21;Jawa Barat;SELLER_009_1;1;10;0;753300.0;Rp 46.500;Rp 753.300
PROD_0009;Tas Rotan;Kerajinan Tangan;48900.0;21;0;3.3;2025-10-22;Jakarta;SELLER_009_3;2;10;0;1026900.0;Rp 48.900;Rp 1.026.900
PROD_0009;Tas Rotan;Kerajinan Tangan;49200.0;16;0;3.3;2025-10-23;Jawa Barat;SELLER_009_1;3;10;0;787200.0;Rp 49.200;Rp 787.200
PROD_0009;Tas Rotan;Kerajinan Tangan;47700.0;30;0;3.1;2025-10-24;Sulawesi Selatan;SELLER_009_1;4;10;0;1431000.0;Rp 47.700;Rp 1.431.000
PROD_0009;Tas Rotan;Kerajinan Tangan;46800.0;25;15;3.0;2025-10-25;Jawa Timur;SELLER_009_3;5;10;1;994500.0;Rp 46.800;Rp 994.500
PROD_0009;Tas Rotan;Kerajinan Tangan;45800.0;24;0;4.3;2025-10-26;Bali;SELLER_009_2;6;10;1;1099200.0;Rp 45.800;Rp 1.099.200
PROD_0009;Tas Rotan;Kerajinan Tangan;47100.0;27;0;2.7;2025-10-27;Sulawesi Selatan;SELLER_009_1;0;10;0;1271700.0;Rp 47.100;Rp 1.271.700
PROD_0009;Tas Rotan;Kerajinan Tangan;48900.0;12;10;3.9;2025-10-28;Jakarta;SELLER_009_3;1;10;0;528100.0;Rp 48.900;Rp 528.100
PROD_0009;Tas Rotan;Kerajinan Tangan;49200.0;23;0;4.0;2025-10-29;Jawa Timur;SELLER_009_1;2;10;0;1131600.0;Rp 49.200;Rp 1.131.600
PROD_0009;Tas Rotan;Kerajinan Tangan;49800.0;14;0;3.6;2025-10-30;Jakarta;SELLER_009_3;3;10;0;697200.0;Rp 49.800;Rp 697.200
PROD_0009;Tas Rotan;Kerajinan Tangan;47700.0;18;0;3.1;2025-10-31;Kalimantan Timur;SELLER_009_3;4;10;0;858600.0;Rp 47.700;Rp 858.600
PROD_0009;Tas Rotan;Kerajinan Tangan;46900.0;19;0;2.1;2025-11-01;Jawa Timur;SELLER_009_2;5;11;1;891100.0;Rp 46.900;Rp 891.100
PROD_0009;Tas Rotan;Kerajinan Tangan;48300.0;26;0;3.8;2025-11-02;Kalimantan Timur;SELLER_009_1;6;11;1;1255800.0;Rp 48.300;Rp 1.255.800
PROD_0009;Tas Rotan;Kerajinan Tangan;45800.0;17;0;3.4;2025-11-03;Jawa Barat;SELLER_009_3;0;11;0;778600.0;Rp 45.800;Rp 778.600
PROD_0009;Tas Rotan;Kerajinan Tangan;49300.0;24;0;2.8;2025-11-04;Jawa Barat;SELLER_009_1;1;11;0;1183200.0;Rp 49.300;Rp 1.183.200
PROD_0009;Tas Rotan;Kerajinan Tangan;47700.0;19;0;3.8;2025-11-05;Jawa Tengah;SELLER_009_2;2;11;0;906300.0;Rp 47.700;Rp 906.300
PROD_0009;Tas Rotan;Kerajinan Tangan;48500.0;20;15;2.3;2025-11-06;Bali;SELLER_009_2;3;11;0;824500.0;Rp 48.500;Rp 824.500
PROD_0009;Tas Rotan;Kerajinan Tangan;48100.0;21;0;3.6;2025-11-07;Kalimantan Timur;SELLER_009_1;4;11;0;1010100.0;Rp 48.100;Rp 1.010.100
PROD_0009;Tas Rotan;Kerajinan Tangan;48600.0;22;0;2.8;2025-11-08;Jawa Tengah;SELLER_009_3;5;11;1;1069200.0;Rp 48.600;Rp 1.069.200
PROD_0009;Tas Rotan;Kerajinan Tangan;49300.0;18;5;4.7;2025-11-09;Jawa Tengah;SELLER_009_1;6;11;1;843000.0;Rp 49.300;Rp 843.000
PROD_0009;Tas Rotan;Kerajinan Tangan;47300.0;17;0;2.6;2025-11-10;Jawa Timur;SELLER_009_1;0;11;0;804100.0;Rp 47.300;Rp 804.100
PROD_0009;Tas Rotan;Kerajinan Tangan;45200.0;12;0;3.6;2025-11-11;Jawa Timur;SELLER_009_2;1;11;0;542400.0;Rp 45.200;Rp 542.400
PROD_0009;Tas Rotan;Kerajinan Tangan;49800.0;23;0;3.8;2025-11-12;Bali;SELLER_009_3;2;11;0;1145400.0;Rp 49.800;Rp 1.145.400
PROD_0009;Tas Rotan;Kerajinan Tangan;46500.0;17;0;3.6;2025-11-13;Jawa Barat;SELLER_009_1;3;11;0;790500.0;Rp 46.500;Rp 790.500
PROD_0009;Tas Rotan;Kerajinan Tangan;48800.0;15;0;3.8;2025-11-14;Kalimantan Timur;SELLER_009_2;4;11;0;732000.0;Rp 48.800;Rp 732.000
PROD_0009;Tas Rotan;Kerajinan Tangan;49000.0;20;0;3.4;2025-11-15;Sulawesi Selatan;SELLER_009_3;5;11;1;980000.0;Rp 49.000;Rp 980.000
PROD_0009;Tas Rotan;Kerajinan Tangan;49300.0;30;0;4.2;2025-11-16;Jawa Tengah;SELLER_009_1;6;11;1;1479000.0;Rp 49.300;Rp 1.479.000
PROD_0009;Tas Rotan;Kerajinan Tangan;46300.0;16;0;4.5;2025-11-17;Jawa Barat;SELLER_009_1;0;11;0;740800.0;Rp 46.300;Rp 740.800
PROD_0009;Tas Rotan;Kerajinan Tangan;46700.0;17;5;3.5;2025-11-18;Bali;SELLER_009_1;1;11;0;754200.0;Rp 46.700;Rp 754.200
PROD_0009;Tas Rotan;Kerajinan Tangan;47700.0;23;0;3.9;2025-11-19;Sumatera Utara;SELLER_009_1;2;11;0;1097100.0;Rp 47.700;Rp 1.097.100
PROD_0009;Tas Rotan;Kerajinan Tangan;48700.0;17;0;3.2;2025-11-20;Sulawesi Selatan;SELLER_009_2;3;11;0;827900.0;Rp 48.700;Rp 827.900
PROD_0009;Tas Rotan;Kerajinan Tangan;49300.0;31;10;3.9;2025-11-21;Jawa Barat;SELLER_009_1;4;11;0;1375500.0;Rp 49.300;Rp 1.375.500
PROD_0009;Tas Rotan;Kerajinan Tangan;47000.0;18;20;2.7;2025-11-22;Sumatera Utara;SELLER_009_2;5;11;1;676800.0;Rp 47.000;Rp 676.800
PROD_0009;Tas Rotan;Kerajinan Tangan;46800.0;24;0;3.5;2025-11-23;Jakarta;SELLER_009_2;6;11;1;1123200.0;Rp 46.800;Rp 1.123.200
PROD_0009;Tas Rotan;Kerajinan Tangan;49600.0;23;0;3.1;2025-11-24;Bali;SELLER_009_2;0;11;0;1140800.0;Rp 49.600;Rp 1.140.800
PROD_0009;Tas Rotan;Kerajinan Tangan;45600.0;22;0;3.8;2025-11-25;Bali;SELLER_009_2;1;11;0;1003200.0;Rp 45.600;Rp 1.003.200
PROD_0009;Tas Rotan;Kerajinan Tangan;45200.0;16;0;3.8;2025-11-26;Jakarta;SELLER_009_2;2;11;0;723200.0;Rp 45.200;Rp 723.200
PROD_0009;Tas Rotan;Kerajinan Tangan;45800.0;23;0;3.4;2025-11-27;Jawa Tengah;SELLER_009_2;3;11;0;1053400.0;Rp 45.800;Rp 1.053.400
PROD_0009;Tas Rotan;Kerajinan Tangan;48000.0;16;0;4.1;2025-11-28;Jawa Barat;SELLER_009_1;4;11;0;768000.0;Rp 48.000;Rp 768.000
PROD_0009;Tas Rotan;Kerajinan Tangan;46800.0;20;0;3.4;2025-11-29;Sulawesi Selatan;SELLER_009_2;5;11;1;936000.0;Rp 46.800;Rp 936.000
PROD_0009;Tas Rotan;Kerajinan Tangan;45200.0;22;5;3.6;2025-11-30;Sumatera Utara;SELLER_009_1;6;11;1;944700.0;Rp 45.200;Rp 944.700
PROD_0009;Tas Rotan;Kerajinan Tangan;56700.0;20;0;2.8;2025-12-01;Jawa Barat;SELLER_009_2;0;12;0;1134000.0;Rp 56.700;Rp 1.134.000
PROD_0009;Tas Rotan;Kerajinan Tangan;55100.0;26;0;3.7;2025-12-02;Jawa Barat;SELLER_009_3;1;12;0;1432600.0;Rp 55.100;Rp 1.432.600
PROD_0009;Tas Rotan;Kerajinan Tangan;52300.0;24;0;2.9;2025-12-03;Jawa Timur;SELLER_009_3;2;12;0;1255200.0;Rp 52.300;Rp 1.255.200
PROD_0009;Tas Rotan;Kerajinan Tangan;54100.0;20;0;3.4;2025-12-04;Bali;SELLER_009_1;3;12;0;1082000.0;Rp 54.100;Rp 1.082.000
PROD_0009;Tas Rotan;Kerajinan Tangan;55800.0;26;0;4.8;2025-12-05;Sulawesi Selatan;SELLER_009_3;4;12;0;1450800.0;Rp 55.800;Rp 1.450.800
PROD_0009;Tas Rotan;Kerajinan Tangan;57100.0;29;10;3.5;2025-12-06;Sulawesi Selatan;SELLER_009_2;5;12;1;1490300.0;Rp 57.100;Rp 1.490.300
PROD_0009;Tas Rotan;Kerajinan Tangan;52500.0;24;0;3.2;2025-12-07;Jawa Barat;SELLER_009_3;6;12;1;1260000.0;Rp 52.500;Rp 1.260.000
PROD_0009;Tas Rotan;Kerajinan Tangan;52700.0;18;0;3.1;2025-12-08;Jawa Timur;SELLER_009_2;0;12;0;948600.0;Rp 52.700;Rp 948.600
PROD_0009;Tas Rotan;Kerajinan Tangan;53600.0;18;10;3.9;2025-12-09;Jawa Barat;SELLER_009_3;1;12;0;868300.0;Rp 53.600;Rp 868.300
PROD_0009;Tas Rotan;Kerajinan Tangan;55000.0;20;0;3.3;2025-12-10;Jawa Tengah;SELLER_009_1;2;12;0;1100000.0;Rp 55.000;Rp 1.100.000
PROD_0009;Tas Rotan;Kerajinan Tangan;55600.0;23;10;4.5;2025-12-11;Sulawesi Selatan;SELLER_009_3;3;12;0;1150900.0;Rp 55.600;Rp 1.150.900
PROD_0009;Tas Rotan;Kerajinan Tangan;55300.0;31;10;2.9;2025-12-12;Sumatera Utara;SELLER_009_1;4;12;0;1542900.0;Rp 55.300;Rp 1.542.900
PROD_0009;Tas Rotan;Kerajinan Tangan;55200.0;26;0;3.2;2025-12-13;Sulawesi Selatan;SELLER_009_3;5;12;1;1435200.0;Rp 55.200;Rp 1.435.200
PROD_0009;Tas Rotan;Kerajinan Tangan;52000.0;32;0;3.9;2025-12-14;Sumatera Utara;SELLER_009_3;6;12;1;1664000.0;Rp 52.000;Rp 1.664.000
PROD_0009;Tas Rotan;Kerajinan Tangan;55800.0;8;0;3.3;2025-12-15;Jawa Barat;SELLER_009_2;0;12;0;446400.0;Rp 55.800;Rp 446.400
PROD_0009;Tas Rotan;Kerajinan Tangan;55800.0;35;5;4.2;2025-12-16;Jawa Tengah;SELLER_009_1;1;12;0;1855400.0;Rp 55.800;Rp 1.855.400
PROD_0009;Tas Rotan;Kerajinan Tangan;56600.0;24;0;3.8;2025-12-17;Jawa Barat;SELLER_009_3;2;12;0;1358400.0;Rp 56.600;Rp 1.358.400
PROD_0009;Tas Rotan;Kerajinan Tangan;54400.0;21;0;3.6;2025-12-18;Kalimantan Timur;SELLER_009_1;3;12;0;1142400.0;Rp 54.400;Rp 1.142.400
PROD_0009;Tas Rotan;Kerajinan Tangan;57400.0;23;0;3.5;2025-12-19;Kalimantan Timur;SELLER_009_2;4;12;0;1320200.0;Rp 57.400;Rp 1.320.200
PROD_0009;Tas Rotan;Kerajinan Tangan;56600.0;24;0;3.2;2025-12-20;Jawa Timur;SELLER_009_1;5;12;1;1358400.0;Rp 56.600;Rp 1.358.400
PROD_0009;Tas Rotan;Kerajinan Tangan;53100.0;27;20;3.9;2025-12-21;Bali;SELLER_009_1;6;12;1;1147000.0;Rp 53.100;Rp 1.147.000
PROD_0009;Tas Rotan;Kerajinan Tangan;55600.0;29;5;3.2;2025-12-22;Kalimantan Timur;SELLER_009_2;0;12;0;1531800.0;Rp 55.600;Rp 1.531.800
PROD_0009;Tas Rotan;Kerajinan Tangan;52100.0;18;0;2.7;2025-12-23;Jakarta;SELLER_009_2;1;12;0;937800.0;Rp 52.100;Rp 937.800
PROD_0009;Tas Rotan;Kerajinan Tangan;53500.0;19;0;2.6;2025-12-24;Bali;SELLER_009_2;2;12;0;1016500.0;Rp 53.500;Rp 1.016.500
PROD_0009;Tas Rotan;Kerajinan Tangan;56100.0;14;20;3.9;2025-12-25;Sumatera Utara;SELLER_009_2;3;12;0;628300.0;Rp 56.100;Rp 628.300
PROD_0009;Tas Rotan;Kerajinan Tangan;57300.0;13;0;3.2;2025-12-26;Jakarta;SELLER_009_2;4;12;0;744900.0;Rp 57.300;Rp 744.900
PROD_0009;Tas Rotan;Kerajinan Tangan;52600.0;20;0;3.9;2025-12-27;Sumatera Utara;SELLER_009_2;5;12;1;1052000.0;Rp 52.600;Rp 1.052.000
PROD_0009;Tas Rotan;Kerajinan Tangan;56400.0;26;0;2.6;2025-12-28;Sumatera Utara;SELLER_009_2;6;12;1;1466400.0;Rp 56.400;Rp 1.466.400
PROD_0009;Tas Rotan;Kerajinan Tangan;56300.0;28;15;3.6;2025-12-29;Sumatera Utara;SELLER_009_2;0;12;0;1339900.0;Rp 56.300;Rp 1.339.900
PROD_0009;Tas Rotan;Kerajinan Tangan;56700.0;20;0;3.8;2025-12-30;Sulawesi Selatan;SELLER_009_3;1;12;0;1134000.0;Rp 56.700;Rp 1.134.000
PROD_0009;Tas Rotan;Kerajinan Tangan;55200.0;28;0;3.7;2025-12-31;Jawa Barat;SELLER_009_3;2;12;0;1545600.0;Rp 55.200;Rp 1.545.600
PROD_0009;Tas Rotan;Kerajinan Tangan;55400.0;18;20;3.4;2026-01-01;Jawa Timur;SELLER_009_3;3;1;0;797800.0;Rp 55.400;Rp 797.800
PROD_0009;Tas Rotan;Kerajinan Tangan;56100.0;29;0;3.3;2026-01-02;Sumatera Utara;SELLER_009_3;4;1;0;1626900.0;Rp 56.100;Rp 1.626.900
PROD_0009;Tas Rotan;Kerajinan Tangan;54000.0;24;0;3.5;2026-01-03;Bali;SELLER_009_1;5;1;1;1296000.0;Rp 54.000;Rp 1.296.000
PROD_0009;Tas Rotan;Kerajinan Tangan;54000.0;22;0;3.2;2026-01-04;Sulawesi Selatan;SELLER_009_2;6;1;1;1188000.0;Rp 54.000;Rp 1.188.000
PROD_0009;Tas Rotan;Kerajinan Tangan;52100.0;23;0;3.8;2026-01-05;Sulawesi Selatan;SELLER_009_2;0;1;0;1198300.0;Rp 52.100;Rp 1.198.300
PROD_0010;Wayang Kulit;Kerajinan Tangan;82200.0;20;0;3.2;2025-10-08;Jawa Barat;SELLER_010_1;2;10;0;1644000.0;Rp 82.200;Rp 1.644.000
PROD_0010;Wayang Kulit;Kerajinan Tangan;85000.0;20;5;4.1;2025-10-09;Jawa Barat;SELLER_010_2;3;10;0;1615000.0;Rp 85.000;Rp 1.615.000
PROD_0010;Wayang Kulit;Kerajinan Tangan;85900.0;29;5;3.6;2025-10-10;Sulawesi Selatan;SELLER_010_2;4;10;0;2366500.0;Rp 85.900;Rp 2.366.500
PROD_0010;Wayang Kulit;Kerajinan Tangan;86300.0;15;0;3.2;2025-10-11;Jawa Tengah;SELLER_010_2;5;10;1;1294500.0;Rp 86.300;Rp 1.294.500
PROD_0010;Wayang Kulit;Kerajinan Tangan;88100.0;23;0;4.0;2025-10-12;Sumatera Utara;SELLER_010_1;6;10;1;2026300.0;Rp 88.100;Rp 2.026.300
PROD_0010;Wayang Kulit;Kerajinan Tangan;88300.0;26;10;3.4;2025-10-13;Kalimantan Timur;SELLER_010_3;0;10;0;2066200.0;Rp 88.300;Rp 2.066.200
PROD_0010;Wayang Kulit;Kerajinan Tangan;80100.0;21;0;4.3;2025-10-14;Jakarta;SELLER_010_3;1;10;0;1682100.0;Rp 80.100;Rp 1.682.100
PROD_0010;Wayang Kulit;Kerajinan Tangan;87800.0;13;0;3.1;2025-10-15;Sumatera Utara;SELLER_010_3;2;10;0;1141400.0;Rp 87.800;Rp 1.141.400
PROD_0010;Wayang Kulit;Kerajinan Tangan;80300.0;21;0;3.3;2025-10-16;Jawa Tengah;SELLER_010_1;3;10;0;1686300.0;Rp 80.300;Rp 1.686.300
PROD_0010;Wayang Kulit;Kerajinan Tangan;81200.0;22;5;3.6;2025-10-17;Jawa Tengah;SELLER_010_2;4;10;0;1697100.0;Rp 81.200;Rp 1.697.100
PROD_0010;Wayang Kulit;Kerajinan Tangan;84100.0;14;0;3.1;2025-10-18;Jawa Tengah;SELLER_010_2;5;10;1;1177400.0;Rp 84.100;Rp 1.177.400
PROD_0010;Wayang Kulit;Kerajinan Tangan;87900.0;25;0;3.3;2025-10-19;Jawa Barat;SELLER_010_1;6;10;1;2197500.0;Rp 87.900;Rp 2.197.500
PROD_0010;Wayang Kulit;Kerajinan Tangan;86800.0;20;0;3.3;2025-10-20;Jawa Barat;SELLER_010_3;0;10;0;1736000.0;Rp 86.800;Rp 1.736.000
PROD_0010;Wayang Kulit;Kerajinan Tangan;82500.0;19;0;3.7;2025-10-21;Jawa Barat;SELLER_010_2;1;10;0;1567500.0;Rp 82.500;Rp 1.567.500
PROD_0010;Wayang Kulit;Kerajinan Tangan;85100.0;27;15;4.0;2025-10-22;Jakarta;SELLER_010_2;2;10;0;1953000.0;Rp 85.100;Rp 1.953.000
PROD_0010;Wayang Kulit;Kerajinan Tangan;81100.0;22;0;4.0;2025-10-23;Jawa Timur;SELLER_010_3;3;10;0;1784200.0;Rp 81.100;Rp 1.784.200
PROD_0010;Wayang Kulit;Kerajinan Tangan;87500.0;31;10;3.5;2025-10-24;Jawa Barat;SELLER_010_1;4;10;0;2441200.0;Rp 87.500;Rp 2.441.200
PROD_0010;Wayang Kulit;Kerajinan Tangan;88300.0;30;0;3.3;2025-10-25;Jakarta;SELLER_010_2;5;10;1;2649000.0;Rp 88.300;Rp 2.649.000
PROD_0010;Wayang Kulit;Kerajinan Tangan;84800.0;20;0;3.1;2025-10-26;Jawa Barat;SELLER_010_2;6;10;1;1696000.0;Rp 84.800;Rp 1.696.000
PROD_0010;Wayang Kulit;Kerajinan Tangan;84600.0;23;0;3.3;2025-10-27;Jawa Tengah;SELLER_010_2;0;10;0;1945800.0;Rp 84.600;Rp 1.945.800
PROD_0010;Wayang Kulit;Kerajinan Tangan;83800.0;20;5;3.3;2025-10-28;Sulawesi Selatan;SELLER_010_2;1;10;0;1592200.0;Rp 83.800;Rp 1.592.200
PROD_0010;Wayang Kulit;Kerajinan Tangan;82300.0;25;0;3.9;2025-10-29;Jawa Timur;SELLER_010_3;2;10;0;2057500.0;Rp 82.300;Rp 2.057.500
PROD_0010;Wayang Kulit;Kerajinan Tangan;81800.0;27;0;3.4;2025-10-30;Bali;SELLER_010_1;3;10;0;2208600.0;Rp 81.800;Rp 2.208.600
PROD_0010;Wayang Kulit;Kerajinan Tangan;87400.0;23;0;3.6;2025-10-31;Kalimantan Timur;SELLER_010_3;4;10;0;2010200.0;Rp 87.400;Rp 2.010.200
PROD_0010;Wayang Kulit;Kerajinan Tangan;81900.0;18;0;3.6;2025-11-01;Kalimantan Timur;SELLER_010_2;5;11;1;1474200.0;Rp 81.900;Rp 1.474.200
PROD_0010;Wayang Kulit;Kerajinan Tangan;84000.0;20;20;3.7;2025-11-02;Sumatera Utara;SELLER_010_3;6;11;1;1344000.0;Rp 84.000;Rp 1.344.000
PROD_0010;Wayang Kulit;Kerajinan Tangan;84900.0;23;0;4.2;2025-11-03;Jawa Tengah;SELLER_010_3;0;11;0;1952700.0;Rp 84.900;Rp 1.952.700
PROD_0010;Wayang Kulit;Kerajinan Tangan;87000.0;26;0;3.3;2025-11-04;Jawa Barat;SELLER_010_2;1;11;0;2262000.0;Rp 87.000;Rp 2.262.000
PROD_0010;Wayang Kulit;Kerajinan Tangan;85600.0;24;0;3.7;2025-11-05;Bali;SELLER_010_3;2;11;0;2054400.0;Rp 85.600;Rp 2.054.400
PROD_0010;Wayang Kulit;Kerajinan Tangan;84600.0;17;10;3.8;2025-11-06;Sumatera Utara;SELLER_010_3;3;11;0;1294400.0;Rp 84.600;Rp 1.294.400
PROD_0010;Wayang Kulit;Kerajinan Tangan;88000.0;20;10;3.8;2025-11-07;Jawa Timur;SELLER_010_3;4;11;0;1584000.0;Rp 88.000;Rp 1.584.000
PROD_0010;Wayang Kulit;Kerajinan Tangan;83300.0;27;0;3.9;2025-11-08;Jawa Barat;SELLER_010_2;5;11;1;2249100.0;Rp 83.300;Rp 2.249.100
PROD_0010;Wayang Kulit;Kerajinan Tangan;87200.0;23;0;3.0;2025-11-09;Jawa Barat;SELLER_010_1;6;11;1;2005600.0;Rp 87.200;Rp 2.005.600
PROD_0010;Wayang Kulit;Kerajinan Tangan;84300.0;23;0;3.7;2025-11-10;Jakarta;SELLER_010_3;0;11;0;1938900.0;Rp 84.300;Rp 1.938.900
PROD_0010;Wayang Kulit;Kerajinan Tangan;84500.0;20;20;3.6;2025-11-11;Jawa Tengah;SELLER_010_3;1;11;0;1352000.0;Rp 84.500;Rp 1.352.000
PROD_0010;Wayang Kulit;Kerajinan Tangan;84000.0;15;0;4.1;2025-11-12;Bali;SELLER_010_1;2;11;0;1260000.0;Rp 84.000;Rp 1.260.000
PROD_0010;Wayang Kulit;Kerajinan Tangan;87000.0;24;0;3.2;2025-11-13;Kalimantan Timur;SELLER_010_2;3;11;0;2088000.0;Rp 87.000;Rp 2.088.000
PROD_0010;Wayang Kulit;Kerajinan Tangan;86000.0;29;0;2.6;2025-11-14;Sulawesi Selatan;SELLER_010_1;4;11;0;2494000.0;Rp 86.000;Rp 2.494.000
PROD_0010;Wayang Kulit;Kerajinan Tangan;81900.0;17;0;3.7;2025-11-15;Jakarta;SELLER_010_2;5;11;1;1392300.0;Rp 81.900;Rp 1.392.300
PROD_0010;Wayang Kulit;Kerajinan Tangan;87900.0;22;0;4.3;2025-11-16;Jakarta;SELLER_010_3;6;11;1;1933800.0;Rp 87.900;Rp 1.933.800
PROD_0010;Wayang Kulit;Kerajinan Tangan;84800.0;19;0;4.0;2025-11-17;Sumatera Utara;SELLER_010_1;0;11;0;1611200.0;Rp 84.800;Rp 1.611.200
PROD_0010;Wayang Kulit;Kerajinan Tangan;82200.0;14;0;4.1;2025-11-18;Sumatera Utara;SELLER_010_1;1;11;0;1150800.0;Rp 82.200;Rp 1.150.800
PROD_0010;Wayang Kulit;Kerajinan Tangan;85600.0;17;0;3.8;2025-11-19;Sulawesi Selatan;SELLER_010_2;2;11;0;1455200.0;Rp 85.600;Rp 1.455.200
PROD_0010;Wayang Kulit;Kerajinan Tangan;86100.0;19;10;3.4;2025-11-20;Sulawesi Selatan;SELLER_010_3;3;11;0;1472300.0;Rp 86.100;Rp 1.472.300
PROD_0010;Wayang Kulit;Kerajinan Tangan;85700.0;16;5;3.6;2025-11-21;Bali;SELLER_010_3;4;11;0;1302600.0;Rp 85.700;Rp 1.302.600
PROD_0010;Wayang Kulit;Kerajinan Tangan;81200.0;22;0;3.7;2025-11-22;Sumatera Utara;SELLER_010_2;5;11;1;1786400.0;Rp 81.200;Rp 1.786.400
PROD_0010;Wayang Kulit;Kerajinan Tangan;80100.0;17;0;4.0;2025-11-23;Jawa Barat;SELLER_010_2;6;11;1;1361700.0;Rp 80.100;Rp 1.361.700
PROD_0010;Wayang Kulit;Kerajinan Tangan;82300.0;22;0;3.7;2025-11-24;Jawa Timur;SELLER_010_3;0;11;0;1810600.0;Rp 82.300;Rp 1.810.600
PROD_0010;Wayang Kulit;Kerajinan Tangan;83800.0;20;0;2.9;2025-11-25;Bali;SELLER_010_1;1;11;0;1676000.0;Rp 83.800;Rp 1.676.000
PROD_0010;Wayang Kulit;Kerajinan Tangan;88300.0;17;5;4.2;2025-11-26;Bali;SELLER_010_1;2;11;0;1426000.0;Rp 88.300;Rp 1.426.000
PROD_0010;Wayang Kulit;Kerajinan Tangan;85500.0;15;0;4.6;2025-11-27;Bali;SELLER_010_1;3;11;0;1282500.0;Rp 85.500;Rp 1.282.500
PROD_0010;Wayang Kulit;Kerajinan Tangan;84500.0;21;10;4.3;2025-11-28;Sulawesi Selatan;SELLER_010_2;4;11;0;1597000.0;Rp 84.500;Rp 1.597.000
PROD_0010;Wayang Kulit;Kerajinan Tangan;85900.0;22;0;3.1;2025-11-29;Jawa Barat;SELLER_010_2;5;11;1;1889800.0;Rp 85.900;Rp 1.889.800
PROD_0010;Wayang Kulit;Kerajinan Tangan;81200.0;24;15;3.4;2025-11-30;Jakarta;SELLER_010_2;6;11;1;1656500.0;Rp 81.200;Rp 1.656.500
PROD_0010;Wayang Kulit;Kerajinan Tangan;95900.0;34;0;3.5;2025-12-01;Jawa Timur;SELLER_010_2;0;12;0;3260600.0;Rp 95.900;Rp 3.260.600
PROD_0010;Wayang Kulit;Kerajinan Tangan;96400.0;23;0;2.9;2025-12-02;Jawa Timur;SELLER_010_2;1;12;0;2217200.0;Rp 96.400;Rp 2.217.200
PROD_0010;Wayang Kulit;Kerajinan Tangan;97600.0;26;0;3.0;2025-12-03;Sumatera Utara;SELLER_010_2;2;12;0;2537600.0;Rp 97.600;Rp 2.537.600
PROD_0010;Wayang Kulit;Kerajinan Tangan;95800.0;25;5;2.9;2025-12-04;Jawa Timur;SELLER_010_3;3;12;0;2275200.0;Rp 95.800;Rp 2.275.200
PROD_0010;Wayang Kulit;Kerajinan Tangan;97600.0;18;5;3.7;2025-12-05;Sulawesi Selatan;SELLER_010_1;4;12;0;1669000.0;Rp 97.600;Rp 1.669.000
PROD_0010;Wayang Kulit;Kerajinan Tangan;100000.0;26;0;3.9;2025-12-06;Sulawesi Selatan;SELLER_010_3;5;12;1;2600000.0;Rp 100.000;Rp 2.600.000
PROD_0010;Wayang Kulit;Kerajinan Tangan;96500.0;27;0;3.2;2025-12-07;Sulawesi Selatan;SELLER_010_1;6;12;1;2605500.0;Rp 96.500;Rp 2.605.500
PROD_0010;Wayang Kulit;Kerajinan Tangan;101300.0;32;0;4.1;2025-12-08;Sulawesi Selatan;SELLER_010_3;0;12;0;3241600.0;Rp 101.300;Rp 3.241.600
PROD_0010;Wayang Kulit;Kerajinan Tangan;101500.0;24;0;4.1;2025-12-09;Sulawesi Selatan;SELLER_010_1;1;12;0;2436000.0;Rp 101.500;Rp 2.436.000
PROD_0010;Wayang Kulit;Kerajinan Tangan;96200.0;26;0;3.0;2025-12-10;Jawa Timur;SELLER_010_1;2;12;0;2501200.0;Rp 96.200;Rp 2.501.200
PROD_0010;Wayang Kulit;Kerajinan Tangan;100500.0;24;0;3.4;2025-12-11;Jawa Tengah;SELLER_010_1;3;12;0;2412000.0;Rp 100.500;Rp 2.412.000
PROD_0010;Wayang Kulit;Kerajinan Tangan;98800.0;28;15;4.0;2025-12-12;Bali;SELLER_010_3;4;12;0;2351400.0;Rp 98.800;Rp 2.351.400
PROD_0010;Wayang Kulit;Kerajinan Tangan;100400.0;21;10;2.5;2025-12-13;Jakarta;SELLER_010_2;5;12;1;1897600.0;Rp 100.400;Rp 1.897.600
PROD_0010;Wayang Kulit;Kerajinan Tangan;92100.0;34;0;3.1;2025-12-14;Jakarta;SELLER_010_1;6;12;1;3131400.0;Rp 92.100;Rp 3.131.400
PROD_0010;Wayang Kulit;Kerajinan Tangan;97300.0;26;0;3.0;2025-12-15;Sulawesi Selatan;SELLER_010_1;0;12;0;2529800.0;Rp 97.300;Rp 2.529.800
PROD_0010;Wayang Kulit;Kerajinan Tangan;95200.0;29;0;2.0;2025-12-16;Jawa Timur;SELLER_010_2;1;12;0;2760800.0;Rp 95.200;Rp 2.760.800
PROD_0010;Wayang Kulit;Kerajinan Tangan;98000.0;19;0;3.9;2025-12-17;Sulawesi Selatan;SELLER_010_3;2;12;0;1862000.0;Rp 98.000;Rp 1.862.000
PROD_0010;Wayang Kulit;Kerajinan Tangan;97000.0;20;0;4.4;2025-12-18;Bali;SELLER_010_1;3;12;0;1940000.0;Rp 97.000;Rp 1.940.000
PROD_0010;Wayang Kulit;Kerajinan Tangan;97800.0;23;10;4.1;2025-12-19;Sulawesi Selatan;SELLER_010_3;4;12;0;2024500.0;Rp 97.800;Rp 2.024.500
PROD_0010;Wayang Kulit;Kerajinan Tangan;94700.0;35;0;2.3;2025-12-20;Bali;SELLER_010_2;5;12;1;3314500.0;Rp 94.700;Rp 3.314.500
PROD_0010;Wayang Kulit;Kerajinan Tangan;99200.0;22;0;2.8;2025-12-21;Bali;SELLER_010_1;6;12;1;2182400.0;Rp 99.200;Rp 2.182.400
PROD_0010;Wayang Kulit;Kerajinan Tangan;92300.0;24;0;3.8;2025-12-22;Jawa Timur;SELLER_010_3;0;12;0;2215200.0;Rp 92.300;Rp 2.215.200
PROD_0010;Wayang Kulit;Kerajinan Tangan;97500.0;17;0;4.3;2025-12-23;Jawa Barat;SELLER_010_2;1;12;0;1657500.0;Rp 97.500;Rp 1.657.500
PROD_0010;Wayang Kulit;Kerajinan Tangan;95900.0;16;0;2.9;2025-12-24;Bali;SELLER_010_2;2;12;0;1534400.0;Rp 95.900;Rp 1.534.400
PROD_0010;Wayang Kulit;Kerajinan Tangan;92300.0;32;0;4.1;2025-12-25;Jawa Barat;SELLER_010_3;3;12;0;2953600.0;Rp 92.300;Rp 2.953.600
PROD_0010;Wayang Kulit;Kerajinan Tangan;95300.0;28;0;3.2;2025-12-26;Jawa Timur;SELLER_010_1;4;12;0;2668400.0;Rp 95.300;Rp 2.668.400
PROD_0010;Wayang Kulit;Kerajinan Tangan;99700.0;25;0;2.4;2025-12-27;Jakarta;SELLER_010_3;5;12;1;2492500.0;Rp 99.700;Rp 2.492.500
PROD_0010;Wayang Kulit;Kerajinan Tangan;100200.0;20;10;3.3;2025-12-28;Sumatera Utara;SELLER_010_2;6;12;1;1803600.0;Rp 100.200;Rp 1.803.600
PROD_0010;Wayang Kulit;Kerajinan Tangan;93300.0;20;5;3.8;2025-12-29;Jawa Barat;SELLER_010_2;0;12;0;1772700.0;Rp 93.300;Rp 1.772.700
PROD_0010;Wayang Kulit;Kerajinan Tangan;95300.0;20;5;3.2;2025-12-30;Jawa Tengah;SELLER_010_2;1;12;0;1810700.0;Rp 95.300;Rp 1.810.700
PROD_0010;Wayang Kulit;Kerajinan Tangan;100100.0;13;0;3.6;2025-12-31;Jawa Tengah;SELLER_010_2;2;12;0;1301300.0;Rp 100.100;Rp 1.301.300
PROD_0010;Wayang Kulit;Kerajinan Tangan;100300.0;27;0;3.1;2026-01-01;Sulawesi Selatan;SELLER_010_1;3;1;0;2708100.0;Rp 100.300;Rp 2.708.100
PROD_0010;Wayang Kulit;Kerajinan Tangan;94600.0;25;0;4.5;2026-01-02;Sumatera Utara;SELLER_010_3;4;1;0;2365000.0;Rp 94.600;Rp 2.365.000
PROD_0010;Wayang Kulit;Kerajinan Tangan;94800.0;20;0;3.8;2026-01-03;Jawa Timur;SELLER_010_2;5;1;1;1896000.0;Rp 94.800;Rp 1.896.000
PROD_0010;Wayang Kulit;Kerajinan Tangan;95500.0;25;5;3.2;2026-01-04;Kalimantan Timur;SELLER_010_3;6;1;1;2268100.0;Rp 95.500;Rp 2.268.100
PROD_0010;Wayang Kulit;Kerajinan Tangan;93900.0;27;0;3.3;2026-01-05;Sumatera Utara;SELLER_010_1;0;1;0;2535300.0;Rp 93.900;Rp 2.535.300
PROD_0011;Ukiran Jepara;Kerajinan Tangan;114600.0;23;0;3.6;2025-10-08;Kalimantan Timur;SELLER_011_1;2;10;0;2635800.0;Rp 114.600;Rp 2.635.800
PROD_0011;Ukiran Jepara;Kerajinan Tangan;125500.0;17;10;3.7;2025-10-09;Bali;SELLER_011_3;3;10;0;1920200.0;Rp 125.500;Rp 1.920.200
PROD_0011;Ukiran Jepara;Kerajinan Tangan;122400.0;17;0;3.9;2025-10-10;Sulawesi Selatan;SELLER_011_3;4;10;0;2080800.0;Rp 122.400;Rp 2.080.800
PROD_0011;Ukiran Jepara;Kerajinan Tangan;124500.0;16;0;3.9;2025-10-11;Sumatera Utara;SELLER_011_2;5;10;1;1992000.0;Rp 124.500;Rp 1.992.000
PROD_0011;Ukiran Jepara;Kerajinan Tangan;125300.0;16;0;3.0;2025-10-12;Jawa Barat;SELLER_011_3;6;10;1;2004800.0;Rp 125.300;Rp 2.004.800
PROD_0011;Ukiran Jepara;Kerajinan Tangan;124700.0;20;0;3.6;2025-10-13;Jawa Timur;SELLER_011_3;0;10;0;2494000.0;Rp 124.700;Rp 2.494.000
PROD_0011;Ukiran Jepara;Kerajinan Tangan;123100.0;26;5;2.9;2025-10-14;Jawa Tengah;SELLER_011_1;1;10;0;3040600.0;Rp 123.100;Rp 3.040.600
PROD_0011;Ukiran Jepara;Kerajinan Tangan;119300.0;30;0;2.9;2025-10-15;Jakarta;SELLER_011_3;2;10;0;3579000.0;Rp 119.300;Rp 3.579.000
PROD_0011;Ukiran Jepara;Kerajinan Tangan;118200.0;17;0;3.6;2025-10-16;Jakarta;SELLER_011_1;3;10;0;2009400.0;Rp 118.200;Rp 2.009.400
PROD_0011;Ukiran Jepara;Kerajinan Tangan;118200.0;24;0;3.4;2025-10-17;Sumatera Utara;SELLER_011_2;4;10;0;2836800.0;Rp 118.200;Rp 2.836.800
PROD_0011;Ukiran Jepara;Kerajinan Tangan;124900.0;24;0;3.6;2025-10-18;Kalimantan Timur;SELLER_011_3;5;10;1;2997600.0;Rp 124.900;Rp 2.997.600
PROD_0011;Ukiran Jepara;Kerajinan Tangan;119100.0;16;0;4.4;2025-10-19;Jawa Tengah;SELLER_011_1;6;10;1;1905600.0;Rp 119.100;Rp 1.905.600
PROD_0011;Ukiran Jepara;Kerajinan Tangan;115300.0;18;0;3.7;2025-10-20;Sumatera Utara;SELLER_011_2;0;10;0;2075400.0;Rp 115.300;Rp 2.075.400
PROD_0011;Ukiran Jepara;Kerajinan Tangan;118000.0;24;0;3.5;2025-10-21;Jawa Tengah;SELLER_011_2;1;10;0;2832000.0;Rp 118.000;Rp 2.832.000
PROD_0011;Ukiran Jepara;Kerajinan Tangan;125400.0;27;0;4.4;2025-10-22;Jawa Tengah;SELLER_011_3;2;10;0;3385800.0;Rp 125.400;Rp 3.385.800
PROD_0011;Ukiran Jepara;Kerajinan Tangan;115400.0;17;5;3.4;2025-10-23;Sumatera Utara;SELLER_011_1;3;10;0;1863700.0;Rp 115.400;Rp 1.863.700
PROD_0011;Ukiran Jepara;Kerajinan Tangan;115400.0;17;20;3.2;2025-10-24;Kalimantan Timur;SELLER_011_3;4;10;0;1569400.0;Rp 115.400;Rp 1.569.400
PROD_0011;Ukiran Jepara;Kerajinan Tangan;119100.0;18;0;3.9;2025-10-25;Sumatera Utara;SELLER_011_1;5;10;1;2143800.0;Rp 119.100;Rp 2.143.800
PROD_0011;Ukiran Jepara;Kerajinan Tangan;120200.0;15;5;3.2;2025-10-26;Sulawesi Selatan;SELLER_011_1;6;10;1;1712800.0;Rp 120.200;Rp 1.712.800
PROD_0011;Ukiran Jepara;Kerajinan Tangan;116000.0;15;5;3.1;2025-10-27;Bali;SELLER_011_1;0;10;0;1653000.0;Rp 116.000;Rp 1.653.000
PROD_0011;Ukiran Jepara;Kerajinan Tangan;115500.0;26;10;3.5;2025-10-28;Sulawesi Selatan;SELLER_011_2;1;10;0;2702700.0;Rp 115.500;Rp 2.702.700
PROD_0011;Ukiran Jepara;Kerajinan Tangan;124500.0;19;0;4.0;2025-10-29;Jawa Barat;SELLER_011_1;2;10;0;2365500.0;Rp 124.500;Rp 2.365.500
PROD_0011;Ukiran Jepara;Kerajinan Tangan;121700.0;22;0;3.1;2025-10-30;Jawa Tengah;SELLER_011_2;3;10;0;2677400.0;Rp 121.700;Rp 2.677.400
PROD_0011;Ukiran Jepara;Kerajinan Tangan;117900.0;22;0;4.2;2025-10-31;Jawa Barat;SELLER_011_1;4;10;0;2593800.0;Rp 117.900;Rp 2.593.800
PROD_0011;Ukiran Jepara;Kerajinan Tangan;124200.0;30;5;3.2;2025-11-01;Jakarta;SELLER_011_2;5;11;1;3539700.0;Rp 124.200;Rp 3.539.700
PROD_0011;Ukiran Jepara;Kerajinan Tangan;123200.0;26;0;3.3;2025-11-02;Sumatera Utara;SELLER_011_3;6;11;1;3203200.0;Rp 123.200;Rp 3.203.200
PROD_0011;Ukiran Jepara;Kerajinan Tangan;122000.0;23;0;4.0;2025-11-03;Jawa Tengah;SELLER_011_1;0;11;0;2806000.0;Rp 122.000;Rp 2.806.000
PROD_0011;Ukiran Jepara;Kerajinan Tangan;118100.0;21;5;4.1;2025-11-04;Jawa Timur;SELLER_011_1;1;11;0;2356100.0;Rp 118.100;Rp 2.356.100
PROD_0011;Ukiran Jepara;Kerajinan Tangan;114000.0;16;5;4.3;2025-11-05;Jawa Timur;SELLER_011_1;2;11;0;1732800.0;Rp 114.000;Rp 1.732.800
PROD_0011;Ukiran Jepara;Kerajinan Tangan;121400.0;17;5;4.6;2025-11-06;Sulawesi Selatan;SELLER_011_1;3;11;0;1960600.0;Rp 121.400;Rp 1.960.600
PROD_0011;Ukiran Jepara;Kerajinan Tangan;125000.0;23;0;3.5;2025-11-07;Jawa Barat;SELLER_011_2;4;11;0;2875000.0;Rp 125.000;Rp 2.875.000
PROD_0011;Ukiran Jepara;Kerajinan Tangan;123600.0;22;0;3.4;2025-11-08;Bali;SELLER_011_3;5;11;1;2719200.0;Rp 123.600;Rp 2.719.200
PROD_0011;Ukiran Jepara;Kerajinan Tangan;119200.0;25;15;3.7;2025-11-09;Jawa Barat;SELLER_011_2;6;11;1;2533000.0;Rp 119.200;Rp 2.533.000
PROD_0011;Ukiran Jepara;Kerajinan Tangan;123900.0;22;20;4.2;2025-11-10;Kalimantan Timur;SELLER_011_3;0;11;0;2180600.0;Rp 123.900;Rp 2.180.600
PROD_0011;Ukiran Jepara;Kerajinan Tangan;116400.0;28;0;4.4;2025-11-11;Sulawesi Selatan;SELLER_011_2;1;11;0;3259200.0;Rp 116.400;Rp 3.259.200
PROD_0011;Ukiran Jepara;Kerajinan Tangan;119200.0;21;0;3.3;2025-11-12;Jawa Barat;SELLER_011_3;2;11;0;2503200.0;Rp 119.200;Rp 2.503.200
PROD_0011;Ukiran Jepara;Kerajinan Tangan;114200.0;20;10;3.6;2025-11-13;Bali;SELLER_011_3;3;11;0;2055600.0;Rp 114.200;Rp 2.055.600
PROD_0011;Ukiran Jepara;Kerajinan Tangan;116800.0;15;0;3.3;2025-11-14;Jawa Barat;SELLER_011_2;4;11;0;1752000.0;Rp 116.800;Rp 1.752.000
PROD_0011;Ukiran Jepara;Kerajinan Tangan;121400.0;25;0;3.5;2025-11-15;Jakarta;SELLER_011_2;5;11;1;3035000.0;Rp 121.400;Rp 3.035.000
PROD_0011;Ukiran Jepara;Kerajinan Tangan;120100.0;26;20;4.2;2025-11-16;Jawa Tengah;SELLER_011_1;6;11;1;2498100.0;Rp 120.100;Rp 2.498.100
PROD_0011;Ukiran Jepara;Kerajinan Tangan;123000.0;27;0;3.3;2025-11-17;Sumatera Utara;SELLER_011_3;0;11;0;3321000.0;Rp 123.000;Rp 3.321.000
PROD_0011;Ukiran Jepara;Kerajinan Tangan;124900.0;17;0;3.7;2025-11-18;Bali;SELLER_011_2;1;11;0;2123300.0;Rp 124.900;Rp 2.123.300
PROD_0011;Ukiran Jepara;Kerajinan Tangan;123800.0;27;0;3.2;2025-11-19;Jawa Timur;SELLER_011_3;2;11;0;3342600.0;Rp 123.800;Rp 3.342.600
PROD_0011;Ukiran Jepara;Kerajinan Tangan;123300.0;24;0;3.2;2025-11-20;Jawa Tengah;SELLER_011_1;3;11;0;2959200.0;Rp 123.300;Rp 2.959.200
PROD_0011;Ukiran Jepara;Kerajinan Tangan;114100.0;18;5;4.1;2025-11-21;Kalimantan Timur;SELLER_011_2;4;11;0;1951100.0;Rp 114.100;Rp 1.951.100
PROD_0011;Ukiran Jepara;Kerajinan Tangan;113900.0;24;0;4.2;2025-11-22;Sumatera Utara;SELLER_011_2;5;11;1;2733600.0;Rp 113.900;Rp 2.733.600
PROD_0011;Ukiran Jepara;Kerajinan Tangan;115100.0;19;10;3.6;2025-11-23;Jawa Tengah;SELLER_011_3;6;11;1;1968200.0;Rp 115.100;Rp 1.968.200
PROD_0011;Ukiran Jepara;Kerajinan Tangan;123900.0;22;0;3.4;2025-11-24;Jawa Barat;SELLER_011_2;0;11;0;2725800.0;Rp 123.900;Rp 2.725.800
PROD_0011;Ukiran Jepara;Kerajinan Tangan;118100.0;27;0;4.0;2025-11-25;Jawa Barat;SELLER_011_1;1;11;0;3188700.0;Rp 118.100;Rp 3.188.700
PROD_0011;Ukiran Jepara;Kerajinan Tangan;118200.0;18;0;3.0;2025-11-26;Jawa Timur;SELLER_011_2;2;11;0;2127600.0;Rp 118.200;Rp 2.127.600
PROD_0011;Ukiran Jepara;Kerajinan Tangan;121900.0;14;0;3.4;2025-11-27;Jawa Barat;SELLER_011_3;3;11;0;1706600.0;Rp 121.900;Rp 1.706.600
PROD_0011;Ukiran Jepara;Kerajinan Tangan;125100.0;16;5;2.8;2025-11-28;Sumatera Utara;SELLER_011_3;4;11;0;1901500.0;Rp 125.100;Rp 1.901.500
PROD_0011;Ukiran Jepara;Kerajinan Tangan;123800.0;18;5;3.6;2025-11-29;Sumatera Utara;SELLER_011_2;5;11;1;2117000.0;Rp 123.800;Rp 2.117.000
PROD_0011;Ukiran Jepara;Kerajinan Tangan;115600.0;18;0;4.1;2025-11-30;Sulawesi Selatan;SELLER_011_3;6;11;1;2080800.0;Rp 115.600;Rp 2.080.800
PROD_0011;Ukiran Jepara;Kerajinan Tangan;133300.0;26;0;4.1;2025-12-01;Jawa Tengah;SELLER_011_1;0;12;0;3465800.0;Rp 133.300;Rp 3.465.800
PROD_0011;Ukiran Jepara;Kerajinan Tangan;143900.0;23;15;3.1;2025-12-02;Jakarta;SELLER_011_3;1;12;0;2813200.0;Rp 143.900;Rp 2.813.200
PROD_0011;Ukiran Jepara;Kerajinan Tangan;135800.0;24;0;4.6;2025-12-03;Jawa Timur;SELLER_011_2;2;12;0;3259200.0;Rp 135.800;Rp 3.259.200
PROD_0011;Ukiran Jepara;Kerajinan Tangan;139900.0;28;0;2.1;2025-12-04;Sumatera Utara;SELLER_011_3;3;12;0;3917200.0;Rp 139.900;Rp 3.917.200
PROD_0011;Ukiran Jepara;Kerajinan Tangan;143600.0;26;0;3.4;2025-12-05;Jawa Tengah;SELLER_011_3;4;12;0;3733600.0;Rp 143.600;Rp 3.733.600
PROD_0011;Ukiran Jepara;Kerajinan Tangan;131600.0;32;0;2.2;2025-12-06;Sulawesi Selatan;SELLER_011_1;5;12;1;4211200.0;Rp 131.600;Rp 4.211.200
PROD_0011;Ukiran Jepara;Kerajinan Tangan;142900.0;22;0;2.7;2025-12-07;Jakarta;SELLER_011_1;6;12;1;3143800.0;Rp 142.900;Rp 3.143.800
PROD_0011;Ukiran Jepara;Kerajinan Tangan;136200.0;17;0;3.2;2025-12-08;Jakarta;SELLER_011_3;0;12;0;2315400.0;Rp 136.200;Rp 2.315.400
PROD_0011;Ukiran Jepara;Kerajinan Tangan;140100.0;20;0;3.2;2025-12-09;Jakarta;SELLER_011_1;1;12;0;2802000.0;Rp 140.100;Rp 2.802.000
PROD_0011;Ukiran Jepara;Kerajinan Tangan;142300.0;23;0;3.9;2025-12-10;Bali;SELLER_011_2;2;12;0;3272900.0;Rp 142.300;Rp 3.272.900
PROD_0011;Ukiran Jepara;Kerajinan Tangan;144300.0;17;0;3.1;2025-12-11;Jakarta;SELLER_011_2;3;12;0;2453100.0;Rp 144.300;Rp 2.453.100
PROD_0011;Ukiran Jepara;Kerajinan Tangan;130900.0;23;0;3.7;2025-12-12;Sumatera Utara;SELLER_011_3;4;12;0;3010700.0;Rp 130.900;Rp 3.010.700
PROD_0011;Ukiran Jepara;Kerajinan Tangan;130700.0;22;10;3.4;2025-12-13;Sumatera Utara;SELLER_011_3;5;12;1;2587900.0;Rp 130.700;Rp 2.587.900
PROD_0011;Ukiran Jepara;Kerajinan Tangan;138100.0;22;0;3.8;2025-12-14;Sumatera Utara;SELLER_011_3;6;12;1;3038200.0;Rp 138.100;Rp 3.038.200
PROD_0011;Ukiran Jepara;Kerajinan Tangan;139800.0;31;0;2.9;2025-12-15;Bali;SELLER_011_3;0;12;0;4333800.0;Rp 139.800;Rp 4.333.800
PROD_0011;Ukiran Jepara;Kerajinan Tangan;132000.0;18;0;3.6;2025-12-16;Jawa Barat;SELLER_011_2;1;12;0;2376000.0;Rp 132.000;Rp 2.376.000
PROD_0011;Ukiran Jepara;Kerajinan Tangan;134000.0;21;10;2.8;2025-12-17;Bali;SELLER_011_1;2;12;0;2532600.0;Rp 134.000;Rp 2.532.600
PROD_0011;Ukiran Jepara;Kerajinan Tangan;142600.0;28;0;2.9;2025-12-18;Jakarta;SELLER_011_1;3;12;0;3992800.0;Rp 142.600;Rp 3.992.800
PROD_0011;Ukiran Jepara;Kerajinan Tangan;139500.0;19;0;3.6;2025-12-19;Sulawesi Selatan;SELLER_011_3;4;12;0;2650500.0;Rp 139.500;Rp 2.650.500
PROD_0011;Ukiran Jepara;Kerajinan Tangan;142900.0;26;5;2.9;2025-12-20;Jakarta;SELLER_011_1;5;12;1;3529600.0;Rp 142.900;Rp 3.529.600
PROD_0011;Ukiran Jepara;Kerajinan Tangan;142000.0;24;0;2.8;2025-12-21;Jawa Timur;SELLER_011_1;6;12;1;3408000.0;Rp 142.000;Rp 3.408.000
PROD_0011;Ukiran Jepara;Kerajinan Tangan;132800.0;26;20;4.0;2025-12-22;Jawa Tengah;SELLER_011_2;0;12;0;2762200.0;Rp 132.800;Rp 2.762.200
PROD_0011;Ukiran Jepara;Kerajinan Tangan;134900.0;21;0;3.4;2025-12-23;Jawa Tengah;SELLER_011_2;1;12;0;2832900.0;Rp 134.900;Rp 2.832.900
PROD_0011;Ukiran Jepara;Kerajinan Tangan;134800.0;11;10;3.5;2025-12-24;Sulawesi Selatan;SELLER_011_3;2;12;0;1334500.0;Rp 134.800;Rp 1.334.500
PROD_0011;Ukiran Jepara;Kerajinan Tangan;134100.0;18;10;3.9;2025-12-25;Kalimantan Timur;SELLER_011_3;3;12;0;2172400.0;Rp 134.100;Rp 2.172.400
PROD_0011;Ukiran Jepara;Kerajinan Tangan;132000.0;23;0;3.5;2025-12-26;Jawa Tengah;SELLER_011_3;4;12;0;3036000.0;Rp 132.000;Rp 3.036.000
PROD_0011;Ukiran Jepara;Kerajinan Tangan;135000.0;21;0;3.3;2025-12-27;Kalimantan Timur;SELLER_011_3;5;12;1;2835000.0;Rp 135.000;Rp 2.835.000
PROD_0011;Ukiran Jepara;Kerajinan Tangan;140000.0;21;10;3.6;2025-12-28;Kalimantan Timur;SELLER_011_1;6;12;1;2646000.0;Rp 140.000;Rp 2.646.000
PROD_0011;Ukiran Jepara;Kerajinan Tangan;135500.0;19;0;4.0;2025-12-29;Jawa Tengah;SELLER_011_1;0;12;0;2574500.0;Rp 135.500;Rp 2.574.500
PROD_0011;Ukiran Jepara;Kerajinan Tangan;133500.0;16;0;4.2;2025-12-30;Jawa Barat;SELLER_011_2;1;12;0;2136000.0;Rp 133.500;Rp 2.136.000
PROD_0011;Ukiran Jepara;Kerajinan Tangan;132300.0;18;0;3.5;2025-12-31;Kalimantan Timur;SELLER_011_1;2;12;0;2381400.0;Rp 132.300;Rp 2.381.400
PROD_0011;Ukiran Jepara;Kerajinan Tangan;132400.0;14;0;3.4;2026-01-01;Jawa Timur;SELLER_011_1;3;1;0;1853600.0;Rp 132.400;Rp 1.853.600
PROD_0011;Ukiran Jepara;Kerajinan Tangan;143900.0;28;15;2.7;2026-01-02;Jawa Timur;SELLER_011_2;4;1;0;3424800.0;Rp 143.900;Rp 3.424.800
PROD_0011;Ukiran Jepara;Kerajinan Tangan;137000.0;26;0;3.3;2026-01-03;Jawa Tengah;SELLER_011_2;5;1;1;3562000.0;Rp 137.000;Rp 3.562.000
PROD_0011;Ukiran Jepara;Kerajinan Tangan;142300.0;21;0;4.1;2026-01-04;Sulawesi Selatan;SELLER_011_1;6;1;1;2988300.0;Rp 142.300;Rp 2.988.300
PROD_0011;Ukiran Jepara;Kerajinan Tangan;143400.0;23;0;3.9;2026-01-05;Bali;SELLER_011_1;0;1;0;3298200.0;Rp 143.400;Rp 3.298.200
PROD_0012;Anyaman Bambu;Kerajinan Tangan;154000.0;25;0;3.7;2025-10-08;Kalimantan Timur;SELLER_012_3;2;10;0;3850000.0;Rp 154.000;Rp 3.850.000
PROD_0012;Anyaman Bambu;Kerajinan Tangan;144600.0;19;0;4.2;2025-10-09;Kalimantan Timur;SELLER_012_1;3;10;0;2747400.0;Rp 144.600;Rp 2.747.400
PROD_0012;Anyaman Bambu;Kerajinan Tangan;153800.0;26;0;4.0;2025-10-10;Jawa Tengah;SELLER_012_3;4;10;0;3998800.0;Rp 153.800;Rp 3.998.800
PROD_0012;Anyaman Bambu;Kerajinan Tangan;153400.0;28;0;4.0;2025-10-11;Jakarta;SELLER_012_1;5;10;1;4295200.0;Rp 153.400;Rp 4.295.200
PROD_0012;Anyaman Bambu;Kerajinan Tangan;142900.0;25;0;3.9;2025-10-12;Sumatera Utara;SELLER_012_3;6;10;1;3572500.0;Rp 142.900;Rp 3.572.500
PROD_0012;Anyaman Bambu;Kerajinan Tangan;151700.0;15;0;3.4;2025-10-13;Sumatera Utara;SELLER_012_1;0;10;0;2275500.0;Rp 151.700;Rp 2.275.500
PROD_0012;Anyaman Bambu;Kerajinan Tangan;147900.0;15;0;4.4;2025-10-14;Sumatera Utara;SELLER_012_3;1;10;0;2218500.0;Rp 147.900;Rp 2.218.500
PROD_0012;Anyaman Bambu;Kerajinan Tangan;148900.0;30;0;4.5;2025-10-15;Bali;SELLER_012_3;2;10;0;4467000.0;Rp 148.900;Rp 4.467.000
PROD_0012;Anyaman Bambu;Kerajinan Tangan;148900.0;12;0;3.6;2025-10-16;Jakarta;SELLER_012_1;3;10;0;1786800.0;Rp 148.900;Rp 1.786.800
PROD_0012;Anyaman Bambu;Kerajinan Tangan;141900.0;26;5;4.5;2025-10-17;Bali;SELLER_012_1;4;10;0;3504900.0;Rp 141.900;Rp 3.504.900
PROD_0012;Anyaman Bambu;Kerajinan Tangan;154000.0;23;5;3.9;2025-10-18;Bali;SELLER_012_1;5;10;1;3364900.0;Rp 154.000;Rp 3.364.900
PROD_0012;Anyaman Bambu;Kerajinan Tangan;152900.0;26;0;3.5;2025-10-19;Bali;SELLER_012_1;6;10;1;3975400.0;Rp 152.900;Rp 3.975.400
PROD_0012;Anyaman Bambu;Kerajinan Tangan;152600.0;12;5;3.1;2025-10-20;Sulawesi Selatan;SELLER_012_3;0;10;0;1739600.0;Rp 152.600;Rp 1.739.600
PROD_0012;Anyaman Bambu;Kerajinan Tangan;148500.0;21;10;3.3;2025-10-21;Jawa Tengah;SELLER_012_2;1;10;0;2806600.0;Rp 148.500;Rp 2.806.600
PROD_0012;Anyaman Bambu;Kerajinan Tangan;147400.0;25;0;3.1;2025-10-22;Jawa Timur;SELLER_012_3;2;10;0;3685000.0;Rp 147.400;Rp 3.685.000
PROD_0012;Anyaman Bambu;Kerajinan Tangan;147100.0;17;0;4.2;2025-10-23;Jawa Timur;SELLER_012_3;3;10;0;2500700.0;Rp 147.100;Rp 2.500.700
PROD_0012;Anyaman Bambu;Kerajinan Tangan;146200.0;14;0;2.9;2025-10-24;Jakarta;SELLER_012_2;4;10;0;2046800.0;Rp 146.200;Rp 2.046.800
PROD_0012;Anyaman Bambu;Kerajinan Tangan;144600.0;19;0;4.2;2025-10-25;Jakarta;SELLER_012_2;5;10;1;2747400.0;Rp 144.600;Rp 2.747.400
PROD_0012;Anyaman Bambu;Kerajinan Tangan;147400.0;27;0;3.3;2025-10-26;Kalimantan Timur;SELLER_012_1;6;10;1;3979800.0;Rp 147.400;Rp 3.979.800
PROD_0012;Anyaman Bambu;Kerajinan Tangan;149600.0;12;0;3.9;2025-10-27;Bali;SELLER_012_2;0;10;0;1795200.0;Rp 149.600;Rp 1.795.200
PROD_0012;Anyaman Bambu;Kerajinan Tangan;141500.0;20;0;3.9;2025-10-28;Jawa Barat;SELLER_012_3;1;10;0;2830000.0;Rp 141.500;Rp 2.830.000
PROD_0012;Anyaman Bambu;Kerajinan Tangan;148100.0;28;0;3.8;2025-10-29;Jawa Tengah;SELLER_012_3;2;10;0;4146800.0;Rp 148.100;Rp 4.146.800
PROD_0012;Anyaman Bambu;Kerajinan Tangan;155100.0;27;0;3.4;2025-10-30;Jawa Tengah;SELLER_012_3;3;10;0;4187700.0;Rp 155.100;Rp 4.187.700
PROD_0012;Anyaman Bambu;Kerajinan Tangan;152800.0;22;5;3.7;2025-10-31;Bali;SELLER_012_3;4;10;0;3193500.0;Rp 152.800;Rp 3.193.500
PROD_0012;Anyaman Bambu;Kerajinan Tangan;154200.0;22;0;3.9;2025-11-01;Jakarta;SELLER_012_2;5;11;1;3392400.0;Rp 154.200;Rp 3.392.400
PROD_0012;Anyaman Bambu;Kerajinan Tangan;146600.0;13;0;3.7;2025-11-02;Jawa Barat;SELLER_012_2;6;11;1;1905800.0;Rp 146.600;Rp 1.905.800
PROD_0012;Anyaman Bambu;Kerajinan Tangan;142700.0;15;0;2.8;2025-11-03;Jawa Barat;SELLER_012_1;0;11;0;2140500.0;Rp 142.700;Rp 2.140.500
PROD_0012;Anyaman Bambu;Kerajinan Tangan;144100.0;22;15;3.0;2025-11-04;Kalimantan Timur;SELLER_012_3;1;11;0;2694700.0;Rp 144.100;Rp 2.694.700
PROD_0012;Anyaman Bambu;Kerajinan Tangan;151300.0;20;0;3.6;2025-11-05;Bali;SELLER_012_3;2;11;0;3026000.0;Rp 151.300;Rp 3.026.000
PROD_0012;Anyaman Bambu;Kerajinan Tangan;142800.0;23;5;3.3;2025-11-06;Sumatera Utara;SELLER_012_2;3;11;0;3120200.0;Rp 142.800;Rp 3.120.200
PROD_0012;Anyaman Bambu;Kerajinan Tangan;148500.0;27;5;3.4;2025-11-07;Sumatera Utara;SELLER_012_3;4;11;0;3809000.0;Rp 148.500;Rp 3.809.000
PROD_0012;Anyaman Bambu;Kerajinan Tangan;144000.0;22;10;3.3;2025-11-08;Jakarta;SELLER_012_3;5;11;1;2851200.0;Rp 144.000;Rp 2.851.200
PROD_0012;Anyaman Bambu;Kerajinan Tangan;150300.0;22;0;3.9;2025-11-09;Kalimantan Timur;SELLER_012_1;6;11;1;3306600.0;Rp 150.300;Rp 3.306.600
PROD_0012;Anyaman Bambu;Kerajinan Tangan;142700.0;19;5;3.8;2025-11-10;Jawa Tengah;SELLER_012_3;0;11;0;2575700.0;Rp 142.700;Rp 2.575.700
PROD_0012;Anyaman Bambu;Kerajinan Tangan;155700.0;35;0;3.9;2025-11-11;Jawa Timur;SELLER_012_2;1;11;0;5449500.0;Rp 155.700;Rp 5.449.500
PROD_0012;Anyaman Bambu;Kerajinan Tangan;152800.0;13;0;3.9;2025-11-12;Sumatera Utara;SELLER_012_1;2;11;0;1986400.0;Rp 152.800;Rp 1.986.400
PROD_0012;Anyaman Bambu;Kerajinan Tangan;148900.0;17;0;3.3;2025-11-13;Kalimantan Timur;SELLER_012_1;3;11;0;2531300.0;Rp 148.900;Rp 2.531.300
PROD_0012;Anyaman Bambu;Kerajinan Tangan;155300.0;33;10;3.8;2025-11-14;Sumatera Utara;SELLER_012_1;4;11;0;4612400.0;Rp 155.300;Rp 4.612.400
PROD_0012;Anyaman Bambu;Kerajinan Tangan;142600.0;26;0;3.2;2025-11-15;Jawa Timur;SELLER_012_3;5;11;1;3707600.0;Rp 142.600;Rp 3.707.600
PROD_0012;Anyaman Bambu;Kerajinan Tangan;144500.0;24;0;3.1;2025-11-16;Sumatera Utara;SELLER_012_2;6;11;1;3468000.0;Rp 144.500;Rp 3.468.000
PROD_0012;Anyaman Bambu;Kerajinan Tangan;145800.0;24;0;2.8;2025-11-17;Sumatera Utara;SELLER_012_2;0;11;0;3499200.0;Rp 145.800;Rp 3.499.200
PROD_0012;Anyaman Bambu;Kerajinan Tangan;142900.0;16;0;3.6;2025-11-18;Jawa Tengah;SELLER_012_3;1;11;0;2286400.0;Rp 142.900;Rp 2.286.400
PROD_0012;Anyaman Bambu;Kerajinan Tangan;149900.0;15;15;3.8;2025-11-19;Jawa Timur;SELLER_012_2;2;11;0;1911200.0;Rp 149.900;Rp 1.911.200
PROD_0012;Anyaman Bambu;Kerajinan Tangan;145500.0;21;0;2.9;2025-11-20;Jakarta;SELLER_012_1;3;11;0;3055500.0;Rp 145.500;Rp 3.055.500
PROD_0012;Anyaman Bambu;Kerajinan Tangan;149400.0;20;0;3.0;2025-11-21;Jawa Tengah;SELLER_012_3;4;11;0;2988000.0;Rp 149.400;Rp 2.988.000
PROD_0012;Anyaman Bambu;Kerajinan Tangan;149200.0;29;0;3.6;2025-11-22;Jawa Barat;SELLER_012_2;5;11;1;4326800.0;Rp 149.200;Rp 4.326.800
PROD_0012;Anyaman Bambu;Kerajinan Tangan;142000.0;19;0;3.2;2025-11-23;Jakarta;SELLER_012_3;6;11;1;2698000.0;Rp 142.000;Rp 2.698.000
PROD_0012;Anyaman Bambu;Kerajinan Tangan;142100.0;14;10;3.7;2025-11-24;Jawa Timur;SELLER_012_1;0;11;0;1790500.0;Rp 142.100;Rp 1.790.500
PROD_0012;Anyaman Bambu;Kerajinan Tangan;147900.0;19;0;5.0;2025-11-25;Jawa Tengah;SELLER_012_2;1;11;0;2810100.0;Rp 147.900;Rp 2.810.100
PROD_0012;Anyaman Bambu;Kerajinan Tangan;142600.0;21;15;2.5;2025-11-26;Kalimantan Timur;SELLER_012_3;2;11;0;2545400.0;Rp 142.600;Rp 2.545.400
PROD_0012;Anyaman Bambu;Kerajinan Tangan;155200.0;22;0;3.3;2025-11-27;Jawa Timur;SELLER_012_1;3;11;0;3414400.0;Rp 155.200;Rp 3.414.400
PROD_0012;Anyaman Bambu;Kerajinan Tangan;149100.0;12;0;4.2;2025-11-28;Bali;SELLER_012_3;4;11;0;1789200.0;Rp 149.100;Rp 1.789.200
PROD_0012;Anyaman Bambu;Kerajinan Tangan;151000.0;17;15;3.4;2025-11-29;Kalimantan Timur;SELLER_012_1;5;11;1;2182000.0;Rp 151.000;Rp 2.182.000
PROD_0012;Anyaman Bambu;Kerajinan Tangan;155500.0;20;20;3.8;2025-11-30;Bali;SELLER_012_2;6;11;1;2488000.0;Rp 155.500;Rp 2.488.000
PROD_0012;Anyaman Bambu;Kerajinan Tangan;175800.0;31;5;3.9;2025-12-01;Sumatera Utara;SELLER_012_1;0;12;0;5177300.0;Rp 175.800;Rp 5.177.300
PROD_0012;Anyaman Bambu;Kerajinan Tangan;174400.0;25;0;3.2;2025-12-02;Bali;SELLER_012_3;1;12;0;4360000.0;Rp 174.400;Rp 4.360.000
PROD_0012;Anyaman Bambu;Kerajinan Tangan;179100.0;14;0;3.4;2025-12-03;Sulawesi Selatan;SELLER_012_1;2;12;0;2507400.0;Rp 179.100;Rp 2.507.400
PROD_0012;Anyaman Bambu;Kerajinan Tangan;166600.0;20;5;2.6;2025-12-04;Jawa Timur;SELLER_012_3;3;12;0;3165400.0;Rp 166.600;Rp 3.165.400
PROD_0012;Anyaman Bambu;Kerajinan Tangan;172900.0;23;10;2.8;2025-12-05;Sulawesi Selatan;SELLER_012_1;4;12;0;3579000.0;Rp 172.900;Rp 3.579.000
PROD_0012;Anyaman Bambu;Kerajinan Tangan;162800.0;29;5;4.1;2025-12-06;Sumatera Utara;SELLER_012_2;5;12;1;4485100.0;Rp 162.800;Rp 4.485.100
PROD_0012;Anyaman Bambu;Kerajinan Tangan;167300.0;26;10;2.7;2025-12-07;Bali;SELLER_012_2;6;12;1;3914800.0;Rp 167.300;Rp 3.914.800
PROD_0012;Anyaman Bambu;Kerajinan Tangan;174700.0;25;5;3.3;2025-12-08;Jawa Timur;SELLER_012_1;0;12;0;4149100.0;Rp 174.700;Rp 4.149.100
PROD_0012;Anyaman Bambu;Kerajinan Tangan;162900.0;31;0;3.3;2025-12-09;Jawa Timur;SELLER_012_2;1;12;0;5049900.0;Rp 162.900;Rp 5.049.900
PROD_0012;Anyaman Bambu;Kerajinan Tangan;172400.0;25;0;3.3;2025-12-10;Sulawesi Selatan;SELLER_012_3;2;12;0;4310000.0;Rp 172.400;Rp 4.310.000
PROD_0012;Anyaman Bambu;Kerajinan Tangan;174000.0;16;0;3.1;2025-12-11;Sumatera Utara;SELLER_012_1;3;12;0;2784000.0;Rp 174.000;Rp 2.784.000
PROD_0012;Anyaman Bambu;Kerajinan Tangan;175300.0;24;0;3.7;2025-12-12;Jawa Timur;SELLER_012_3;4;12;0;4207200.0;Rp 175.300;Rp 4.207.200
PROD_0012;Anyaman Bambu;Kerajinan Tangan;165000.0;34;0;2.1;2025-12-13;Sulawesi Selatan;SELLER_012_1;5;12;1;5610000.0;Rp 165.000;Rp 5.610.000
PROD_0012;Anyaman Bambu;Kerajinan Tangan;173200.0;27;0;3.0;2025-12-14;Sulawesi Selatan;SELLER_012_1;6;12;1;4676400.0;Rp 173.200;Rp 4.676.400
PROD_0012;Anyaman Bambu;Kerajinan Tangan;173400.0;23;10;3.5;2025-12-15;Bali;SELLER_012_2;0;12;0;3589400.0;Rp 173.400;Rp 3.589.400
PROD_0012;Anyaman Bambu;Kerajinan Tangan;163500.0;21;0;2.9;2025-12-16;Jawa Tengah;SELLER_012_3;1;12;0;3433500.0;Rp 163.500;Rp 3.433.500
PROD_0012;Anyaman Bambu;Kerajinan Tangan;173100.0;13;10;3.4;2025-12-17;Jawa Tengah;SELLER_012_2;2;12;0;2025300.0;Rp 173.100;Rp 2.025.300
PROD_0012;Anyaman Bambu;Kerajinan Tangan;171100.0;24;5;2.8;2025-12-18;Sulawesi Selatan;SELLER_012_2;3;12;0;3901100.0;Rp 171.100;Rp 3.901.100
PROD_0012;Anyaman Bambu;Kerajinan Tangan;168300.0;19;0;3.8;2025-12-19;Sumatera Utara;SELLER_012_3;4;12;0;3197700.0;Rp 168.300;Rp 3.197.700
PROD_0012;Anyaman Bambu;Kerajinan Tangan;169100.0;26;0;2.9;2025-12-20;Bali;SELLER_012_2;5;12;1;4396600.0;Rp 169.100;Rp 4.396.600
PROD_0012;Anyaman Bambu;Kerajinan Tangan;174300.0;16;0;4.1;2025-12-21;Bali;SELLER_012_2;6;12;1;2788800.0;Rp 174.300;Rp 2.788.800
PROD_0012;Anyaman Bambu;Kerajinan Tangan;164600.0;17;5;2.6;2025-12-22;Jawa Tengah;SELLER_012_1;0;12;0;2658300.0;Rp 164.600;Rp 2.658.300
PROD_0012;Anyaman Bambu;Kerajinan Tangan;168900.0;27;5;4.0;2025-12-23;Jakarta;SELLER_012_2;1;12;0;4332300.0;Rp 168.900;Rp 4.332.300
PROD_0012;Anyaman Bambu;Kerajinan Tangan;174000.0;24;15;3.5;2025-12-24;Jawa Timur;SELLER_012_3;2;12;0;3549600.0;Rp 174.000;Rp 3.549.600
PROD_0012;Anyaman Bambu;Kerajinan Tangan;172700.0;23;0;4.0;2025-12-25;Jakarta;SELLER_012_3;3;12;0;3972100.0;Rp 172.700;Rp 3.972.100
PROD_0012;Anyaman Bambu;Kerajinan Tangan;173100.0;17;0;3.5;2025-12-26;Sulawesi Selatan;SELLER_012_3;4;12;0;2942700.0;Rp 173.100;Rp 2.942.700
PROD_0012;Anyaman Bambu;Kerajinan Tangan;179500.0;27;0;3.1;2025-12-27;Bali;SELLER_012_3;5;12;1;4846500.0;Rp 179.500;Rp 4.846.500
PROD_0012;Anyaman Bambu;Kerajinan Tangan;175600.0;26;0;2.8;2025-12-28;Bali;SELLER_012_3;6;12;1;4565600.0;Rp 175.600;Rp 4.565.600
PROD_0012;Anyaman Bambu;Kerajinan Tangan;167300.0;25;5;3.6;2025-12-29;Sulawesi Selatan;SELLER_012_2;0;12;0;3973400.0;Rp 167.300;Rp 3.973.400
PROD_0012;Anyaman Bambu;Kerajinan Tangan;169600.0;21;0;2.9;2025-12-30;Jawa Barat;SELLER_012_3;1;12;0;3561600.0;Rp 169.600;Rp 3.561.600
PROD_0012;Anyaman Bambu;Kerajinan Tangan;179400.0;17;0;4.0;2025-12-31;Sulawesi Selatan;SELLER_012_1;2;12;0;3049800.0;Rp 179.400;Rp 3.049.800
PROD_0012;Anyaman Bambu;Kerajinan Tangan;172800.0;31;0;3.7;2026-01-01;Sulawesi Selatan;SELLER_012_1;3;1;0;5356800.0;Rp 172.800;Rp 5.356.800
PROD_0012;Anyaman Bambu;Kerajinan Tangan;163000.0;25;0;3.9;2026-01-02;Jawa Tengah;SELLER_012_1;4;1;0;4075000.0;Rp 163.000;Rp 4.075.000
PROD_0012;Anyaman Bambu;Kerajinan Tangan;178900.0;15;0;3.4;2026-01-03;Kalimantan Timur;SELLER_012_1;5;1;1;2683500.0;Rp 178.900;Rp 2.683.500
PROD_0012;Anyaman Bambu;Kerajinan Tangan;170600.0;32;10;3.7;2026-01-04;Bali;SELLER_012_2;6;1;1;4913300.0;Rp 170.600;Rp 4.913.300
PROD_0012;Anyaman Bambu;Kerajinan Tangan;165000.0;18;0;3.5;2026-01-05;Sumatera Utara;SELLER_012_3;0;1;0;2970000.0;Rp 165.000;Rp 2.970.000
PROD_0013;Charger Universal;Elektronik;127400.0;19;0;3.9;2025-10-08;Jawa Tengah;SELLER_013_1;2;10;0;2420600.0;Rp 127.400;Rp 2.420.600
PROD_0013;Charger Universal;Elektronik;122600.0;27;0;3.5;2025-10-09;Sumatera Utara;SELLER_013_1;3;10;0;3310200.0;Rp 122.600;Rp 3.310.200
PROD_0013;Charger Universal;Elektronik;127800.0;26;0;3.9;2025-10-10;Jawa Timur;SELLER_013_1;4;10;0;3322800.0;Rp 127.800;Rp 3.322.800
PROD_0013;Charger Universal;Elektronik;127500.0;18;10;2.7;2025-10-11;Jakarta;SELLER_013_2;5;10;1;2065500.0;Rp 127.500;Rp 2.065.500
PROD_0013;Charger Universal;Elektronik;131800.0;19;0;2.8;2025-10-12;Bali;SELLER_013_1;6;10;1;2504200.0;Rp 131.800;Rp 2.504.200
PROD_0013;Charger Universal;Elektronik;121400.0;29;0;4.9;2025-10-13;Kalimantan Timur;SELLER_013_1;0;10;0;3520600.0;Rp 121.400;Rp 3.520.600
PROD_0013;Charger Universal;Elektronik;131100.0;21;10;3.6;2025-10-14;Jawa Timur;SELLER_013_2;1;10;0;2477800.0;Rp 131.100;Rp 2.477.800
PROD_0013;Charger Universal;Elektronik;126400.0;12;0;2.6;2025-10-15;Jakarta;SELLER_013_2;2;10;0;1516800.0;Rp 126.400;Rp 1.516.800
PROD_0013;Charger Universal;Elektronik;120500.0;22;10;3.2;2025-10-16;Sumatera Utara;SELLER_013_2;3;10;0;2385900.0;Rp 120.500;Rp 2.385.900
PROD_0013;Charger Universal;Elektronik;125500.0;19;0;3.9;2025-10-17;Jawa Timur;SELLER_013_2;4;10;0;2384500.0;Rp 125.500;Rp 2.384.500
PROD_0013;Charger Universal;Elektronik;130400.0;13;0;3.9;2025-10-18;Jakarta;SELLER_013_1;5;10;1;1695200.0;Rp 130.400;Rp 1.695.200
PROD_0013;Charger Universal;Elektronik;124000.0;9;0;3.4;2025-10-19;Jawa Timur;SELLER_013_1;6;10;1;1116000.0;Rp 124.000;Rp 1.116.000
PROD_0013;Charger Universal;Elektronik;123200.0;15;0;3.8;2025-10-20;Sulawesi Selatan;SELLER_013_3;0;10;0;1848000.0;Rp 123.200;Rp 1.848.000
PROD_0013;Charger Universal;Elektronik;132400.0;18;0;3.2;2025-10-21;Sulawesi Selatan;SELLER_013_1;1;10;0;2383200.0;Rp 132.400;Rp 2.383.200
PROD_0013;Charger Universal;Elektronik;132600.0;23;0;3.9;2025-10-22;Bali;SELLER_013_1;2;10;0;3049800.0;Rp 132.600;Rp 3.049.800
PROD_0013;Charger Universal;Elektronik;128000.0;14;0;2.9;2025-10-23;Kalimantan Timur;SELLER_013_2;3;10;0;1792000.0;Rp 128.000;Rp 1.792.000
PROD_0013;Charger Universal;Elektronik;120700.0;25;0;3.3;2025-10-24;Kalimantan Timur;SELLER_013_3;4;10;0;3017500.0;Rp 120.700;Rp 3.017.500
PROD_0013;Charger Universal;Elektronik;122200.0;26;0;3.2;2025-10-25;Sulawesi Selatan;SELLER_013_2;5;10;1;3177200.0;Rp 122.200;Rp 3.177.200
PROD_0013;Charger Universal;Elektronik;125700.0;28;10;3.0;2025-10-26;Sulawesi Selatan;SELLER_013_2;6;10;1;3167600.0;Rp 125.700;Rp 3.167.600
PROD_0013;Charger Universal;Elektronik;122900.0;28;0;3.5;2025-10-27;Sumatera Utara;SELLER_013_3;0;10;0;3441200.0;Rp 122.900;Rp 3.441.200
PROD_0013;Charger Universal;Elektronik;128900.0;21;0;3.4;2025-10-28;Kalimantan Timur;SELLER_013_2;1;10;0;2706900.0;Rp 128.900;Rp 2.706.900
PROD_0013;Charger Universal;Elektronik;129400.0;15;5;4.1;2025-10-29;Jawa Barat;SELLER_013_2;2;10;0;1844000.0;Rp 129.400;Rp 1.844.000
PROD_0013;Charger Universal;Elektronik;128100.0;22;10;2.5;2025-10-30;Kalimantan Timur;SELLER_013_3;3;10;0;2536400.0;Rp 128.100;Rp 2.536.400
PROD_0013;Charger Universal;Elektronik;121000.0;13;10;4.3;2025-10-31;Jawa Tengah;SELLER_013_3;4;10;0;1415700.0;Rp 121.000;Rp 1.415.700
PROD_0013;Charger Universal;Elektronik;122100.0;19;0;3.5;2025-11-01;Jawa Timur;SELLER_013_1;5;11;1;2319900.0;Rp 122.100;Rp 2.319.900
PROD_0013;Charger Universal;Elektronik;124600.0;18;0;3.9;2025-11-02;Kalimantan Timur;SELLER_013_2;6;11;1;2242800.0;Rp 124.600;Rp 2.242.800
PROD_0013;Charger Universal;Elektronik;120800.0;14;0;4.6;2025-11-03;Jakarta;SELLER_013_3;0;11;0;1691200.0;Rp 120.800;Rp 1.691.200
PROD_0013;Charger Universal;Elektronik;125600.0;20;5;3.8;2025-11-04;Jawa Tengah;SELLER_013_3;1;11;0;2386400.0;Rp 125.600;Rp 2.386.400
PROD_0013;Charger Universal;Elektronik;123200.0;15;0;2.5;2025-11-05;Jawa Tengah;SELLER_013_3;2;11;0;1848000.0;Rp 123.200;Rp 1.848.000
PROD_0013;Charger Universal;Elektronik;125800.0;27;0;4.1;2025-11-06;Jawa Tengah;SELLER_013_1;3;11;0;3396600.0;Rp 125.800;Rp 3.396.600
PROD_0013;Charger Universal;Elektronik;127800.0;10;0;3.3;2025-11-07;Jawa Barat;SELLER_013_2;4;11;0;1278000.0;Rp 127.800;Rp 1.278.000
PROD_0013;Charger Universal;Elektronik;121000.0;28;0;2.8;2025-11-08;Jawa Barat;SELLER_013_1;5;11;1;3388000.0;Rp 121.000;Rp 3.388.000
PROD_0013;Charger Universal;Elektronik;121100.0;26;0;3.7;2025-11-09;Jawa Barat;SELLER_013_1;6;11;1;3148600.0;Rp 121.100;Rp 3.148.600
PROD_0013;Charger Universal;Elektronik;132200.0;12;5;3.9;2025-11-10;Jakarta;SELLER_013_2;0;11;0;1507100.0;Rp 132.200;Rp 1.507.100
PROD_0013;Charger Universal;Elektronik;132600.0;21;0;3.0;2025-11-11;Jawa Barat;SELLER_013_2;1;11;0;2784600.0;Rp 132.600;Rp 2.784.600
PROD_0013;Charger Universal;Elektronik;121400.0;18;5;3.4;2025-11-12;Kalimantan Timur;SELLER_013_1;2;11;0;2075900.0;Rp 121.400;Rp 2.075.900
PROD_0013;Charger Universal;Elektronik;123400.0;14;10;2.9;2025-11-13;Jawa Timur;SELLER_013_2;3;11;0;1554800.0;Rp 123.400;Rp 1.554.800
PROD_0013;Charger Universal;Elektronik;124700.0;18;5;3.2;2025-11-14;Jawa Timur;SELLER_013_1;4;11;0;2132400.0;Rp 124.700;Rp 2.132.400
PROD_0013;Charger Universal;Elektronik;125100.0;18;0;4.8;2025-11-15;Bali;SELLER_013_1;5;11;1;2251800.0;Rp 125.100;Rp 2.251.800
PROD_0013;Charger Universal;Elektronik;120200.0;23;0;3.6;2025-11-16;Jawa Timur;SELLER_013_1;6;11;1;2764600.0;Rp 120.200;Rp 2.764.600
PROD_0013;Charger Universal;Elektronik;123400.0;20;0;3.4;2025-11-17;Jakarta;SELLER_013_3;0;11;0;2468000.0;Rp 123.400;Rp 2.468.000
PROD_0013;Charger Universal;Elektronik;129000.0;21;0;2.4;2025-11-18;Jakarta;SELLER_013_3;1;11;0;2709000.0;Rp 129.000;Rp 2.709.000
PROD_0013;Charger Universal;Elektronik;130200.0;26;0;3.7;2025-11-19;Kalimantan Timur;SELLER_013_3;2;11;0;3385200.0;Rp 130.200;Rp 3.385.200
PROD_0013;Charger Universal;Elektronik;121100.0;22;0;3.3;2025-11-20;Jawa Barat;SELLER_013_3;3;11;0;2664200.0;Rp 121.100;Rp 2.664.200
PROD_0013;Charger Universal;Elektronik;131400.0;19;0;3.3;2025-11-21;Bali;SELLER_013_2;4;11;0;2496600.0;Rp 131.400;Rp 2.496.600
PROD_0013;Charger Universal;Elektronik;132300.0;26;0;2.9;2025-11-22;Jawa Timur;SELLER_013_2;5;11;1;3439800.0;Rp 132.300;Rp 3.439.800
PROD_0013;Charger Universal;Elektronik;132400.0;30;0;3.7;2025-11-23;Jawa Barat;SELLER_013_3;6;11;1;3972000.0;Rp 132.400;Rp 3.972.000
PROD_0013;Charger Universal;Elektronik;127600.0;22;0;3.7;2025-11-24;Sulawesi Selatan;SELLER_013_1;0;11;0;2807200.0;Rp 127.600;Rp 2.807.200
PROD_0013;Charger Universal;Elektronik;121700.0;15;0;3.3;2025-11-25;Jawa Tengah;SELLER_013_2;1;11;0;1825500.0;Rp 121.700;Rp 1.825.500
PROD_0013;Charger Universal;Elektronik;130600.0;19;0;3.3;2025-11-26;Kalimantan Timur;SELLER_013_1;2;11;0;2481400.0;Rp 130.600;Rp 2.481.400
PROD_0013;Charger Universal;Elektronik;120800.0;24;0;3.5;2025-11-27;Kalimantan Timur;SELLER_013_1;3;11;0;2899200.0;Rp 120.800;Rp 2.899.200
PROD_0013;Charger Universal;Elektronik;130600.0;22;0;4.4;2025-11-28;Jakarta;SELLER_013_3;4;11;0;2873200.0;Rp 130.600;Rp 2.873.200
PROD_0013;Charger Universal;Elektronik;128500.0;22;10;3.6;2025-11-29;Jawa Tengah;SELLER_013_1;5;11;1;2544300.0;Rp 128.500;Rp 2.544.300
PROD_0013;Charger Universal;Elektronik;124100.0;23;0;3.4;2025-11-30;Jawa Tengah;SELLER_013_2;6;11;1;2854300.0;Rp 124.100;Rp 2.854.300
PROD_0013;Charger Universal;Elektronik;146600.0;19;20;3.8;2025-12-01;Jakarta;SELLER_013_3;0;12;0;2228300.0;Rp 146.600;Rp 2.228.300
PROD_0013;Charger Universal;Elektronik;145500.0;18;0;3.9;2025-12-02;Jakarta;SELLER_013_1;1;12;0;2619000.0;Rp 145.500;Rp 2.619.000
PROD_0013;Charger Universal;Elektronik;151700.0;14;5;2.9;2025-12-03;Kalimantan Timur;SELLER_013_2;2;12;0;2017600.0;Rp 151.700;Rp 2.017.600
PROD_0013;Charger Universal;Elektronik;143300.0;26;0;4.2;2025-12-04;Sumatera Utara;SELLER_013_1;3;12;0;3725800.0;Rp 143.300;Rp 3.725.800
PROD_0013;Charger Universal;Elektronik;139800.0;20;0;3.8;2025-12-05;Jawa Timur;SELLER_013_3;4;12;0;2796000.0;Rp 139.800;Rp 2.796.000
PROD_0013;Charger Universal;Elektronik;143800.0;24;5;3.0;2025-12-06;Kalimantan Timur;SELLER_013_1;5;12;1;3278600.0;Rp 143.800;Rp 3.278.600
PROD_0013;Charger Universal;Elektronik;138200.0;20;15;3.5;2025-12-07;Bali;SELLER_013_2;6;12;1;2349400.0;Rp 138.200;Rp 2.349.400
PROD_0013;Charger Universal;Elektronik;144300.0;16;10;3.2;2025-12-08;Kalimantan Timur;SELLER_013_2;0;12;0;2077900.0;Rp 144.300;Rp 2.077.900
PROD_0013;Charger Universal;Elektronik;150900.0;18;5;3.7;2025-12-09;Jawa Tengah;SELLER_013_2;1;12;0;2580400.0;Rp 150.900;Rp 2.580.400
PROD_0013;Charger Universal;Elektronik;149200.0;23;0;2.8;2025-12-10;Kalimantan Timur;SELLER_013_3;2;12;0;3431600.0;Rp 149.200;Rp 3.431.600
PROD_0013;Charger Universal;Elektronik;151500.0;20;0;3.4;2025-12-11;Kalimantan Timur;SELLER_013_3;3;12;0;3030000.0;Rp 151.500;Rp 3.030.000
PROD_0013;Charger Universal;Elektronik;139800.0;31;15;3.4;2025-12-12;Jawa Timur;SELLER_013_2;4;12;0;3683700.0;Rp 139.800;Rp 3.683.700
PROD_0013;Charger Universal;Elektronik;148100.0;22;0;3.7;2025-12-13;Jawa Timur;SELLER_013_1;5;12;1;3258200.0;Rp 148.100;Rp 3.258.200
PROD_0013;Charger Universal;Elektronik;148100.0;22;5;3.5;2025-12-14;Jakarta;SELLER_013_3;6;12;1;3095300.0;Rp 148.100;Rp 3.095.300
PROD_0013;Charger Universal;Elektronik;144200.0;29;0;2.9;2025-12-15;Bali;SELLER_013_2;0;12;0;4181800.0;Rp 144.200;Rp 4.181.800
PROD_0013;Charger Universal;Elektronik;149800.0;23;5;3.5;2025-12-16;Jawa Tengah;SELLER_013_1;1;12;0;3273100.0;Rp 149.800;Rp 3.273.100
PROD_0013;Charger Universal;Elektronik;150300.0;17;0;3.2;2025-12-17;Jawa Barat;SELLER_013_2;2;12;0;2555100.0;Rp 150.300;Rp 2.555.100
PROD_0013;Charger Universal;Elektronik;147100.0;23;0;3.1;2025-12-18;Sumatera Utara;SELLER_013_3;3;12;0;3383300.0;Rp 147.100;Rp 3.383.300
PROD_0013;Charger Universal;Elektronik;147900.0;23;0;3.9;2025-12-19;Jawa Tengah;SELLER_013_3;4;12;0;3401700.0;Rp 147.900;Rp 3.401.700
PROD_0013;Charger Universal;Elektronik;140400.0;27;10;3.3;2025-12-20;Bali;SELLER_013_3;5;12;1;3411700.0;Rp 140.400;Rp 3.411.700
PROD_0013;Charger Universal;Elektronik;141900.0;24;15;3.2;2025-12-21;Sulawesi Selatan;SELLER_013_3;6;12;1;2894800.0;Rp 141.900;Rp 2.894.800
PROD_0013;Charger Universal;Elektronik;148800.0;24;0;3.5;2025-12-22;Kalimantan Timur;SELLER_013_1;0;12;0;3571200.0;Rp 148.800;Rp 3.571.200
PROD_0013;Charger Universal;Elektronik;144300.0;23;15;3.4;2025-12-23;Jakarta;SELLER_013_1;1;12;0;2821100.0;Rp 144.300;Rp 2.821.100
PROD_0013;Charger Universal;Elektronik;146000.0;21;10;3.9;2025-12-24;Jawa Timur;SELLER_013_3;2;12;0;2759400.0;Rp 146.000;Rp 2.759.400
PROD_0013;Charger Universal;Elektronik;152100.0;19;0;2.4;2025-12-25;Kalimantan Timur;SELLER_013_1;3;12;0;2889900.0;Rp 152.100;Rp 2.889.900
PROD_0013;Charger Universal;Elektronik;152200.0;17;0;2.9;2025-12-26;Jakarta;SELLER_013_3;4;12;0;2587400.0;Rp 152.200;Rp 2.587.400
PROD_0013;Charger Universal;Elektronik;143500.0;31;0;3.6;2025-12-27;Sulawesi Selatan;SELLER_013_3;5;12;1;4448500.0;Rp 143.500;Rp 4.448.500
PROD_0013;Charger Universal;Elektronik;148200.0;11;0;3.7;2025-12-28;Sumatera Utara;SELLER_013_3;6;12;1;1630200.0;Rp 148.200;Rp 1.630.200
PROD_0013;Charger Universal;Elektronik;138300.0;28;0;3.7;2025-12-29;Sumatera Utara;SELLER_013_3;0;12;0;3872400.0;Rp 138.300;Rp 3.872.400
PROD_0013;Charger Universal;Elektronik;141300.0;24;0;4.0;2025-12-30;Sulawesi Selatan;SELLER_013_1;1;12;0;3391200.0;Rp 141.300;Rp 3.391.200
PROD_0013;Charger Universal;Elektronik;140400.0;19;10;3.2;2025-12-31;Bali;SELLER_013_2;2;12;0;2400800.0;Rp 140.400;Rp 2.400.800
PROD_0013;Charger Universal;Elektronik;138800.0;27;0;3.6;2026-01-01;Sumatera Utara;SELLER_013_1;3;1;0;3747600.0;Rp 138.800;Rp 3.747.600
PROD_0013;Charger Universal;Elektronik;144200.0;14;0;3.9;2026-01-02;Bali;SELLER_013_3;4;1;0;2018800.0;Rp 144.200;Rp 2.018.800
PROD_0013;Charger Universal;Elektronik;142200.0;26;0;3.2;2026-01-03;Jawa Timur;SELLER_013_1;5;1;1;3697200.0;Rp 142.200;Rp 3.697.200
PROD_0013;Charger Universal;Elektronik;145900.0;25;20;2.2;2026-01-04;Kalimantan Timur;SELLER_013_2;6;1;1;2918000.0;Rp 145.900;Rp 2.918.000
PROD_0013;Charger Universal;Elektronik;151400.0;20;0;3.7;2026-01-05;Jawa Tengah;SELLER_013_2;0;1;0;3028000.0;Rp 151.400;Rp 3.028.000
PROD_0014;Earphone Wireless;Elektronik;320100.0;22;5;2.8;2025-10-08;Jawa Timur;SELLER_014_1;2;10;0;6690100.0;Rp 320.100;Rp 6.690.100
PROD_0014;Earphone Wireless;Elektronik;317000.0;15;0;3.7;2025-10-09;Jawa Tengah;SELLER_014_1;3;10;0;4755000.0;Rp 317.000;Rp 4.755.000
PROD_0014;Earphone Wireless;Elektronik;316500.0;15;0;3.4;2025-10-10;Jawa Timur;SELLER_014_3;4;10;0;4747500.0;Rp 316.500;Rp 4.747.500
PROD_0014;Earphone Wireless;Elektronik;310700.0;23;5;3.0;2025-10-11;Jawa Tengah;SELLER_014_2;5;10;1;6788800.0;Rp 310.700;Rp 6.788.800
PROD_0014;Earphone Wireless;Elektronik;306900.0;28;0;3.6;2025-10-12;Jawa Barat;SELLER_014_2;6;10;1;8593200.0;Rp 306.900;Rp 8.593.200
PROD_0014;Earphone Wireless;Elektronik;318500.0;24;15;3.2;2025-10-13;Kalimantan Timur;SELLER_014_1;0;10;0;6497400.0;Rp 318.500;Rp 6.497.400
PROD_0014;Earphone Wireless;Elektronik;312100.0;20;0;4.1;2025-10-14;Sulawesi Selatan;SELLER_014_2;1;10;0;6242000.0;Rp 312.100;Rp 6.242.000
PROD_0014;Earphone Wireless;Elektronik;316500.0;24;0;3.6;2025-10-15;Kalimantan Timur;SELLER_014_3;2;10;0;7596000.0;Rp 316.500;Rp 7.596.000
PROD_0014;Earphone Wireless;Elektronik;291800.0;24;0;3.6;2025-10-16;Sulawesi Selatan;SELLER_014_3;3;10;0;7003200.0;Rp 291.800;Rp 7.003.200
PROD_0014;Earphone Wireless;Elektronik;321100.0;25;0;3.5;2025-10-17;Jawa Barat;SELLER_014_1;4;10;0;8027500.0;Rp 321.100;Rp 8.027.500
PROD_0014;Earphone Wireless;Elektronik;316200.0;25;0;3.9;2025-10-18;Jakarta;SELLER_014_1;5;10;1;7905000.0;Rp 316.200;Rp 7.905.000
PROD_0014;Earphone Wireless;Elektronik;314200.0;19;0;3.7;2025-10-19;Sumatera Utara;SELLER_014_1;6;10;1;5969800.0;Rp 314.200;Rp 5.969.800
PROD_0014;Earphone Wireless;Elektronik;321100.0;22;0;3.0;2025-10-20;Kalimantan Timur;SELLER_014_3;0;10;0;7064200.0;Rp 321.100;Rp 7.064.200
PROD_0014;Earphone Wireless;Elektronik;298500.0;15;0;3.3;2025-10-21;Bali;SELLER_014_1;1;10;0;4477500.0;Rp 298.500;Rp 4.477.500
PROD_0014;Earphone Wireless;Elektronik;298000.0;22;20;2.7;2025-10-22;Jawa Timur;SELLER_014_2;2;10;0;5244800.0;Rp 298.000;Rp 5.244.800
PROD_0014;Earphone Wireless;Elektronik;312800.0;21;0;3.5;2025-10-23;Sulawesi Selatan;SELLER_014_2;3;10;0;6568800.0;Rp 312.800;Rp 6.568.800
PROD_0014;Earphone Wireless;Elektronik;302900.0;14;0;3.3;2025-10-24;Kalimantan Timur;SELLER_014_3;4;10;0;4240600.0;Rp 302.900;Rp 4.240.600
PROD_0014;Earphone Wireless;Elektronik;308000.0;15;0;2.9;2025-10-25;Jawa Timur;SELLER_014_1;5;10;1;4620000.0;Rp 308.000;Rp 4.620.000
PROD_0014;Earphone Wireless;Elektronik;307800.0;19;20;3.4;2025-10-26;Jakarta;SELLER_014_1;6;10;1;4678600.0;Rp 307.800;Rp 4.678.600
PROD_0014;Earphone Wireless;Elektronik;304300.0;18;0;3.7;2025-10-27;Bali;SELLER_014_3;0;10;0;5477400.0;Rp 304.300;Rp 5.477.400
PROD_0014;Earphone Wireless;Elektronik;304900.0;24;0;3.7;2025-10-28;Jawa Barat;SELLER_014_2;1;10;0;7317600.0;Rp 304.900;Rp 7.317.600
PROD_0014;Earphone Wireless;Elektronik;308600.0;19;0;3.9;2025-10-29;Sulawesi Selatan;SELLER_014_2;2;10;0;5863400.0;Rp 308.600;Rp 5.863.400
PROD_0014;Earphone Wireless;Elektronik;303500.0;22;10;3.1;2025-10-30;Jakarta;SELLER_014_1;3;10;0;6009300.0;Rp 303.500;Rp 6.009.300
PROD_0014;Earphone Wireless;Elektronik;296000.0;19;15;4.0;2025-10-31;Bali;SELLER_014_2;4;10;0;4780400.0;Rp 296.000;Rp 4.780.400
PROD_0014;Earphone Wireless;Elektronik;316800.0;18;5;3.7;2025-11-01;Bali;SELLER_014_3;5;11;1;5417300.0;Rp 316.800;Rp 5.417.300
PROD_0014;Earphone Wireless;Elektronik;309600.0;17;0;2.7;2025-11-02;Jakarta;SELLER_014_2;6;11;1;5263200.0;Rp 309.600;Rp 5.263.200
PROD_0014;Earphone Wireless;Elektronik;318300.0;19;0;3.9;2025-11-03;Jawa Barat;SELLER_014_1;0;11;0;6047700.0;Rp 318.300;Rp 6.047.700
PROD_0014;Earphone Wireless;Elektronik;313400.0;16;0;2.9;2025-11-04;Jawa Tengah;SELLER_014_1;1;11;0;5014400.0;Rp 313.400;Rp 5.014.400
PROD_0014;Earphone Wireless;Elektronik;301500.0;25;0;4.4;2025-11-05;Sulawesi Selatan;SELLER_014_1;2;11;0;7537500.0;Rp 301.500;Rp 7.537.500
PROD_0014;Earphone Wireless;Elektronik;314000.0;20;0;2.9;2025-11-06;Bali;SELLER_014_1;3;11;0;6280000.0;Rp 314.000;Rp 6.280.000
PROD_0014;Earphone Wireless;Elektronik;304200.0;17;0;3.8;2025-11-07;Jawa Barat;SELLER_014_2;4;11;0;5171400.0;Rp 304.200;Rp 5.171.400
PROD_0014;Earphone Wireless;Elektronik;299600.0;30;10;2.7;2025-11-08;Sulawesi Selatan;SELLER_014_1;5;11;1;8089200.0;Rp 299.600;Rp 8.089.200
PROD_0014;Earphone Wireless;Elektronik;298800.0;28;0;2.8;2025-11-09;Jakarta;SELLER_014_1;6;11;1;8366400.0;Rp 298.800;Rp 8.366.400
PROD_0014;Earphone Wireless;Elektronik;316300.0;19;0;3.5;2025-11-10;Jawa Tengah;SELLER_014_3;0;11;0;6009700.0;Rp 316.300;Rp 6.009.700
PROD_0014;Earphone Wireless;Elektronik;296200.0;18;0;3.0;2025-11-11;Bali;SELLER_014_2;1;11;0;5331600.0;Rp 296.200;Rp 5.331.600
PROD_0014;Earphone Wireless;Elektronik;318500.0;23;10;3.9;2025-11-12;Sulawesi Selatan;SELLER_014_3;2;11;0;6593000.0;Rp 318.500;Rp 6.593.000
PROD_0014;Earphone Wireless;Elektronik;293900.0;16;0;4.5;2025-11-13;Sulawesi Selatan;SELLER_014_1;3;11;0;4702400.0;Rp 293.900;Rp 4.702.400
PROD_0014;Earphone Wireless;Elektronik;315900.0;19;5;3.5;2025-11-14;Jawa Timur;SELLER_014_2;4;11;0;5702000.0;Rp 315.900;Rp 5.702.000
PROD_0014;Earphone Wireless;Elektronik;300600.0;26;0;3.3;2025-11-15;Kalimantan Timur;SELLER_014_3;5;11;1;7815600.0;Rp 300.600;Rp 7.815.600
PROD_0014;Earphone Wireless;Elektronik;315500.0;24;20;3.8;2025-11-16;Jakarta;SELLER_014_1;6;11;1;6057600.0;Rp 315.500;Rp 6.057.600
PROD_0014;Earphone Wireless;Elektronik;295500.0;20;10;3.6;2025-11-17;Bali;SELLER_014_3;0;11;0;5319000.0;Rp 295.500;Rp 5.319.000
PROD_0014;Earphone Wireless;Elektronik;303200.0;23;0;3.9;2025-11-18;Jawa Barat;SELLER_014_3;1;11;0;6973600.0;Rp 303.200;Rp 6.973.600
PROD_0014;Earphone Wireless;Elektronik;316000.0;24;0;3.9;2025-11-19;Sumatera Utara;SELLER_014_3;2;11;0;7584000.0;Rp 316.000;Rp 7.584.000
PROD_0014;Earphone Wireless;Elektronik;295900.0;20;15;3.3;2025-11-20;Sumatera Utara;SELLER_014_3;3;11;0;5030300.0;Rp 295.900;Rp 5.030.300
PROD_0014;Earphone Wireless;Elektronik;299900.0;22;5;3.4;2025-11-21;Jakarta;SELLER_014_2;4;11;0;6267900.0;Rp 299.900;Rp 6.267.900
PROD_0014;Earphone Wireless;Elektronik;313200.0;24;0;3.0;2025-11-22;Kalimantan Timur;SELLER_014_1;5;11;1;7516800.0;Rp 313.200;Rp 7.516.800
PROD_0014;Earphone Wireless;Elektronik;302200.0;20;0;3.1;2025-11-23;Sulawesi Selatan;SELLER_014_3;6;11;1;6044000.0;Rp 302.200;Rp 6.044.000
PROD_0014;Earphone Wireless;Elektronik;321600.0;13;10;3.7;2025-11-24;Kalimantan Timur;SELLER_014_1;0;11;0;3762700.0;Rp 321.600;Rp 3.762.700
PROD_0014;Earphone Wireless;Elektronik;306100.0;19;0;3.6;2025-11-25;Sumatera Utara;SELLER_014_2;1;11;0;5815900.0;Rp 306.100;Rp 5.815.900
PROD_0014;Earphone Wireless;Elektronik;314500.0;23;5;2.6;2025-11-26;Sumatera Utara;SELLER_014_2;2;11;0;6871800.0;Rp 314.500;Rp 6.871.800
PROD_0014;Earphone Wireless;Elektronik;318900.0;24;0;4.2;2025-11-27;Sumatera Utara;SELLER_014_3;3;11;0;7653600.0;Rp 318.900;Rp 7.653.600
PROD_0014;Earphone Wireless;Elektronik;305100.0;19;0;2.5;2025-11-28;Kalimantan Timur;SELLER_014_2;4;11;0;5796900.0;Rp 305.100;Rp 5.796.900
PROD_0014;Earphone Wireless;Elektronik;315600.0;19;0;3.2;2025-11-29;Jawa Tengah;SELLER_014_2;5;11;1;5996400.0;Rp 315.600;Rp 5.996.400
PROD_0014;Earphone Wireless;Elektronik;318600.0;16;0;3.0;2025-11-30;Sumatera Utara;SELLER_014_1;6;11;1;5097600.0;Rp 318.600;Rp 5.097.600
PROD_0014;Earphone Wireless;Elektronik;364900.0;21;0;3.7;2025-12-01;Jawa Timur;SELLER_014_3;0;12;0;7662900.0;Rp 364.900;Rp 7.662.900
PROD_0014;Earphone Wireless;Elektronik;343500.0;26;0;3.9;2025-12-02;Jawa Barat;SELLER_014_3;1;12;0;8931000.0;Rp 343.500;Rp 8.931.000
PROD_0014;Earphone Wireless;Elektronik;349300.0;16;5;3.6;2025-12-03;Jawa Timur;SELLER_014_3;2;12;0;5309400.0;Rp 349.300;Rp 5.309.400
PROD_0014;Earphone Wireless;Elektronik;370200.0;25;5;3.3;2025-12-04;Jawa Timur;SELLER_014_3;3;12;0;8792200.0;Rp 370.200;Rp 8.792.200
PROD_0014;Earphone Wireless;Elektronik;369300.0;23;5;3.1;2025-12-05;Jawa Tengah;SELLER_014_3;4;12;0;8069200.0;Rp 369.300;Rp 8.069.200
PROD_0014;Earphone Wireless;Elektronik;364400.0;32;10;3.5;2025-12-06;Jawa Barat;SELLER_014_1;5;12;1;10494700.0;Rp 364.400;Rp 10.494.700
PROD_0014;Earphone Wireless;Elektronik;366000.0;22;10;3.7;2025-12-07;Sulawesi Selatan;SELLER_014_1;6;12;1;7246800.0;Rp 366.000;Rp 7.246.800
PROD_0014;Earphone Wireless;Elektronik;347000.0;14;5;3.1;2025-12-08;Jawa Barat;SELLER_014_3;0;12;0;4615100.0;Rp 347.000;Rp 4.615.100
PROD_0014;Earphone Wireless;Elektronik;341700.0;37;0;4.2;2025-12-09;Jakarta;SELLER_014_1;1;12;0;12642900.0;Rp 341.700;Rp 12.642.900
PROD_0014;Earphone Wireless;Elektronik;356600.0;18;15;4.0;2025-12-10;Jawa Timur;SELLER_014_3;2;12;0;5456000.0;Rp 356.600;Rp 5.456.000
PROD_0014;Earphone Wireless;Elektronik;347400.0;20;15;4.3;2025-12-11;Jawa Tengah;SELLER_014_1;3;12;0;5905800.0;Rp 347.400;Rp 5.905.800
PROD_0014;Earphone Wireless;Elektronik;358400.0;26;0;4.5;2025-12-12;Jawa Timur;SELLER_014_2;4;12;0;9318400.0;Rp 358.400;Rp 9.318.400
PROD_0014;Earphone Wireless;Elektronik;361900.0;25;0;3.4;2025-12-13;Jawa Timur;SELLER_014_2;5;12;1;9047500.0;Rp 361.900;Rp 9.047.500
PROD_0014;Earphone Wireless;Elektronik;340200.0;29;10;4.4;2025-12-14;Jawa Barat;SELLER_014_3;6;12;1;8879200.0;Rp 340.200;Rp 8.879.200
PROD_0014;Earphone Wireless;Elektronik;345400.0;14;0;3.3;2025-12-15;Jawa Tengah;SELLER_014_1;0;12;0;4835600.0;Rp 345.400;Rp 4.835.600
PROD_0014;Earphone Wireless;Elektronik;364900.0;26;0;4.0;2025-12-16;Jawa Timur;SELLER_014_3;1;12;0;9487400.0;Rp 364.900;Rp 9.487.400
PROD_0014;Earphone Wireless;Elektronik;336300.0;17;0;3.1;2025-12-17;Sulawesi Selatan;SELLER_014_1;2;12;0;5717100.0;Rp 336.300;Rp 5.717.100
PROD_0014;Earphone Wireless;Elektronik;351200.0;32;15;3.4;2025-12-18;Jawa Barat;SELLER_014_2;3;12;0;9552600.0;Rp 351.200;Rp 9.552.600
PROD_0014;Earphone Wireless;Elektronik;363700.0;23;0;4.3;2025-12-19;Jawa Tengah;SELLER_014_3;4;12;0;8365100.0;Rp 363.700;Rp 8.365.100
PROD_0014;Earphone Wireless;Elektronik;368200.0;22;0;3.4;2025-12-20;Sulawesi Selatan;SELLER_014_3;5;12;1;8100400.0;Rp 368.200;Rp 8.100.400
PROD_0014;Earphone Wireless;Elektronik;338200.0;31;0;4.1;2025-12-21;Jawa Timur;SELLER_014_3;6;12;1;10484200.0;Rp 338.200;Rp 10.484.200
PROD_0014;Earphone Wireless;Elektronik;345500.0;25;5;3.6;2025-12-22;Jakarta;SELLER_014_2;0;12;0;8205600.0;Rp 345.500;Rp 8.205.600
PROD_0014;Earphone Wireless;Elektronik;349200.0;16;15;3.3;2025-12-23;Jawa Barat;SELLER_014_3;1;12;0;4749100.0;Rp 349.200;Rp 4.749.100
PROD_0014;Earphone Wireless;Elektronik;362100.0;18;0;3.4;2025-12-24;Sumatera Utara;SELLER_014_1;2;12;0;6517800.0;Rp 362.100;Rp 6.517.800
PROD_0014;Earphone Wireless;Elektronik;366200.0;23;10;2.8;2025-12-25;Sulawesi Selatan;SELLER_014_1;3;12;0;7580300.0;Rp 366.200;Rp 7.580.300
PROD_0014;Earphone Wireless;Elektronik;346500.0;29;0;4.2;2025-12-26;Bali;SELLER_014_1;4;12;0;10048500.0;Rp 346.500;Rp 10.048.500
PROD_0014;Earphone Wireless;Elektronik;350100.0;27;0;4.1;2025-12-27;Jakarta;SELLER_014_3;5;12;1;9452700.0;Rp 350.100;Rp 9.452.700
PROD_0014;Earphone Wireless;Elektronik;362900.0;20;20;2.5;2025-12-28;Jawa Tengah;SELLER_014_1;6;12;1;5806400.0;Rp 362.900;Rp 5.806.400
PROD_0014;Earphone Wireless;Elektronik;363600.0;24;0;3.5;2025-12-29;Sumatera Utara;SELLER_014_2;0;12;0;8726400.0;Rp 363.600;Rp 8.726.400
PROD_0014;Earphone Wireless;Elektronik;335900.0;21;0;4.4;2025-12-30;Bali;SELLER_014_1;1;12;0;7053900.0;Rp 335.900;Rp 7.053.900
PROD_0014;Earphone Wireless;Elektronik;350400.0;25;15;4.6;2025-12-31;Sumatera Utara;SELLER_014_3;2;12;0;7446000.0;Rp 350.400;Rp 7.446.000
PROD_0014;Earphone Wireless;Elektronik;359000.0;19;15;3.6;2026-01-01;Jakarta;SELLER_014_2;3;1;0;5797800.0;Rp 359.000;Rp 5.797.800
PROD_0014;Earphone Wireless;Elektronik;367300.0;26;0;4.9;2026-01-02;Jawa Timur;SELLER_014_2;4;1;0;9549800.0;Rp 367.300;Rp 9.549.800
PROD_0014;Earphone Wireless;Elektronik;358000.0;30;0;3.6;2026-01-03;Jawa Barat;SELLER_014_3;5;1;1;10740000.0;Rp 358.000;Rp 10.740.000
PROD_0014;Earphone Wireless;Elektronik;368300.0;20;0;3.5;2026-01-04;Sulawesi Selatan;SELLER_014_3;6;1;1;7366000.0;Rp 368.300;Rp 7.366.000
PROD_0014;Earphone Wireless;Elektronik;356100.0;19;0;3.2;2026-01-05;Jawa Timur;SELLER_014_3;0;1;0;6765900.0;Rp 356.100;Rp 6.765.900
PROD_0015;Power Bank;Elektronik;266100.0;15;0;3.7;2025-10-08;Sumatera Utara;SELLER_015_2;2;10;0;3991500.0;Rp 266.100;Rp 3.991.500
PROD_0015;Power Bank;Elektronik;258300.0;30;5;3.1;2025-10-09;Jawa Tengah;SELLER_015_3;3;10;0;7361600.0;Rp 258.300;Rp 7.361.600
PROD_0015;Power Bank;Elektronik;268700.0;14;0;3.2;2025-10-10;Sulawesi Selatan;SELLER_015_1;4;10;0;3761800.0;Rp 268.700;Rp 3.761.800
PROD_0015;Power Bank;Elektronik;269400.0;22;0;3.9;2025-10-11;Sulawesi Selatan;SELLER_015_3;5;10;1;5926800.0;Rp 269.400;Rp 5.926.800
PROD_0015;Power Bank;Elektronik;260000.0;23;0;4.2;2025-10-12;Jakarta;SELLER_015_2;6;10;1;5980000.0;Rp 260.000;Rp 5.980.000
PROD_0015;Power Bank;Elektronik;268400.0;16;15;3.3;2025-10-13;Sulawesi Selatan;SELLER_015_1;0;10;0;3650200.0;Rp 268.400;Rp 3.650.200
PROD_0015;Power Bank;Elektronik;264400.0;21;0;3.6;2025-10-14;Bali;SELLER_015_2;1;10;0;5552400.0;Rp 264.400;Rp 5.552.400
PROD_0015;Power Bank;Elektronik;250700.0;24;0;3.8;2025-10-15;Sulawesi Selatan;SELLER_015_3;2;10;0;6016800.0;Rp 250.700;Rp 6.016.800
PROD_0015;Power Bank;Elektronik;255000.0;19;20;4.9;2025-10-16;Jawa Barat;SELLER_015_2;3;10;0;3876000.0;Rp 255.000;Rp 3.876.000
PROD_0015;Power Bank;Elektronik;258800.0;18;0;4.0;2025-10-17;Jakarta;SELLER_015_2;4;10;0;4658400.0;Rp 258.800;Rp 4.658.400
PROD_0015;Power Bank;Elektronik;259400.0;20;0;4.2;2025-10-18;Bali;SELLER_015_3;5;10;1;5188000.0;Rp 259.400;Rp 5.188.000
PROD_0015;Power Bank;Elektronik;244600.0;26;0;3.1;2025-10-19;Sumatera Utara;SELLER_015_3;6;10;1;6359600.0;Rp 244.600;Rp 6.359.600
PROD_0015;Power Bank;Elektronik;257900.0;15;0;3.1;2025-10-20;Jawa Tengah;SELLER_015_1;0;10;0;3868500.0;Rp 257.900;Rp 3.868.500
PROD_0015;Power Bank;Elektronik;256100.0;21;0;3.7;2025-10-21;Bali;SELLER_015_3;1;10;0;5378100.0;Rp 256.100;Rp 5.378.100
PROD_0015;Power Bank;Elektronik;268400.0;23;0;3.8;2025-10-22;Sumatera Utara;SELLER_015_1;2;10;0;6173200.0;Rp 268.400;Rp 6.173.200
PROD_0015;Power Bank;Elektronik;255100.0;20;0;3.2;2025-10-23;Sulawesi Selatan;SELLER_015_1;3;10;0;5102000.0;Rp 255.100;Rp 5.102.000
PROD_0015;Power Bank;Elektronik;266500.0;26;0;3.4;2025-10-24;Jawa Timur;SELLER_015_1;4;10;0;6929000.0;Rp 266.500;Rp 6.929.000
PROD_0015;Power Bank;Elektronik;252300.0;20;0;3.6;2025-10-25;Kalimantan Timur;SELLER_015_1;5;10;1;5046000.0;Rp 252.300;Rp 5.046.000
PROD_0015;Power Bank;Elektronik;252400.0;29;15;2.8;2025-10-26;Jawa Timur;SELLER_015_1;6;10;1;6221700.0;Rp 252.400;Rp 6.221.700
PROD_0015;Power Bank;Elektronik;257700.0;16;0;3.2;2025-10-27;Sulawesi Selatan;SELLER_015_3;0;10;0;4123200.0;Rp 257.700;Rp 4.123.200
PROD_0015;Power Bank;Elektronik;254300.0;22;5;4.3;2025-10-28;Jakarta;SELLER_015_1;1;10;0;5314900.0;Rp 254.300;Rp 5.314.900
PROD_0015;Power Bank;Elektronik;263500.0;14;0;3.1;2025-10-29;Bali;SELLER_015_2;2;10;0;3689000.0;Rp 263.500;Rp 3.689.000
PROD_0015;Power Bank;Elektronik;253400.0;20;5;3.7;2025-10-30;Jawa Barat;SELLER_015_1;3;10;0;4814600.0;Rp 253.400;Rp 4.814.600
PROD_0015;Power Bank;Elektronik;257600.0;17;0;3.8;2025-10-31;Kalimantan Timur;SELLER_015_1;4;10;0;4379200.0;Rp 257.600;Rp 4.379.200
PROD_0015;Power Bank;Elektronik;269000.0;24;5;3.8;2025-11-01;Jakarta;SELLER_015_1;5;11;1;6133200.0;Rp 269.000;Rp 6.133.200
PROD_0015;Power Bank;Elektronik;269000.0;23;0;2.8;2025-11-02;Jawa Barat;SELLER_015_2;6;11;1;6187000.0;Rp 269.000;Rp 6.187.000
PROD_0015;Power Bank;Elektronik;269600.0;19;5;3.1;2025-11-03;Jawa Timur;SELLER_015_3;0;11;0;4866300.0;Rp 269.600;Rp 4.866.300
PROD_0015;Power Bank;Elektronik;249100.0;19;0;3.3;2025-11-04;Sulawesi Selatan;SELLER_015_3;1;11;0;4732900.0;Rp 249.100;Rp 4.732.900
PROD_0015;Power Bank;Elektronik;265800.0;21;10;3.2;2025-11-05;Jawa Timur;SELLER_015_2;2;11;0;5023600.0;Rp 265.800;Rp 5.023.600
PROD_0015;Power Bank;Elektronik;264100.0;24;0;3.6;2025-11-06;Sulawesi Selatan;SELLER_015_3;3;11;0;6338400.0;Rp 264.100;Rp 6.338.400
PROD_0015;Power Bank;Elektronik;265200.0;18;0;3.6;2025-11-07;Jawa Barat;SELLER_015_3;4;11;0;4773600.0;Rp 265.200;Rp 4.773.600
PROD_0015;Power Bank;Elektronik;255700.0;15;0;3.0;2025-11-08;Sumatera Utara;SELLER_015_1;5;11;1;3835500.0;Rp 255.700;Rp 3.835.500
PROD_0015;Power Bank;Elektronik;256800.0;23;0;2.8;2025-11-09;Bali;SELLER_015_1;6;11;1;5906400.0;Rp 256.800;Rp 5.906.400
PROD_0015;Power Bank;Elektronik;254800.0;13;0;3.4;2025-11-10;Jakarta;SELLER_015_2;0;11;0;3312400.0;Rp 254.800;Rp 3.312.400
PROD_0015;Power Bank;Elektronik;254800.0;13;0;3.8;2025-11-11;Kalimantan Timur;SELLER_015_1;1;11;0;3312400.0;Rp 254.800;Rp 3.312.400
PROD_0015;Power Bank;Elektronik;253500.0;15;0;3.1;2025-11-12;Bali;SELLER_015_3;2;11;0;3802500.0;Rp 253.500;Rp 3.802.500
PROD_0015;Power Bank;Elektronik;254200.0;16;0;3.4;2025-11-13;Sulawesi Selatan;SELLER_015_1;3;11;0;4067200.0;Rp 254.200;Rp 4.067.200
PROD_0015;Power Bank;Elektronik;253800.0;24;0;3.6;2025-11-14;Jawa Barat;SELLER_015_1;4;11;0;6091200.0;Rp 253.800;Rp 6.091.200
PROD_0015;Power Bank;Elektronik;262700.0;22;0;3.4;2025-11-15;Sulawesi Selatan;SELLER_015_2;5;11;1;5779400.0;Rp 262.700;Rp 5.779.400
PROD_0015;Power Bank;Elektronik;251800.0;27;0;3.6;2025-11-16;Jakarta;SELLER_015_2;6;11;1;6798600.0;Rp 251.800;Rp 6.798.600
PROD_0015;Power Bank;Elektronik;251800.0;26;0;3.6;2025-11-17;Kalimantan Timur;SELLER_015_2;0;11;0;6546800.0;Rp 251.800;Rp 6.546.800
PROD_0015;Power Bank;Elektronik;251600.0;14;0;3.5;2025-11-18;Bali;SELLER_015_2;1;11;0;3522400.0;Rp 251.600;Rp 3.522.400
PROD_0015;Power Bank;Elektronik;245800.0;19;0;3.8;2025-11-19;Sumatera Utara;SELLER_015_3;2;11;0;4670200.0;Rp 245.800;Rp 4.670.200
PROD_0015;Power Bank;Elektronik;261500.0;15;15;3.7;2025-11-20;Kalimantan Timur;SELLER_015_3;3;11;0;3334100.0;Rp 261.500;Rp 3.334.100
PROD_0015;Power Bank;Elektronik;258100.0;19;15;2.9;2025-11-21;Sumatera Utara;SELLER_015_2;4;11;0;4168300.0;Rp 258.100;Rp 4.168.300
PROD_0015;Power Bank;Elektronik;244300.0;16;0;3.3;2025-11-22;Jakarta;SELLER_015_2;5;11;1;3908800.0;Rp 244.300;Rp 3.908.800
PROD_0015;Power Bank;Elektronik;255000.0;20;15;3.8;2025-11-23;Jakarta;SELLER_015_2;6;11;1;4335000.0;Rp 255.000;Rp 4.335.000
PROD_0015;Power Bank;Elektronik;251400.0;21;15;3.4;2025-11-24;Sulawesi Selatan;SELLER_015_2;0;11;0;4487500.0;Rp 251.400;Rp 4.487.500
PROD_0015;Power Bank;Elektronik;266900.0;21;0;3.2;2025-11-25;Jawa Timur;SELLER_015_3;1;11;0;5604900.0;Rp 266.900;Rp 5.604.900
PROD_0015;Power Bank;Elektronik;244700.0;19;0;4.0;2025-11-26;Sulawesi Selatan;SELLER_015_2;2;11;0;4649300.0;Rp 244.700;Rp 4.649.300
PROD_0015;Power Bank;Elektronik;261900.0;20;15;2.8;2025-11-27;Jawa Barat;SELLER_015_3;3;11;0;4452300.0;Rp 261.900;Rp 4.452.300
PROD_0015;Power Bank;Elektronik;252300.0;17;0;3.9;2025-11-28;Kalimantan Timur;SELLER_015_3;4;11;0;4289100.0;Rp 252.300;Rp 4.289.100
PROD_0015;Power Bank;Elektronik;250800.0;22;0;3.2;2025-11-29;Sulawesi Selatan;SELLER_015_2;5;11;1;5517600.0;Rp 250.800;Rp 5.517.600
PROD_0015;Power Bank;Elektronik;247900.0;19;10;3.6;2025-11-30;Jawa Barat;SELLER_015_3;6;11;1;4239100.0;Rp 247.900;Rp 4.239.100
PROD_0015;Power Bank;Elektronik;302400.0;16;5;4.1;2025-12-01;Jakarta;SELLER_015_1;0;12;0;4596500.0;Rp 302.400;Rp 4.596.500
PROD_0015;Power Bank;Elektronik;306600.0;18;0;2.4;2025-12-02;Kalimantan Timur;SELLER_015_2;1;12;0;5518800.0;Rp 306.600;Rp 5.518.800
PROD_0015;Power Bank;Elektronik;305600.0;20;20;2.9;2025-12-03;Jawa Timur;SELLER_015_3;2;12;0;4889600.0;Rp 305.600;Rp 4.889.600
PROD_0015;Power Bank;Elektronik;294300.0;23;0;4.7;2025-12-04;Kalimantan Timur;SELLER_015_1;3;12;0;6768900.0;Rp 294.300;Rp 6.768.900
PROD_0015;Power Bank;Elektronik;287900.0;25;0;3.5;2025-12-05;Jawa Tengah;SELLER_015_1;4;12;0;7197500.0;Rp 287.900;Rp 7.197.500
PROD_0015;Power Bank;Elektronik;290900.0;17;0;3.9;2025-12-06;Sumatera Utara;SELLER_015_3;5;12;1;4945300.0;Rp 290.900;Rp 4.945.300
PROD_0015;Power Bank;Elektronik;290900.0;18;5;3.2;2025-12-07;Jakarta;SELLER_015_1;6;12;1;4974400.0;Rp 290.900;Rp 4.974.400
PROD_0015;Power Bank;Elektronik;286500.0;25;0;3.8;2025-12-08;Sulawesi Selatan;SELLER_015_1;0;12;0;7162500.0;Rp 286.500;Rp 7.162.500
PROD_0015;Power Bank;Elektronik;308300.0;23;5;3.3;2025-12-09;Jakarta;SELLER_015_1;1;12;0;6736400.0;Rp 308.300;Rp 6.736.400
PROD_0015;Power Bank;Elektronik;302500.0;13;0;3.2;2025-12-10;Kalimantan Timur;SELLER_015_1;2;12;0;3932500.0;Rp 302.500;Rp 3.932.500
PROD_0015;Power Bank;Elektronik;295000.0;25;0;3.7;2025-12-11;Sumatera Utara;SELLER_015_3;3;12;0;7375000.0;Rp 295.000;Rp 7.375.000
PROD_0015;Power Bank;Elektronik;310000.0;18;0;3.6;2025-12-12;Jawa Timur;SELLER_015_1;4;12;0;5580000.0;Rp 310.000;Rp 5.580.000
PROD_0015;Power Bank;Elektronik;296300.0;30;0;3.3;2025-12-13;Jawa Barat;SELLER_015_3;5;12;1;8889000.0;Rp 296.300;Rp 8.889.000
PROD_0015;Power Bank;Elektronik;290100.0;21;0;2.7;2025-12-14;Jakarta;SELLER_015_1;6;12;1;6092100.0;Rp 290.100;Rp 6.092.100
PROD_0015;Power Bank;Elektronik;286700.0;24;0;3.2;2025-12-15;Sulawesi Selatan;SELLER_015_2;0;12;0;6880800.0;Rp 286.700;Rp 6.880.800
PROD_0015;Power Bank;Elektronik;302200.0;20;0;4.2;2025-12-16;Sumatera Utara;SELLER_015_1;1;12;0;6044000.0;Rp 302.200;Rp 6.044.000
PROD_0015;Power Bank;Elektronik;291800.0;13;0;4.1;2025-12-17;Jawa Timur;SELLER_015_1;2;12;0;3793400.0;Rp 291.800;Rp 3.793.400
PROD_0015;Power Bank;Elektronik;307400.0;24;0;3.2;2025-12-18;Sulawesi Selatan;SELLER_015_1;3;12;0;7377600.0;Rp 307.400;Rp 7.377.600
PROD_0015;Power Bank;Elektronik;286100.0;21;0;3.7;2025-12-19;Jawa Timur;SELLER_015_3;4;12;0;6008100.0;Rp 286.100;Rp 6.008.100
PROD_0015;Power Bank;Elektronik;305400.0;20;20;2.6;2025-12-20;Jawa Barat;SELLER_015_1;5;12;1;4886400.0;Rp 305.400;Rp 4.886.400
PROD_0015;Power Bank;Elektronik;303300.0;30;0;3.1;2025-12-21;Jawa Barat;SELLER_015_3;6;12;1;9099000.0;Rp 303.300;Rp 9.099.000
PROD_0015;Power Bank;Elektronik;283900.0;33;0;3.5;2025-12-22;Kalimantan Timur;SELLER_015_3;0;12;0;9368700.0;Rp 283.900;Rp 9.368.700
PROD_0015;Power Bank;Elektronik;305500.0;20;15;4.4;2025-12-23;Sumatera Utara;SELLER_015_3;1;12;0;5193500.0;Rp 305.500;Rp 5.193.500
PROD_0015;Power Bank;Elektronik;309100.0;17;0;3.7;2025-12-24;Bali;SELLER_015_1;2;12;0;5254700.0;Rp 309.100;Rp 5.254.700
PROD_0015;Power Bank;Elektronik;308000.0;25;0;2.5;2025-12-25;Kalimantan Timur;SELLER_015_1;3;12;0;7700000.0;Rp 308.000;Rp 7.700.000
PROD_0015;Power Bank;Elektronik;286100.0;16;0;3.3;2025-12-26;Jakarta;SELLER_015_2;4;12;0;4577600.0;Rp 286.100;Rp 4.577.600
PROD_0015;Power Bank;Elektronik;297800.0;22;0;3.8;2025-12-27;Sumatera Utara;SELLER_015_1;5;12;1;6551600.0;Rp 297.800;Rp 6.551.600
PROD_0015;Power Bank;Elektronik;295400.0;29;5;2.9;2025-12-28;Kalimantan Timur;SELLER_015_3;6;12;1;8138300.0;Rp 295.400;Rp 8.138.300
PROD_0015;Power Bank;Elektronik;287300.0;13;0;3.1;2025-12-29;Jakarta;SELLER_015_3;0;12;0;3734900.0;Rp 287.300;Rp 3.734.900
PROD_0015;Power Bank;Elektronik;302700.0;19;20;3.5;2025-12-30;Sulawesi Selatan;SELLER_015_3;1;12;0;4601000.0;Rp 302.700;Rp 4.601.000
PROD_0015;Power Bank;Elektronik;295200.0;24;0;3.4;2025-12-31;Sumatera Utara;SELLER_015_2;2;12;0;7084800.0;Rp 295.200;Rp 7.084.800
PROD_0015;Power Bank;Elektronik;285600.0;20;15;3.9;2026-01-01;Jakarta;SELLER_015_2;3;1;0;4855200.0;Rp 285.600;Rp 4.855.200
PROD_0015;Power Bank;Elektronik;301100.0;20;0;3.8;2026-01-02;Jawa Tengah;SELLER_015_3;4;1;0;6022000.0;Rp 301.100;Rp 6.022.000
PROD_0015;Power Bank;Elektronik;301300.0;16;0;3.3;2026-01-03;Jawa Tengah;SELLER_015_3;5;1;1;4820800.0;Rp 301.300;Rp 4.820.800
PROD_0015;Power Bank;Elektronik;301600.0;27;0;3.9;2026-01-04;Jakarta;SELLER_015_3;6;1;1;8143200.0;Rp 301.600;Rp 8.143.200
PROD_0015;Power Bank;Elektronik;309300.0;39;5;3.6;2026-01-05;Sumatera Utara;SELLER_015_1;0;1;0;11459600.0;Rp 309.300;Rp 11.459.600
PROD_0016;LED Strip;Elektronik;249800.0;17;0;2.9;2025-10-08;Bali;SELLER_016_1;2;10;0;4246600.0;Rp 249.800;Rp 4.246.600
PROD_0016;LED Strip;Elektronik;252600.0;18;0;3.4;2025-10-09;Jawa Tengah;SELLER_016_3;3;10;0;4546800.0;Rp 252.600;Rp 4.546.800
PROD_0016;LED Strip;Elektronik;270300.0;25;10;3.5;2025-10-10;Kalimantan Timur;SELLER_016_2;4;10;0;6081800.0;Rp 270.300;Rp 6.081.800
PROD_0016;LED Strip;Elektronik;268800.0;28;0;3.4;2025-10-11;Jawa Tengah;SELLER_016_2;5;10;1;7526400.0;Rp 268.800;Rp 7.526.400
PROD_0016;LED Strip;Elektronik;257600.0;29;0;4.1;2025-10-12;Jakarta;SELLER_016_1;6;10;1;7470400.0;Rp 257.600;Rp 7.470.400
PROD_0016;LED Strip;Elektronik;254500.0;19;0;3.7;2025-10-13;Bali;SELLER_016_3;0;10;0;4835500.0;Rp 254.500;Rp 4.835.500
PROD_0016;LED Strip;Elektronik;248300.0;16;0;3.7;2025-10-14;Sulawesi Selatan;SELLER_016_3;1;10;0;3972800.0;Rp 248.300;Rp 3.972.800
PROD_0016;LED Strip;Elektronik;271000.0;22;0;2.4;2025-10-15;Jakarta;SELLER_016_2;2;10;0;5962000.0;Rp 271.000;Rp 5.962.000
PROD_0016;LED Strip;Elektronik;254700.0;21;0;4.0;2025-10-16;Jawa Tengah;SELLER_016_3;3;10;0;5348700.0;Rp 254.700;Rp 5.348.700
PROD_0016;LED Strip;Elektronik;250200.0;17;10;3.8;2025-10-17;Jakarta;SELLER_016_2;4;10;0;3828100.0;Rp 250.200;Rp 3.828.100
PROD_0016;LED Strip;Elektronik;246400.0;18;15;4.1;2025-10-18;Sulawesi Selatan;SELLER_016_1;5;10;1;3769900.0;Rp 246.400;Rp 3.769.900
PROD_0016;LED Strip;Elektronik;257100.0;25;10;4.1;2025-10-19;Bali;SELLER_016_3;6;10;1;5784800.0;Rp 257.100;Rp 5.784.800
PROD_0016;LED Strip;Elektronik;268300.0;19;5;3.1;2025-10-20;Kalimantan Timur;SELLER_016_2;0;10;0;4842800.0;Rp 268.300;Rp 4.842.800
PROD_0016;LED Strip;Elektronik;249600.0;23;0;3.5;2025-10-21;Jawa Tengah;SELLER_016_1;1;10;0;5740800.0;Rp 249.600;Rp 5.740.800
PROD_0016;LED Strip;Elektronik;260500.0;19;15;3.4;2025-10-22;Jawa Barat;SELLER_016_2;2;10;0;4207100.0;Rp 260.500;Rp 4.207.100
PROD_0016;LED Strip;Elektronik;265900.0;20;0;3.2;2025-10-23;Jawa Timur;SELLER_016_1;3;10;0;5318000.0;Rp 265.900;Rp 5.318.000
PROD_0016;LED Strip;Elektronik;253400.0;21;0;3.1;2025-10-24;Bali;SELLER_016_3;4;10;0;5321400.0;Rp 253.400;Rp 5.321.400
PROD_0016;LED Strip;Elektronik;269400.0;17;10;3.6;2025-10-25;Sulawesi Selatan;SELLER_016_1;5;10;1;4121800.0;Rp 269.400;Rp 4.121.800
PROD_0016;LED Strip;Elektronik;263500.0;25;10;3.3;2025-10-26;Bali;SELLER_016_1;6;10;1;5928800.0;Rp 263.500;Rp 5.928.800
PROD_0016;LED Strip;Elektronik;246600.0;23;5;3.5;2025-10-27;Sumatera Utara;SELLER_016_2;0;10;0;5388200.0;Rp 246.600;Rp 5.388.200
PROD_0016;LED Strip;Elektronik;266000.0;22;0;3.2;2025-10-28;Jawa Tengah;SELLER_016_2;1;10;0;5852000.0;Rp 266.000;Rp 5.852.000
PROD_0016;LED Strip;Elektronik;247800.0;13;10;3.6;2025-10-29;Kalimantan Timur;SELLER_016_2;2;10;0;2899300.0;Rp 247.800;Rp 2.899.300
PROD_0016;LED Strip;Elektronik;266200.0;26;5;2.9;2025-10-30;Sumatera Utara;SELLER_016_1;3;10;0;6575100.0;Rp 266.200;Rp 6.575.100
PROD_0016;LED Strip;Elektronik;251100.0;18;5;3.3;2025-10-31;Jawa Timur;SELLER_016_1;4;10;0;4293800.0;Rp 251.100;Rp 4.293.800
PROD_0016;LED Strip;Elektronik;255500.0;34;5;4.2;2025-11-01;Sumatera Utara;SELLER_016_3;5;11;1;8252600.0;Rp 255.500;Rp 8.252.600
PROD_0016;LED Strip;Elektronik;262900.0;15;0;4.1;2025-11-02;Kalimantan Timur;SELLER_016_1;6;11;1;3943500.0;Rp 262.900;Rp 3.943.500
PROD_0016;LED Strip;Elektronik;271100.0;17;0;2.9;2025-11-03;Sumatera Utara;SELLER_016_2;0;11;0;4608700.0;Rp 271.100;Rp 4.608.700
PROD_0016;LED Strip;Elektronik;257500.0;21;0;3.1;2025-11-04;Jawa Timur;SELLER_016_3;1;11;0;5407500.0;Rp 257.500;Rp 5.407.500
PROD_0016;LED Strip;Elektronik;269500.0;19;0;3.6;2025-11-05;Jakarta;SELLER_016_3;2;11;0;5120500.0;Rp 269.500;Rp 5.120.500
PROD_0016;LED Strip;Elektronik;264700.0;15;5;4.0;2025-11-06;Sulawesi Selatan;SELLER_016_2;3;11;0;3772000.0;Rp 264.700;Rp 3.772.000
PROD_0016;LED Strip;Elektronik;270500.0;18;10;3.2;2025-11-07;Jawa Tengah;SELLER_016_1;4;11;0;4382100.0;Rp 270.500;Rp 4.382.100
PROD_0016;LED Strip;Elektronik;265500.0;27;0;2.5;2025-11-08;Bali;SELLER_016_2;5;11;1;7168500.0;Rp 265.500;Rp 7.168.500
PROD_0016;LED Strip;Elektronik;264800.0;27;0;2.7;2025-11-09;Bali;SELLER_016_3;6;11;1;7149600.0;Rp 264.800;Rp 7.149.600
PROD_0016;LED Strip;Elektronik;248500.0;20;0;3.5;2025-11-10;Jakarta;SELLER_016_2;0;11;0;4970000.0;Rp 248.500;Rp 4.970.000
PROD_0016;LED Strip;Elektronik;267300.0;20;0;4.0;2025-11-11;Jawa Tengah;SELLER_016_2;1;11;0;5346000.0;Rp 267.300;Rp 5.346.000
PROD_0016;LED Strip;Elektronik;253900.0;19;0;4.1;2025-11-12;Sulawesi Selatan;SELLER_016_3;2;11;0;4824100.0;Rp 253.900;Rp 4.824.100
PROD_0016;LED Strip;Elektronik;254700.0;21;5;3.4;2025-11-13;Kalimantan Timur;SELLER_016_1;3;11;0;5081300.0;Rp 254.700;Rp 5.081.300
PROD_0016;LED Strip;Elektronik;252600.0;22;5;3.7;2025-11-14;Jakarta;SELLER_016_2;4;11;0;5279300.0;Rp 252.600;Rp 5.279.300
PROD_0016;LED Strip;Elektronik;251700.0;20;0;3.9;2025-11-15;Kalimantan Timur;SELLER_016_2;5;11;1;5034000.0;Rp 251.700;Rp 5.034.000
PROD_0016;LED Strip;Elektronik;255800.0;23;0;3.6;2025-11-16;Sulawesi Selatan;SELLER_016_2;6;11;1;5883400.0;Rp 255.800;Rp 5.883.400
PROD_0016;LED Strip;Elektronik;246400.0;21;0;3.6;2025-11-17;Jawa Tengah;SELLER_016_2;0;11;0;5174400.0;Rp 246.400;Rp 5.174.400
PROD_0016;LED Strip;Elektronik;254800.0;31;15;3.5;2025-11-18;Sulawesi Selatan;SELLER_016_3;1;11;0;6714000.0;Rp 254.800;Rp 6.714.000
PROD_0016;LED Strip;Elektronik;261800.0;19;15;3.2;2025-11-19;Jawa Timur;SELLER_016_2;2;11;0;4228100.0;Rp 261.800;Rp 4.228.100
PROD_0016;LED Strip;Elektronik;250400.0;20;0;3.6;2025-11-20;Bali;SELLER_016_1;3;11;0;5008000.0;Rp 250.400;Rp 5.008.000
PROD_0016;LED Strip;Elektronik;257800.0;24;0;4.4;2025-11-21;Jawa Timur;SELLER_016_1;4;11;0;6187200.0;Rp 257.800;Rp 6.187.200
PROD_0016;LED Strip;Elektronik;259200.0;22;0;3.5;2025-11-22;Sumatera Utara;SELLER_016_1;5;11;1;5702400.0;Rp 259.200;Rp 5.702.400
PROD_0016;LED Strip;Elektronik;268100.0;26;0;3.3;2025-11-23;Sumatera Utara;SELLER_016_1;6;11;1;6970600.0;Rp 268.100;Rp 6.970.600
PROD_0016;LED Strip;Elektronik;251200.0;18;15;3.0;2025-11-24;Bali;SELLER_016_1;0;11;0;3843400.0;Rp 251.200;Rp 3.843.400
PROD_0016;LED Strip;Elektronik;248300.0;23;0;3.0;2025-11-25;Jawa Timur;SELLER_016_3;1;11;0;5710900.0;Rp 248.300;Rp 5.710.900
PROD_0016;LED Strip;Elektronik;262200.0;22;5;3.1;2025-11-26;Bali;SELLER_016_1;2;11;0;5480000.0;Rp 262.200;Rp 5.480.000
PROD_0016;LED Strip;Elektronik;260700.0;17;5;3.6;2025-11-27;Jawa Timur;SELLER_016_2;3;11;0;4210300.0;Rp 260.700;Rp 4.210.300
PROD_0016;LED Strip;Elektronik;262000.0;18;0;3.8;2025-11-28;Jawa Barat;SELLER_016_2;4;11;0;4716000.0;Rp 262.000;Rp 4.716.000
PROD_0016;LED Strip;Elektronik;252700.0;34;15;3.5;2025-11-29;Kalimantan Timur;SELLER_016_1;5;11;1;7303000.0;Rp 252.700;Rp 7.303.000
PROD_0016;LED Strip;Elektronik;250100.0;25;0;2.6;2025-11-30;Kalimantan Timur;SELLER_016_3;6;11;1;6252500.0;Rp 250.100;Rp 6.252.500
PROD_0016;LED Strip;Elektronik;304200.0;19;0;4.2;2025-12-01;Sumatera Utara;SELLER_016_3;0;12;0;5779800.0;Rp 304.200;Rp 5.779.800
PROD_0016;LED Strip;Elektronik;311700.0;23;15;3.8;2025-12-02;Jawa Barat;SELLER_016_2;1;12;0;6093700.0;Rp 311.700;Rp 6.093.700
PROD_0016;LED Strip;Elektronik;304600.0;29;5;4.3;2025-12-03;Kalimantan Timur;SELLER_016_1;2;12;0;8391700.0;Rp 304.600;Rp 8.391.700
PROD_0016;LED Strip;Elektronik;292600.0;26;15;3.9;2025-12-04;Sumatera Utara;SELLER_016_1;3;12;0;6466500.0;Rp 292.600;Rp 6.466.500
PROD_0016;LED Strip;Elektronik;297200.0;19;0;4.1;2025-12-05;Jawa Tengah;SELLER_016_3;4;12;0;5646800.0;Rp 297.200;Rp 5.646.800
PROD_0016;LED Strip;Elektronik;294300.0;32;0;3.6;2025-12-06;Kalimantan Timur;SELLER_016_1;5;12;1;9417600.0;Rp 294.300;Rp 9.417.600
PROD_0016;LED Strip;Elektronik;307800.0;20;10;3.1;2025-12-07;Jakarta;SELLER_016_1;6;12;1;5540400.0;Rp 307.800;Rp 5.540.400
PROD_0016;LED Strip;Elektronik;306500.0;32;20;3.4;2025-12-08;Jawa Timur;SELLER_016_2;0;12;0;7846400.0;Rp 306.500;Rp 7.846.400
PROD_0016;LED Strip;Elektronik;308000.0;21;0;3.6;2025-12-09;Jawa Timur;SELLER_016_3;1;12;0;6468000.0;Rp 308.000;Rp 6.468.000
PROD_0016;LED Strip;Elektronik;306300.0;17;0;3.9;2025-12-10;Kalimantan Timur;SELLER_016_1;2;12;0;5207100.0;Rp 306.300;Rp 5.207.100
PROD_0016;LED Strip;Elektronik;291800.0;26;0;3.8;2025-12-11;Sumatera Utara;SELLER_016_1;3;12;0;7586800.0;Rp 291.800;Rp 7.586.800
PROD_0016;LED Strip;Elektronik;290400.0;21;0;2.8;2025-12-12;Jawa Timur;SELLER_016_1;4;12;0;6098400.0;Rp 290.400;Rp 6.098.400
PROD_0016;LED Strip;Elektronik;308400.0;27;0;3.4;2025-12-13;Sumatera Utara;SELLER_016_3;5;12;1;8326800.0;Rp 308.400;Rp 8.326.800
PROD_0016;LED Strip;Elektronik;312600.0;29;0;3.6;2025-12-14;Jakarta;SELLER_016_2;6;12;1;9065400.0;Rp 312.600;Rp 9.065.400
PROD_0016;LED Strip;Elektronik;303800.0;21;5;4.1;2025-12-15;Jawa Timur;SELLER_016_3;0;12;0;6060800.0;Rp 303.800;Rp 6.060.800
PROD_0016;LED Strip;Elektronik;301000.0;26;5;3.2;2025-12-16;Jawa Barat;SELLER_016_2;1;12;0;7434700.0;Rp 301.000;Rp 7.434.700
PROD_0016;LED Strip;Elektronik;309800.0;24;0;3.1;2025-12-17;Jakarta;SELLER_016_2;2;12;0;7435200.0;Rp 309.800;Rp 7.435.200
PROD_0016;LED Strip;Elektronik;301700.0;26;5;3.3;2025-12-18;Kalimantan Timur;SELLER_016_1;3;12;0;7452000.0;Rp 301.700;Rp 7.452.000
PROD_0016;LED Strip;Elektronik;283000.0;25;0;2.3;2025-12-19;Sulawesi Selatan;SELLER_016_2;4;12;0;7075000.0;Rp 283.000;Rp 7.075.000
PROD_0016;LED Strip;Elektronik;310200.0;34;0;3.2;2025-12-20;Bali;SELLER_016_2;5;12;1;10546800.0;Rp 310.200;Rp 10.546.800
PROD_0016;LED Strip;Elektronik;305800.0;24;15;3.7;2025-12-21;Jawa Tengah;SELLER_016_1;6;12;1;6238300.0;Rp 305.800;Rp 6.238.300
PROD_0016;LED Strip;Elektronik;298900.0;19;0;3.5;2025-12-22;Bali;SELLER_016_3;0;12;0;5679100.0;Rp 298.900;Rp 5.679.100
PROD_0016;LED Strip;Elektronik;296600.0;19;0;4.0;2025-12-23;Sumatera Utara;SELLER_016_3;1;12;0;5635400.0;Rp 296.600;Rp 5.635.400
PROD_0016;LED Strip;Elektronik;301800.0;34;5;4.5;2025-12-24;Jawa Timur;SELLER_016_2;2;12;0;9748100.0;Rp 301.800;Rp 9.748.100
PROD_0016;LED Strip;Elektronik;301200.0;18;0;3.2;2025-12-25;Sumatera Utara;SELLER_016_2;3;12;0;5421600.0;Rp 301.200;Rp 5.421.600
PROD_0016;LED Strip;Elektronik;295800.0;18;0;3.9;2025-12-26;Bali;SELLER_016_2;4;12;0;5324400.0;Rp 295.800;Rp 5.324.400
PROD_0016;LED Strip;Elektronik;295900.0;22;0;2.7;2025-12-27;Jawa Barat;SELLER_016_2;5;12;1;6509800.0;Rp 295.900;Rp 6.509.800
PROD_0016;LED Strip;Elektronik;295300.0;24;10;3.3;2025-12-28;Sulawesi Selatan;SELLER_016_2;6;12;1;6378500.0;Rp 295.300;Rp 6.378.500
PROD_0016;LED Strip;Elektronik;297800.0;17;0;2.7;2025-12-29;Kalimantan Timur;SELLER_016_2;0;12;0;5062600.0;Rp 297.800;Rp 5.062.600
PROD_0016;LED Strip;Elektronik;284600.0;17;0;2.9;2025-12-30;Kalimantan Timur;SELLER_016_3;1;12;0;4838200.0;Rp 284.600;Rp 4.838.200
PROD_0016;LED Strip;Elektronik;308300.0;29;5;3.6;2025-12-31;Kalimantan Timur;SELLER_016_2;2;12;0;8493700.0;Rp 308.300;Rp 8.493.700
PROD_0016;LED Strip;Elektronik;302400.0;28;20;4.2;2026-01-01;Jawa Barat;SELLER_016_1;3;1;0;6773800.0;Rp 302.400;Rp 6.773.800
PROD_0016;LED Strip;Elektronik;292100.0;20;0;3.9;2026-01-02;Jawa Timur;SELLER_016_1;4;1;0;5842000.0;Rp 292.100;Rp 5.842.000
PROD_0016;LED Strip;Elektronik;294400.0;24;0;3.1;2026-01-03;Jakarta;SELLER_016_3;5;1;1;7065600.0;Rp 294.400;Rp 7.065.600
PROD_0016;LED Strip;Elektronik;299100.0;30;0;2.2;2026-01-04;Sumatera Utara;SELLER_016_1;6;1;1;8973000.0;Rp 299.100;Rp 8.973.000
PROD_0016;LED Strip;Elektronik;292700.0;24;5;3.4;2026-01-05;Kalimantan Timur;SELLER_016_1;0;1;0;6673600.0;Rp 292.700;Rp 6.673.600
PROD_0017;Beras Organik;Pertanian;101800.0;15;0;3.5;2025-10-08;Jakarta;SELLER_017_2;2;10;0;1527000.0;Rp 101.800;Rp 1.527.000
PROD_0017;Beras Organik;Pertanian;107300.0;23;0;3.5;2025-10-09;Sulawesi Selatan;SELLER_017_3;3;10;0;2467900.0;Rp 107.300;Rp 2.467.900
PROD_0017;Beras Organik;Pertanian;110500.0;13;0;3.1;2025-10-10;Bali;SELLER_017_3;4;10;0;1436500.0;Rp 110.500;Rp 1.436.500
PROD_0017;Beras Organik;Pertanian;108100.0;15;0;3.8;2025-10-11;Jawa Timur;SELLER_017_1;5;10;1;1621500.0;Rp 108.100;Rp 1.621.500
PROD_0017;Beras Organik;Pertanian;108400.0;18;15;3.7;2025-10-12;Kalimantan Timur;SELLER_017_2;6;10;1;1658500.0;Rp 108.400;Rp 1.658.500
PROD_0017;Beras Organik;Pertanian;111700.0;17;10;3.0;2025-10-13;Jawa Barat;SELLER_017_2;0;10;0;1709000.0;Rp 111.700;Rp 1.709.000
PROD_0017;Beras Organik;Pertanian;104500.0;17;20;2.4;2025-10-14;Jakarta;SELLER_017_1;1;10;0;1421200.0;Rp 104.500;Rp 1.421.200
PROD_0017;Beras Organik;Pertanian;107200.0;16;5;4.3;2025-10-15;Sumatera Utara;SELLER_017_1;2;10;0;1629400.0;Rp 107.200;Rp 1.629.400
PROD_0017;Beras Organik;Pertanian;109500.0;28;15;3.7;2025-10-16;Kalimantan Timur;SELLER_017_3;3;10;0;2606100.0;Rp 109.500;Rp 2.606.100
PROD_0017;Beras Organik;Pertanian;111800.0;18;0;3.1;2025-10-17;Jawa Barat;SELLER_017_2;4;10;0;2012400.0;Rp 111.800;Rp 2.012.400
PROD_0017;Beras Organik;Pertanian;107500.0;25;0;3.7;2025-10-18;Bali;SELLER_017_3;5;10;1;2687500.0;Rp 107.500;Rp 2.687.500
PROD_0017;Beras Organik;Pertanian;103300.0;18;0;3.6;2025-10-19;Kalimantan Timur;SELLER_017_2;6;10;1;1859400.0;Rp 103.300;Rp 1.859.400
PROD_0017;Beras Organik;Pertanian;106200.0;21;10;3.2;2025-10-20;Bali;SELLER_017_1;0;10;0;2007200.0;Rp 106.200;Rp 2.007.200
PROD_0017;Beras Organik;Pertanian;104600.0;28;0;3.9;2025-10-21;Sulawesi Selatan;SELLER_017_3;1;10;0;2928800.0;Rp 104.600;Rp 2.928.800
PROD_0017;Beras Organik;Pertanian;103800.0;16;0;3.0;2025-10-22;Jawa Barat;SELLER_017_3;2;10;0;1660800.0;Rp 103.800;Rp 1.660.800
PROD_0017;Beras Organik;Pertanian;110600.0;21;0;4.4;2025-10-23;Jawa Barat;SELLER_017_3;3;10;0;2322600.0;Rp 110.600;Rp 2.322.600
PROD_0017;Beras Organik;Pertanian;106100.0;21;0;3.0;2025-10-24;Sumatera Utara;SELLER_017_3;4;10;0;2228100.0;Rp 106.100;Rp 2.228.100
PROD_0017;Beras Organik;Pertanian;106800.0;35;0;3.3;2025-10-25;Bali;SELLER_017_1;5;10;1;3738000.0;Rp 106.800;Rp 3.738.000
PROD_0017;Beras Organik;Pertanian;105300.0;27;0;4.3;2025-10-26;Sulawesi Selatan;SELLER_017_1;6;10;1;2843100.0;Rp 105.300;Rp 2.843.100
PROD_0017;Beras Organik;Pertanian;109000.0;16;0;3.8;2025-10-27;Sumatera Utara;SELLER_017_2;0;10;0;1744000.0;Rp 109.000;Rp 1.744.000
PROD_0017;Beras Organik;Pertanian;110900.0;29;0;3.2;2025-10-28;Sulawesi Selatan;SELLER_017_3;1;10;0;3216100.0;Rp 110.900;Rp 3.216.100
PROD_0017;Beras Organik;Pertanian;107200.0;16;0;3.2;2025-10-29;Kalimantan Timur;SELLER_017_1;2;10;0;1715200.0;Rp 107.200;Rp 1.715.200
PROD_0017;Beras Organik;Pertanian;110200.0;17;0;3.4;2025-10-30;Bali;SELLER_017_3;3;10;0;1873400.0;Rp 110.200;Rp 1.873.400
PROD_0017;Beras Organik;Pertanian;110900.0;14;0;4.5;2025-10-31;Kalimantan Timur;SELLER_017_1;4;10;0;1552600.0;Rp 110.900;Rp 1.552.600
PROD_0017;Beras Organik;Pertanian;106200.0;18;5;3.9;2025-11-01;Jawa Timur;SELLER_017_2;5;11;1;1816000.0;Rp 106.200;Rp 1.816.000
PROD_0017;Beras Organik;Pertanian;110400.0;23;0;3.4;2025-11-02;Sumatera Utara;SELLER_017_2;6;11;1;2539200.0;Rp 110.400;Rp 2.539.200
PROD_0017;Beras Organik;Pertanian;104800.0;24;0;3.1;2025-11-03;Jawa Tengah;SELLER_017_3;0;11;0;2515200.0;Rp 104.800;Rp 2.515.200
PROD_0017;Beras Organik;Pertanian;105100.0;31;0;3.7;2025-11-04;Sulawesi Selatan;SELLER_017_1;1;11;0;3258100.0;Rp 105.100;Rp 3.258.100
PROD_0017;Beras Organik;Pertanian;109700.0;19;0;3.6;2025-11-05;Jawa Timur;SELLER_017_2;2;11;0;2084300.0;Rp 109.700;Rp 2.084.300
PROD_0017;Beras Organik;Pertanian;106000.0;26;15;3.2;2025-11-06;Kalimantan Timur;SELLER_017_1;3;11;0;2342600.0;Rp 106.000;Rp 2.342.600
PROD_0017;Beras Organik;Pertanian;103600.0;22;0;3.3;2025-11-07;Bali;SELLER_017_3;4;11;0;2279200.0;Rp 103.600;Rp 2.279.200
PROD_0017;Beras Organik;Pertanian;101800.0;25;0;4.2;2025-11-08;Jawa Barat;SELLER_017_1;5;11;1;2545000.0;Rp 101.800;Rp 2.545.000
PROD_0017;Beras Organik;Pertanian;104500.0;18;0;3.1;2025-11-09;Jawa Timur;SELLER_017_3;6;11;1;1881000.0;Rp 104.500;Rp 1.881.000
PROD_0017;Beras Organik;Pertanian;102600.0;22;0;4.4;2025-11-10;Jawa Tengah;SELLER_017_3;0;11;0;2257200.0;Rp 102.600;Rp 2.257.200
PROD_0017;Beras Organik;Pertanian;108100.0;27;0;3.6;2025-11-11;Sulawesi Selatan;SELLER_017_3;1;11;0;2918700.0;Rp 108.100;Rp 2.918.700
PROD_0017;Beras Organik;Pertanian;111700.0;22;0;3.2;2025-11-12;Sumatera Utara;SELLER_017_1;2;11;0;2457400.0;Rp 111.700;Rp 2.457.400
PROD_0017;Beras Organik;Pertanian;104300.0;21;0;3.2;2025-11-13;Jakarta;SELLER_017_3;3;11;0;2190300.0;Rp 104.300;Rp 2.190.300
PROD_0017;Beras Organik;Pertanian;108700.0;27;5;3.6;2025-11-14;Bali;SELLER_017_1;4;11;0;2788200.0;Rp 108.700;Rp 2.788.200
PROD_0017;Beras Organik;Pertanian;104000.0;24;0;3.0;2025-11-15;Kalimantan Timur;SELLER_017_1;5;11;1;2496000.0;Rp 104.000;Rp 2.496.000
PROD_0017;Beras Organik;Pertanian;107500.0;15;0;3.8;2025-11-16;Jawa Timur;SELLER_017_3;6;11;1;1612500.0;Rp 107.500;Rp 1.612.500
PROD_0017;Beras Organik;Pertanian;111300.0;28;0;3.0;2025-11-17;Jakarta;SELLER_017_2;0;11;0;3116400.0;Rp 111.300;Rp 3.116.400
PROD_0017;Beras Organik;Pertanian;102400.0;18;0;3.0;2025-11-18;Kalimantan Timur;SELLER_017_3;1;11;0;1843200.0;Rp 102.400;Rp 1.843.200
PROD_0017;Beras Organik;Pertanian;102900.0;20;0;3.5;2025-11-19;Bali;SELLER_017_3;2;11;0;2058000.0;Rp 102.900;Rp 2.058.000
PROD_0017;Beras Organik;Pertanian;102700.0;24;0;3.0;2025-11-20;Sulawesi Selatan;SELLER_017_1;3;11;0;2464800.0;Rp 102.700;Rp 2.464.800
PROD_0017;Beras Organik;Pertanian;103000.0;18;0;3.3;2025-11-21;Bali;SELLER_017_2;4;11;0;1854000.0;Rp 103.000;Rp 1.854.000
PROD_0017;Beras Organik;Pertanian;107800.0;25;0;3.5;2025-11-22;Sumatera Utara;SELLER_017_1;5;11;1;2695000.0;Rp 107.800;Rp 2.695.000
PROD_0017;Beras Organik;Pertanian;108700.0;31;0;3.2;2025-11-23;Kalimantan Timur;SELLER_017_3;6;11;1;3369700.0;Rp 108.700;Rp 3.369.700
PROD_0017;Beras Organik;Pertanian;107700.0;21;5;3.4;2025-11-24;Bali;SELLER_017_3;0;11;0;2148600.0;Rp 107.700;Rp 2.148.600
PROD_0017;Beras Organik;Pertanian;109000.0;18;0;2.8;2025-11-25;Jawa Timur;SELLER_017_1;1;11;0;1962000.0;Rp 109.000;Rp 1.962.000
PROD_0017;Beras Organik;Pertanian;111700.0;16;0;3.8;2025-11-26;Sulawesi Selatan;SELLER_017_3;2;11;0;1787200.0;Rp 111.700;Rp 1.787.200
PROD_0017;Beras Organik;Pertanian;107300.0;27;20;4.2;2025-11-27;Sulawesi Selatan;SELLER_017_2;3;11;0;2317700.0;Rp 107.300;Rp 2.317.700
PROD_0017;Beras Organik;Pertanian;111300.0;20;15;3.1;2025-11-28;Jawa Tengah;SELLER_017_3;4;11;0;1892100.0;Rp 111.300;Rp 1.892.100
PROD_0017;Beras Organik;Pertanian;107100.0;17;0;2.9;2025-11-29;Jawa Timur;SELLER_017_1;5;11;1;1820700.0;Rp 107.100;Rp 1.820.700
PROD_0017;Beras Organik;Pertanian;107600.0;19;0;4.3;2025-11-30;Jawa Tengah;SELLER_017_2;6;11;1;2044400.0;Rp 107.600;Rp 2.044.400
PROD_0017;Beras Organik;Pertanian;127300.0;17;0;2.6;2025-12-01;Jawa Timur;SELLER_017_2;0;12;0;2164100.0;Rp 127.300;Rp 2.164.100
PROD_0017;Beras Organik;Pertanian;119400.0;33;0;4.4;2025-12-02;Jakarta;SELLER_017_2;1;12;0;3940200.0;Rp 119.400;Rp 3.940.200
PROD_0017;Beras Organik;Pertanian;119800.0;18;0;4.0;2025-12-03;Jawa Tengah;SELLER_017_1;2;12;0;2156400.0;Rp 119.800;Rp 2.156.400
PROD_0017;Beras Organik;Pertanian;122000.0;24;0;3.4;2025-12-04;Sumatera Utara;SELLER_017_2;3;12;0;2928000.0;Rp 122.000;Rp 2.928.000
PROD_0017;Beras Organik;Pertanian;124800.0;19;0;3.1;2025-12-05;Jawa Tengah;SELLER_017_3;4;12;0;2371200.0;Rp 124.800;Rp 2.371.200
PROD_0017;Beras Organik;Pertanian;123700.0;41;0;3.5;2025-12-06;Bali;SELLER_017_2;5;12;1;5071700.0;Rp 123.700;Rp 5.071.700
PROD_0017;Beras Organik;Pertanian;119100.0;16;5;3.4;2025-12-07;Jakarta;SELLER_017_3;6;12;1;1810300.0;Rp 119.100;Rp 1.810.300
PROD_0017;Beras Organik;Pertanian;119100.0;25;0;3.8;2025-12-08;Jawa Timur;SELLER_017_3;0;12;0;2977500.0;Rp 119.100;Rp 2.977.500
PROD_0017;Beras Organik;Pertanian;124400.0;23;0;3.2;2025-12-09;Jawa Barat;SELLER_017_2;1;12;0;2861200.0;Rp 124.400;Rp 2.861.200
PROD_0017;Beras Organik;Pertanian;117900.0;24;5;3.1;2025-12-10;Jawa Timur;SELLER_017_1;2;12;0;2688100.0;Rp 117.900;Rp 2.688.100
PROD_0017;Beras Organik;Pertanian;124800.0;21;0;4.1;2025-12-11;Bali;SELLER_017_3;3;12;0;2620800.0;Rp 124.800;Rp 2.620.800
PROD_0017;Beras Organik;Pertanian;120200.0;20;0;3.7;2025-12-12;Sumatera Utara;SELLER_017_1;4;12;0;2404000.0;Rp 120.200;Rp 2.404.000
PROD_0017;Beras Organik;Pertanian;125400.0;44;0;4.1;2025-12-13;Kalimantan Timur;SELLER_017_3;5;12;1;5517600.0;Rp 125.400;Rp 5.517.600
PROD_0017;Beras Organik;Pertanian;124200.0;15;10;3.7;2025-12-14;Bali;SELLER_017_2;6;12;1;1676700.0;Rp 124.200;Rp 1.676.700
PROD_0017;Beras Organik;Pertanian;122400.0;20;0;3.0;2025-12-15;Jawa Tengah;SELLER_017_3;0;12;0;2448000.0;Rp 122.400;Rp 2.448.000
PROD_0017;Beras Organik;Pertanian;123600.0;19;10;4.0;2025-12-16;Jawa Barat;SELLER_017_3;1;12;0;2113600.0;Rp 123.600;Rp 2.113.600
PROD_0017;Beras Organik;Pertanian;117600.0;17;0;2.8;2025-12-17;Kalimantan Timur;SELLER_017_1;2;12;0;1999200.0;Rp 117.600;Rp 1.999.200
PROD_0017;Beras Organik;Pertanian;125700.0;27;0;3.4;2025-12-18;Jakarta;SELLER_017_3;3;12;0;3393900.0;Rp 125.700;Rp 3.393.900
PROD_0017;Beras Organik;Pertanian;127600.0;18;15;3.1;2025-12-19;Jawa Tengah;SELLER_017_3;4;12;0;1952300.0;Rp 127.600;Rp 1.952.300
PROD_0017;Beras Organik;Pertanian;118800.0;25;5;3.2;2025-12-20;Jawa Timur;SELLER_017_1;5;12;1;2821500.0;Rp 118.800;Rp 2.821.500
PROD_0017;Beras Organik;Pertanian;117700.0;34;0;3.1;2025-12-21;Bali;SELLER_017_1;6;12;1;4001800.0;Rp 117.700;Rp 4.001.800
PROD_0017;Beras Organik;Pertanian;128100.0;25;10;3.7;2025-12-22;Sulawesi Selatan;SELLER_017_1;0;12;0;2882200.0;Rp 128.100;Rp 2.882.200
PROD_0017;Beras Organik;Pertanian;118200.0;19;0;3.5;2025-12-23;Jawa Tengah;SELLER_017_2;1;12;0;2245800.0;Rp 118.200;Rp 2.245.800
PROD_0017;Beras Organik;Pertanian;122100.0;18;0;3.3;2025-12-24;Jawa Tengah;SELLER_017_2;2;12;0;2197800.0;Rp 122.100;Rp 2.197.800
PROD_0017;Beras Organik;Pertanian;128000.0;19;5;3.4;2025-12-25;Jawa Timur;SELLER_017_1;3;12;0;2310400.0;Rp 128.000;Rp 2.310.400
PROD_0017;Beras Organik;Pertanian;120300.0;20;0;3.2;2025-12-26;Sumatera Utara;SELLER_017_3;4;12;0;2406000.0;Rp 120.300;Rp 2.406.000
PROD_0017;Beras Organik;Pertanian;118100.0;20;0;3.4;2025-12-27;Jawa Tengah;SELLER_017_2;5;12;1;2362000.0;Rp 118.100;Rp 2.362.000
PROD_0017;Beras Organik;Pertanian;119700.0;30;10;3.6;2025-12-28;Jawa Tengah;SELLER_017_2;6;12;1;3231900.0;Rp 119.700;Rp 3.231.900
PROD_0017;Beras Organik;Pertanian;122200.0;23;10;3.6;2025-12-29;Kalimantan Timur;SELLER_017_2;0;12;0;2529500.0;Rp 122.200;Rp 2.529.500
PROD_0017;Beras Organik;Pertanian;123100.0;24;0;3.9;2025-12-30;Jawa Barat;SELLER_017_2;1;12;0;2954400.0;Rp 123.100;Rp 2.954.400
PROD_0017;Beras Organik;Pertanian;126100.0;24;0;3.9;2025-12-31;Sulawesi Selatan;SELLER_017_2;2;12;0;3026400.0;Rp 126.100;Rp 3.026.400
PROD_0017;Beras Organik;Pertanian;121500.0;20;0;3.0;2026-01-01;Jakarta;SELLER_017_3;3;1;0;2430000.0;Rp 121.500;Rp 2.430.000
PROD_0017;Beras Organik;Pertanian;121400.0;23;0;2.6;2026-01-02;Sumatera Utara;SELLER_017_2;4;1;0;2792200.0;Rp 121.400;Rp 2.792.200
PROD_0017;Beras Organik;Pertanian;125900.0;35;0;3.8;2026-01-03;Sumatera Utara;SELLER_017_3;5;1;1;4406500.0;Rp 125.900;Rp 4.406.500
PROD_0017;Beras Organik;Pertanian;123900.0;37;5;3.2;2026-01-04;Jawa Tengah;SELLER_017_3;6;1;1;4355100.0;Rp 123.900;Rp 4.355.100
PROD_0017;Beras Organik;Pertanian;118100.0;25;15;3.2;2026-01-05;Jawa Timur;SELLER_017_3;0;1;0;2509600.0;Rp 118.100;Rp 2.509.600
PROD_0018;Madu Hutan;Pertanian;57800.0;16;20;4.4;2025-10-08;Kalimantan Timur;SELLER_018_1;2;10;0;739800.0;Rp 57.800;Rp 739.800
PROD_0018;Madu Hutan;Pertanian;58500.0;20;10;4.3;2025-10-09;Jawa Tengah;SELLER_018_3;3;10;0;1053000.0;Rp 58.500;Rp 1.053.000
PROD_0018;Madu Hutan;Pertanian;57500.0;30;20;3.3;2025-10-10;Kalimantan Timur;SELLER_018_3;4;10;0;1380000.0;Rp 57.500;Rp 1.380.000
PROD_0018;Madu Hutan;Pertanian;62300.0;19;0;3.2;2025-10-11;Sulawesi Selatan;SELLER_018_1;5;10;1;1183700.0;Rp 62.300;Rp 1.183.700
PROD_0018;Madu Hutan;Pertanian;62500.0;23;0;3.7;2025-10-12;Sulawesi Selatan;SELLER_018_1;6;10;1;1437500.0;Rp 62.500;Rp 1.437.500
PROD_0018;Madu Hutan;Pertanian;60900.0;21;0;3.3;2025-10-13;Sulawesi Selatan;SELLER_018_2;0;10;0;1278900.0;Rp 60.900;Rp 1.278.900
PROD_0018;Madu Hutan;Pertanian;57900.0;19;10;4.0;2025-10-14;Jawa Timur;SELLER_018_3;1;10;0;990100.0;Rp 57.900;Rp 990.100
PROD_0018;Madu Hutan;Pertanian;59500.0;23;0;3.3;2025-10-15;Sulawesi Selatan;SELLER_018_1;2;10;0;1368500.0;Rp 59.500;Rp 1.368.500
PROD_0018;Madu Hutan;Pertanian;58600.0;16;5;4.0;2025-10-16;Bali;SELLER_018_2;3;10;0;890700.0;Rp 58.600;Rp 890.700
PROD_0018;Madu Hutan;Pertanian;60500.0;25;0;3.1;2025-10-17;Jawa Barat;SELLER_018_3;4;10;0;1512500.0;Rp 60.500;Rp 1.512.500
PROD_0018;Madu Hutan;Pertanian;57200.0;22;0;2.9;2025-10-18;Bali;SELLER_018_2;5;10;1;1258400.0;Rp 57.200;Rp 1.258.400
PROD_0018;Madu Hutan;Pertanian;59700.0;18;5;3.7;2025-10-19;Jawa Timur;SELLER_018_2;6;10;1;1020900.0;Rp 59.700;Rp 1.020.900
PROD_0018;Madu Hutan;Pertanian;60400.0;24;0;3.5;2025-10-20;Jakarta;SELLER_018_3;0;10;0;1449600.0;Rp 60.400;Rp 1.449.600
PROD_0018;Madu Hutan;Pertanian;57100.0;18;15;2.9;2025-10-21;Jakarta;SELLER_018_2;1;10;0;873600.0;Rp 57.100;Rp 873.600
PROD_0018;Madu Hutan;Pertanian;59800.0;11;0;4.0;2025-10-22;Jawa Timur;SELLER_018_1;2;10;0;657800.0;Rp 59.800;Rp 657.800
PROD_0018;Madu Hutan;Pertanian;61100.0;25;5;2.7;2025-10-23;Jawa Timur;SELLER_018_2;3;10;0;1451100.0;Rp 61.100;Rp 1.451.100
PROD_0018;Madu Hutan;Pertanian;61900.0;24;0;3.5;2025-10-24;Kalimantan Timur;SELLER_018_2;4;10;0;1485600.0;Rp 61.900;Rp 1.485.600
PROD_0018;Madu Hutan;Pertanian;59500.0;28;10;4.7;2025-10-25;Kalimantan Timur;SELLER_018_2;5;10;1;1499400.0;Rp 59.500;Rp 1.499.400
PROD_0018;Madu Hutan;Pertanian;60000.0;26;0;3.3;2025-10-26;Sulawesi Selatan;SELLER_018_3;6;10;1;1560000.0;Rp 60.000;Rp 1.560.000
PROD_0018;Madu Hutan;Pertanian;58800.0;18;10;3.5;2025-10-27;Jakarta;SELLER_018_3;0;10;0;952600.0;Rp 58.800;Rp 952.600
PROD_0018;Madu Hutan;Pertanian;61100.0;20;0;4.2;2025-10-28;Kalimantan Timur;SELLER_018_3;1;10;0;1222000.0;Rp 61.100;Rp 1.222.000
PROD_0018;Madu Hutan;Pertanian;59400.0;24;0;2.9;2025-10-29;Kalimantan Timur;SELLER_018_1;2;10;0;1425600.0;Rp 59.400;Rp 1.425.600
PROD_0018;Madu Hutan;Pertanian;61600.0;18;0;3.2;2025-10-30;Jawa Tengah;SELLER_018_1;3;10;0;1108800.0;Rp 61.600;Rp 1.108.800
PROD_0018;Madu Hutan;Pertanian;57200.0;21;0;3.1;2025-10-31;Jawa Barat;SELLER_018_1;4;10;0;1201200.0;Rp 57.200;Rp 1.201.200
PROD_0018;Madu Hutan;Pertanian;61800.0;12;0;3.8;2025-11-01;Sulawesi Selatan;SELLER_018_1;5;11;1;741600.0;Rp 61.800;Rp 741.600
PROD_0018;Madu Hutan;Pertanian;60700.0;20;0;3.6;2025-11-02;Kalimantan Timur;SELLER_018_2;6;11;1;1214000.0;Rp 60.700;Rp 1.214.000
PROD_0018;Madu Hutan;Pertanian;57000.0;24;10;4.2;2025-11-03;Sulawesi Selatan;SELLER_018_3;0;11;0;1231200.0;Rp 57.000;Rp 1.231.200
PROD_0018;Madu Hutan;Pertanian;59000.0;20;0;3.3;2025-11-04;Jakarta;SELLER_018_3;1;11;0;1180000.0;Rp 59.000;Rp 1.180.000
PROD_0018;Madu Hutan;Pertanian;58100.0;21;5;3.1;2025-11-05;Sulawesi Selatan;SELLER_018_3;2;11;0;1159100.0;Rp 58.100;Rp 1.159.100
PROD_0018;Madu Hutan;Pertanian;58100.0;24;0;4.0;2025-11-06;Jakarta;SELLER_018_2;3;11;0;1394400.0;Rp 58.100;Rp 1.394.400
PROD_0018;Madu Hutan;Pertanian;61400.0;26;0;3.7;2025-11-07;Jawa Tengah;SELLER_018_2;4;11;0;1596400.0;Rp 61.400;Rp 1.596.400
PROD_0018;Madu Hutan;Pertanian;62200.0;34;10;3.5;2025-11-08;Jawa Barat;SELLER_018_3;5;11;1;1903300.0;Rp 62.200;Rp 1.903.300
PROD_0018;Madu Hutan;Pertanian;60500.0;22;10;3.3;2025-11-09;Jakarta;SELLER_018_2;6;11;1;1197900.0;Rp 60.500;Rp 1.197.900
PROD_0018;Madu Hutan;Pertanian;57900.0;24;5;3.8;2025-11-10;Jawa Tengah;SELLER_018_2;0;11;0;1320100.0;Rp 57.900;Rp 1.320.100
PROD_0018;Madu Hutan;Pertanian;62100.0;25;0;4.0;2025-11-11;Jawa Barat;SELLER_018_3;1;11;0;1552500.0;Rp 62.100;Rp 1.552.500
PROD_0018;Madu Hutan;Pertanian;57400.0;26;0;2.7;2025-11-12;Kalimantan Timur;SELLER_018_3;2;11;0;1492400.0;Rp 57.400;Rp 1.492.400
PROD_0018;Madu Hutan;Pertanian;58500.0;20;0;3.6;2025-11-13;Kalimantan Timur;SELLER_018_2;3;11;0;1170000.0;Rp 58.500;Rp 1.170.000
PROD_0018;Madu Hutan;Pertanian;61800.0;22;5;2.5;2025-11-14;Jakarta;SELLER_018_2;4;11;0;1291600.0;Rp 61.800;Rp 1.291.600
PROD_0018;Madu Hutan;Pertanian;60000.0;20;0;3.7;2025-11-15;Sulawesi Selatan;SELLER_018_1;5;11;1;1200000.0;Rp 60.000;Rp 1.200.000
PROD_0018;Madu Hutan;Pertanian;59500.0;30;5;4.3;2025-11-16;Sulawesi Selatan;SELLER_018_3;6;11;1;1695800.0;Rp 59.500;Rp 1.695.800
PROD_0018;Madu Hutan;Pertanian;58300.0;24;0;3.3;2025-11-17;Sumatera Utara;SELLER_018_1;0;11;0;1399200.0;Rp 58.300;Rp 1.399.200
PROD_0018;Madu Hutan;Pertanian;61800.0;24;0;2.8;2025-11-18;Bali;SELLER_018_1;1;11;0;1483200.0;Rp 61.800;Rp 1.483.200
PROD_0018;Madu Hutan;Pertanian;59400.0;19;0;3.2;2025-11-19;Bali;SELLER_018_3;2;11;0;1128600.0;Rp 59.400;Rp 1.128.600
PROD_0018;Madu Hutan;Pertanian;60100.0;18;10;3.8;2025-11-20;Sumatera Utara;SELLER_018_3;3;11;0;973600.0;Rp 60.100;Rp 973.600
PROD_0018;Madu Hutan;Pertanian;62800.0;15;0;3.6;2025-11-21;Jakarta;SELLER_018_1;4;11;0;942000.0;Rp 62.800;Rp 942.000
PROD_0018;Madu Hutan;Pertanian;57500.0;19;0;4.9;2025-11-22;Sumatera Utara;SELLER_018_2;5;11;1;1092500.0;Rp 57.500;Rp 1.092.500
PROD_0018;Madu Hutan;Pertanian;57600.0;14;0;2.9;2025-11-23;Jawa Tengah;SELLER_018_1;6;11;1;806400.0;Rp 57.600;Rp 806.400
PROD_0018;Madu Hutan;Pertanian;57900.0;15;0;4.0;2025-11-24;Sulawesi Selatan;SELLER_018_3;0;11;0;868500.0;Rp 57.900;Rp 868.500
PROD_0018;Madu Hutan;Pertanian;58600.0;24;0;4.1;2025-11-25;Kalimantan Timur;SELLER_018_3;1;11;0;1406400.0;Rp 58.600;Rp 1.406.400
PROD_0018;Madu Hutan;Pertanian;57800.0;18;0;3.8;2025-11-26;Jawa Barat;SELLER_018_1;2;11;0;1040400.0;Rp 57.800;Rp 1.040.400
PROD_0018;Madu Hutan;Pertanian;58900.0;20;0;3.5;2025-11-27;Jawa Barat;SELLER_018_2;3;11;0;1178000.0;Rp 58.900;Rp 1.178.000
PROD_0018;Madu Hutan;Pertanian;62900.0;18;5;4.3;2025-11-28;Jawa Tengah;SELLER_018_3;4;11;0;1075600.0;Rp 62.900;Rp 1.075.600
PROD_0018;Madu Hutan;Pertanian;57700.0;17;0;3.1;2025-11-29;Jakarta;SELLER_018_3;5;11;1;980900.0;Rp 57.700;Rp 980.900
PROD_0018;Madu Hutan;Pertanian;62100.0;23;0;3.6;2025-11-30;Bali;SELLER_018_1;6;11;1;1428300.0;Rp 62.100;Rp 1.428.300
PROD_0018;Madu Hutan;Pertanian;68800.0;21;0;3.3;2025-12-01;Jawa Tengah;SELLER_018_1;0;12;0;1444800.0;Rp 68.800;Rp 1.444.800
PROD_0018;Madu Hutan;Pertanian;70100.0;17;0;4.3;2025-12-02;Sumatera Utara;SELLER_018_1;1;12;0;1191700.0;Rp 70.100;Rp 1.191.700
PROD_0018;Madu Hutan;Pertanian;66400.0;20;5;3.2;2025-12-03;Jawa Timur;SELLER_018_3;2;12;0;1261600.0;Rp 66.400;Rp 1.261.600
PROD_0018;Madu Hutan;Pertanian;69900.0;10;0;4.1;2025-12-04;Bali;SELLER_018_1;3;12;0;699000.0;Rp 69.900;Rp 699.000
PROD_0018;Madu Hutan;Pertanian;71200.0;13;0;3.8;2025-12-05;Bali;SELLER_018_1;4;12;0;925600.0;Rp 71.200;Rp 925.600
PROD_0018;Madu Hutan;Pertanian;68400.0;16;5;2.5;2025-12-06;Jawa Barat;SELLER_018_2;5;12;1;1039700.0;Rp 68.400;Rp 1.039.700
PROD_0018;Madu Hutan;Pertanian;72100.0;18;20;3.6;2025-12-07;Jawa Tengah;SELLER_018_2;6;12;1;1038200.0;Rp 72.100;Rp 1.038.200
PROD_0018;Madu Hutan;Pertanian;67400.0;25;0;4.1;2025-12-08;Jawa Timur;SELLER_018_3;0;12;0;1685000.0;Rp 67.400;Rp 1.685.000
PROD_0018;Madu Hutan;Pertanian;66500.0;13;0;3.5;2025-12-09;Jakarta;SELLER_018_3;1;12;0;864500.0;Rp 66.500;Rp 864.500
PROD_0018;Madu Hutan;Pertanian;69600.0;32;10;3.9;2025-12-10;Jawa Timur;SELLER_018_3;2;12;0;2004500.0;Rp 69.600;Rp 2.004.500
PROD_0018;Madu Hutan;Pertanian;66000.0;29;10;4.1;2025-12-11;Jawa Barat;SELLER_018_2;3;12;0;1722600.0;Rp 66.000;Rp 1.722.600
PROD_0018;Madu Hutan;Pertanian;72200.0;27;0;4.0;2025-12-12;Jawa Timur;SELLER_018_1;4;12;0;1949400.0;Rp 72.200;Rp 1.949.400
PROD_0018;Madu Hutan;Pertanian;66000.0;20;5;4.6;2025-12-13;Jawa Tengah;SELLER_018_1;5;12;1;1254000.0;Rp 66.000;Rp 1.254.000
PROD_0018;Madu Hutan;Pertanian;66900.0;30;0;3.6;2025-12-14;Sumatera Utara;SELLER_018_2;6;12;1;2007000.0;Rp 66.900;Rp 2.007.000
PROD_0018;Madu Hutan;Pertanian;72200.0;16;0;4.2;2025-12-15;Kalimantan Timur;SELLER_018_3;0;12;0;1155200.0;Rp 72.200;Rp 1.155.200
PROD_0018;Madu Hutan;Pertanian;66200.0;28;10;2.3;2025-12-16;Kalimantan Timur;SELLER_018_3;1;12;0;1668200.0;Rp 66.200;Rp 1.668.200
PROD_0018;Madu Hutan;Pertanian;68700.0;25;0;3.4;2025-12-17;Jawa Timur;SELLER_018_3;2;12;0;1717500.0;Rp 68.700;Rp 1.717.500
PROD_0018;Madu Hutan;Pertanian;67600.0;25;15;3.6;2025-12-18;Jawa Tengah;SELLER_018_1;3;12;0;1436500.0;Rp 67.600;Rp 1.436.500
PROD_0018;Madu Hutan;Pertanian;71000.0;20;0;3.0;2025-12-19;Jawa Timur;SELLER_018_3;4;12;0;1420000.0;Rp 71.000;Rp 1.420.000
PROD_0018;Madu Hutan;Pertanian;71100.0;22;0;2.9;2025-12-20;Sumatera Utara;SELLER_018_3;5;12;1;1564200.0;Rp 71.100;Rp 1.564.200
PROD_0018;Madu Hutan;Pertanian;69600.0;30;0;4.2;2025-12-21;Kalimantan Timur;SELLER_018_3;6;12;1;2088000.0;Rp 69.600;Rp 2.088.000
PROD_0018;Madu Hutan;Pertanian;68600.0;25;5;4.2;2025-12-22;Jawa Barat;SELLER_018_2;0;12;0;1629200.0;Rp 68.600;Rp 1.629.200
PROD_0018;Madu Hutan;Pertanian;66700.0;23;0;3.9;2025-12-23;Kalimantan Timur;SELLER_018_2;1;12;0;1534100.0;Rp 66.700;Rp 1.534.100
PROD_0018;Madu Hutan;Pertanian;70500.0;20;0;3.6;2025-12-24;Jawa Tengah;SELLER_018_3;2;12;0;1410000.0;Rp 70.500;Rp 1.410.000
PROD_0018;Madu Hutan;Pertanian;69000.0;23;0;3.2;2025-12-25;Sumatera Utara;SELLER_018_2;3;12;0;1587000.0;Rp 69.000;Rp 1.587.000
PROD_0018;Madu Hutan;Pertanian;68700.0;24;0;3.8;2025-12-26;Jawa Tengah;SELLER_018_2;4;12;0;1648800.0;Rp 68.700;Rp 1.648.800
PROD_0018;Madu Hutan;Pertanian;69800.0;20;0;3.2;2025-12-27;Jawa Timur;SELLER_018_2;5;12;1;1396000.0;Rp 69.800;Rp 1.396.000
PROD_0018;Madu Hutan;Pertanian;68500.0;22;15;3.8;2025-12-28;Jawa Tengah;SELLER_018_2;6;12;1;1281000.0;Rp 68.500;Rp 1.281.000
PROD_0018;Madu Hutan;Pertanian;68900.0;28;0;3.7;2025-12-29;Sumatera Utara;SELLER_018_3;0;12;0;1929200.0;Rp 68.900;Rp 1.929.200
PROD_0018;Madu Hutan;Pertanian;68500.0;12;10;3.9;2025-12-30;Kalimantan Timur;SELLER_018_3;1;12;0;739800.0;Rp 68.500;Rp 739.800
PROD_0018;Madu Hutan;Pertanian;71300.0;13;5;4.0;2025-12-31;Jawa Timur;SELLER_018_3;2;12;0;880600.0;Rp 71.300;Rp 880.600
PROD_0018;Madu Hutan;Pertanian;71700.0;17;0;4.1;2026-01-01;Sumatera Utara;SELLER_018_2;3;1;0;1218900.0;Rp 71.700;Rp 1.218.900
PROD_0018;Madu Hutan;Pertanian;70000.0;25;5;3.8;2026-01-02;Sulawesi Selatan;SELLER_018_1;4;1;0;1662500.0;Rp 70.000;Rp 1.662.500
PROD_0018;Madu Hutan;Pertanian;72300.0;20;10;3.4;2026-01-03;Sulawesi Selatan;SELLER_018_3;5;1;1;1301400.0;Rp 72.300;Rp 1.301.400
PROD_0018;Madu Hutan;Pertanian;71400.0;25;0;3.5;2026-01-04;Kalimantan Timur;SELLER_018_1;6;1;1;1785000.0;Rp 71.400;Rp 1.785.000
PROD_0018;Madu Hutan;Pertanian;71200.0;26;0;4.0;2026-01-05;Bali;SELLER_018_1;0;1;0;1851200.0;Rp 71.200;Rp 1.851.200
PROD_0019;Gula Aren;Pertanian;134400.0;23;0;4.2;2025-10-08;Bali;SELLER_019_3;2;10;0;3091200.0;Rp 134.400;Rp 3.091.200
PROD_0019;Gula Aren;Pertanian;131500.0;13;0;3.0;2025-10-09;Jawa Barat;SELLER_019_1;3;10;0;1709500.0;Rp 131.500;Rp 1.709.500
PROD_0019;Gula Aren;Pertanian;128600.0;18;0;3.4;2025-10-10;Kalimantan Timur;SELLER_019_1;4;10;0;2314800.0;Rp 128.600;Rp 2.314.800
PROD_0019;Gula Aren;Pertanian;131500.0;24;0;3.1;2025-10-11;Bali;SELLER_019_2;5;10;1;3156000.0;Rp 131.500;Rp 3.156.000
PROD_0019;Gula Aren;Pertanian;131800.0;14;20;3.9;2025-10-12;Jawa Tengah;SELLER_019_1;6;10;1;1476200.0;Rp 131.800;Rp 1.476.200
PROD_0019;Gula Aren;Pertanian;132500.0;18;0;3.2;2025-10-13;Jawa Tengah;SELLER_019_1;0;10;0;2385000.0;Rp 132.500;Rp 2.385.000
PROD_0019;Gula Aren;Pertanian;135600.0;20;5;3.2;2025-10-14;Kalimantan Timur;SELLER_019_1;1;10;0;2576400.0;Rp 135.600;Rp 2.576.400
PROD_0019;Gula Aren;Pertanian;124300.0;26;0;3.5;2025-10-15;Jawa Tengah;SELLER_019_1;2;10;0;3231800.0;Rp 124.300;Rp 3.231.800
PROD_0019;Gula Aren;Pertanian;125300.0;13;5;3.5;2025-10-16;Jawa Barat;SELLER_019_3;3;10;0;1547500.0;Rp 125.300;Rp 1.547.500
PROD_0019;Gula Aren;Pertanian;135500.0;13;0;3.3;2025-10-17;Sulawesi Selatan;SELLER_019_3;4;10;0;1761500.0;Rp 135.500;Rp 1.761.500
PROD_0019;Gula Aren;Pertanian;134800.0;13;0;4.5;2025-10-18;Sumatera Utara;SELLER_019_1;5;10;1;1752400.0;Rp 134.800;Rp 1.752.400
PROD_0019;Gula Aren;Pertanian;125400.0;22;10;3.3;2025-10-19;Jakarta;SELLER_019_1;6;10;1;2482900.0;Rp 125.400;Rp 2.482.900
PROD_0019;Gula Aren;Pertanian;131200.0;18;10;3.2;2025-10-20;Jawa Timur;SELLER_019_1;0;10;0;2125400.0;Rp 131.200;Rp 2.125.400
PROD_0019;Gula Aren;Pertanian;124500.0;21;0;2.8;2025-10-21;Sulawesi Selatan;SELLER_019_3;1;10;0;2614500.0;Rp 124.500;Rp 2.614.500
PROD_0019;Gula Aren;Pertanian;129000.0;15;0;3.4;2025-10-22;Jawa Tengah;SELLER_019_2;2;10;0;1935000.0;Rp 129.000;Rp 1.935.000
PROD_0019;Gula Aren;Pertanian;134400.0;20;15;3.0;2025-10-23;Sulawesi Selatan;SELLER_019_1;3;10;0;2284800.0;Rp 134.400;Rp 2.284.800
PROD_0019;Gula Aren;Pertanian;133000.0;26;15;2.9;2025-10-24;Jawa Timur;SELLER_019_2;4;10;0;2939300.0;Rp 133.000;Rp 2.939.300
PROD_0019;Gula Aren;Pertanian;134500.0;27;5;4.3;2025-10-25;Jakarta;SELLER_019_2;5;10;1;3449900.0;Rp 134.500;Rp 3.449.900
PROD_0019;Gula Aren;Pertanian;127300.0;18;5;3.4;2025-10-26;Sumatera Utara;SELLER_019_2;6;10;1;2176800.0;Rp 127.300;Rp 2.176.800
PROD_0019;Gula Aren;Pertanian;136600.0;11;0;4.0;2025-10-27;Jakarta;SELLER_019_1;0;10;0;1502600.0;Rp 136.600;Rp 1.502.600
PROD_0019;Gula Aren;Pertanian;135500.0;18;5;3.6;2025-10-28;Jawa Timur;SELLER_019_1;1;10;0;2317000.0;Rp 135.500;Rp 2.317.000
PROD_0019;Gula Aren;Pertanian;125400.0;9;5;4.4;2025-10-29;Sumatera Utara;SELLER_019_3;2;10;0;1072200.0;Rp 125.400;Rp 1.072.200
PROD_0019;Gula Aren;Pertanian;126600.0;19;5;3.6;2025-10-30;Jawa Barat;SELLER_019_2;3;10;0;2285100.0;Rp 126.600;Rp 2.285.100
PROD_0019;Gula Aren;Pertanian;125900.0;22;15;3.1;2025-10-31;Sulawesi Selatan;SELLER_019_3;4;10;0;2354300.0;Rp 125.900;Rp 2.354.300
PROD_0019;Gula Aren;Pertanian;135100.0;12;0;3.4;2025-11-01;Jakarta;SELLER_019_2;5;11;1;1621200.0;Rp 135.100;Rp 1.621.200
PROD_0019;Gula Aren;Pertanian;133700.0;19;0;3.4;2025-11-02;Kalimantan Timur;SELLER_019_2;6;11;1;2540300.0;Rp 133.700;Rp 2.540.300
PROD_0019;Gula Aren;Pertanian;127200.0;21;0;3.6;2025-11-03;Jakarta;SELLER_019_1;0;11;0;2671200.0;Rp 127.200;Rp 2.671.200
PROD_0019;Gula Aren;Pertanian;133700.0;13;0;3.3;2025-11-04;Jakarta;SELLER_019_3;1;11;0;1738100.0;Rp 133.700;Rp 1.738.100
PROD_0019;Gula Aren;Pertanian;124200.0;29;0;2.9;2025-11-05;Jakarta;SELLER_019_1;2;11;0;3601800.0;Rp 124.200;Rp 3.601.800
PROD_0019;Gula Aren;Pertanian;131800.0;21;10;2.1;2025-11-06;Jawa Barat;SELLER_019_1;3;11;0;2491000.0;Rp 131.800;Rp 2.491.000
PROD_0019;Gula Aren;Pertanian;136000.0;21;0;3.2;2025-11-07;Kalimantan Timur;SELLER_019_1;4;11;0;2856000.0;Rp 136.000;Rp 2.856.000
PROD_0019;Gula Aren;Pertanian;128000.0;20;0;4.6;2025-11-08;Sulawesi Selatan;SELLER_019_1;5;11;1;2560000.0;Rp 128.000;Rp 2.560.000
PROD_0019;Gula Aren;Pertanian;132400.0;17;0;4.2;2025-11-09;Sulawesi Selatan;SELLER_019_3;6;11;1;2250800.0;Rp 132.400;Rp 2.250.800
PROD_0019;Gula Aren;Pertanian;125600.0;17;0;2.7;2025-11-10;Jawa Barat;SELLER_019_3;0;11;0;2135200.0;Rp 125.600;Rp 2.135.200
PROD_0019;Gula Aren;Pertanian;130100.0;24;0;3.6;2025-11-11;Kalimantan Timur;SELLER_019_3;1;11;0;3122400.0;Rp 130.100;Rp 3.122.400
PROD_0019;Gula Aren;Pertanian;125700.0;15;0;3.6;2025-11-12;Jawa Tengah;SELLER_019_2;2;11;0;1885500.0;Rp 125.700;Rp 1.885.500
PROD_0019;Gula Aren;Pertanian;126800.0;18;0;3.4;2025-11-13;Jakarta;SELLER_019_2;3;11;0;2282400.0;Rp 126.800;Rp 2.282.400
PROD_0019;Gula Aren;Pertanian;134200.0;15;5;3.3;2025-11-14;Jawa Timur;SELLER_019_1;4;11;0;1912400.0;Rp 134.200;Rp 1.912.400
PROD_0019;Gula Aren;Pertanian;126400.0;16;20;4.3;2025-11-15;Sumatera Utara;SELLER_019_3;5;11;1;1617900.0;Rp 126.400;Rp 1.617.900
PROD_0019;Gula Aren;Pertanian;136400.0;23;0;4.4;2025-11-16;Jawa Timur;SELLER_019_1;6;11;1;3137200.0;Rp 136.400;Rp 3.137.200
PROD_0019;Gula Aren;Pertanian;136900.0;24;0;3.3;2025-11-17;Jawa Tengah;SELLER_019_2;0;11;0;3285600.0;Rp 136.900;Rp 3.285.600
PROD_0019;Gula Aren;Pertanian;126100.0;25;15;2.7;2025-11-18;Sumatera Utara;SELLER_019_3;1;11;0;2679600.0;Rp 126.100;Rp 2.679.600
PROD_0019;Gula Aren;Pertanian;136600.0;26;0;3.2;2025-11-19;Jakarta;SELLER_019_3;2;11;0;3551600.0;Rp 136.600;Rp 3.551.600
PROD_0019;Gula Aren;Pertanian;129500.0;24;15;2.8;2025-11-20;Bali;SELLER_019_3;3;11;0;2641800.0;Rp 129.500;Rp 2.641.800
PROD_0019;Gula Aren;Pertanian;128100.0;13;0;2.6;2025-11-21;Jawa Barat;SELLER_019_1;4;11;0;1665300.0;Rp 128.100;Rp 1.665.300
PROD_0019;Gula Aren;Pertanian;131400.0;26;0;3.8;2025-11-22;Jawa Barat;SELLER_019_2;5;11;1;3416400.0;Rp 131.400;Rp 3.416.400
PROD_0019;Gula Aren;Pertanian;133600.0;11;0;3.5;2025-11-23;Jakarta;SELLER_019_2;6;11;1;1469600.0;Rp 133.600;Rp 1.469.600
PROD_0019;Gula Aren;Pertanian;132000.0;24;0;3.3;2025-11-24;Kalimantan Timur;SELLER_019_3;0;11;0;3168000.0;Rp 132.000;Rp 3.168.000
PROD_0019;Gula Aren;Pertanian;127800.0;19;0;2.8;2025-11-25;Jawa Barat;SELLER_019_2;1;11;0;2428200.0;Rp 127.800;Rp 2.428.200
PROD_0019;Gula Aren;Pertanian;125900.0;19;10;3.9;2025-11-26;Jawa Timur;SELLER_019_3;2;11;0;2152900.0;Rp 125.900;Rp 2.152.900
PROD_0019;Gula Aren;Pertanian;124700.0;26;10;3.2;2025-11-27;Sumatera Utara;SELLER_019_2;3;11;0;2918000.0;Rp 124.700;Rp 2.918.000
PROD_0019;Gula Aren;Pertanian;129700.0;15;20;3.1;2025-11-28;Jawa Tengah;SELLER_019_1;4;11;0;1556400.0;Rp 129.700;Rp 1.556.400
PROD_0019;Gula Aren;Pertanian;130400.0;23;10;3.5;2025-11-29;Jawa Barat;SELLER_019_3;5;11;1;2699300.0;Rp 130.400;Rp 2.699.300
PROD_0019;Gula Aren;Pertanian;125700.0;24;0;4.0;2025-11-30;Sulawesi Selatan;SELLER_019_3;6;11;1;3016800.0;Rp 125.700;Rp 3.016.800
PROD_0019;Gula Aren;Pertanian;149700.0;18;5;4.3;2025-12-01;Sumatera Utara;SELLER_019_3;0;12;0;2559900.0;Rp 149.700;Rp 2.559.900
PROD_0019;Gula Aren;Pertanian;147200.0;26;0;3.2;2025-12-02;Jawa Timur;SELLER_019_1;1;12;0;3827200.0;Rp 147.200;Rp 3.827.200
PROD_0019;Gula Aren;Pertanian;143100.0;23;0;3.3;2025-12-03;Sumatera Utara;SELLER_019_3;2;12;0;3291300.0;Rp 143.100;Rp 3.291.300
PROD_0019;Gula Aren;Pertanian;151700.0;19;10;3.8;2025-12-04;Jawa Tengah;SELLER_019_3;3;12;0;2594100.0;Rp 151.700;Rp 2.594.100
PROD_0019;Gula Aren;Pertanian;155700.0;27;5;3.9;2025-12-05;Jawa Tengah;SELLER_019_3;4;12;0;3993700.0;Rp 155.700;Rp 3.993.700
PROD_0019;Gula Aren;Pertanian;157200.0;32;15;3.2;2025-12-06;Jawa Barat;SELLER_019_3;5;12;1;4275800.0;Rp 157.200;Rp 4.275.800
PROD_0019;Gula Aren;Pertanian;157300.0;30;0;3.7;2025-12-07;Bali;SELLER_019_1;6;12;1;4719000.0;Rp 157.300;Rp 4.719.000
PROD_0019;Gula Aren;Pertanian;153400.0;23;5;3.3;2025-12-08;Jawa Tengah;SELLER_019_2;0;12;0;3351800.0;Rp 153.400;Rp 3.351.800
PROD_0019;Gula Aren;Pertanian;149100.0;19;20;4.0;2025-12-09;Sumatera Utara;SELLER_019_2;1;12;0;2266300.0;Rp 149.100;Rp 2.266.300
PROD_0019;Gula Aren;Pertanian;144300.0;26;20;3.2;2025-12-10;Jawa Timur;SELLER_019_2;2;12;0;3001400.0;Rp 144.300;Rp 3.001.400
PROD_0019;Gula Aren;Pertanian;146600.0;31;0;3.7;2025-12-11;Sulawesi Selatan;SELLER_019_1;3;12;0;4544600.0;Rp 146.600;Rp 4.544.600
PROD_0019;Gula Aren;Pertanian;151000.0;21;0;3.3;2025-12-12;Sulawesi Selatan;SELLER_019_3;4;12;0;3171000.0;Rp 151.000;Rp 3.171.000
PROD_0019;Gula Aren;Pertanian;154600.0;24;0;3.5;2025-12-13;Jawa Tengah;SELLER_019_3;5;12;1;3710400.0;Rp 154.600;Rp 3.710.400
PROD_0019;Gula Aren;Pertanian;143500.0;22;0;3.1;2025-12-14;Kalimantan Timur;SELLER_019_1;6;12;1;3157000.0;Rp 143.500;Rp 3.157.000
PROD_0019;Gula Aren;Pertanian;148800.0;24;0;3.9;2025-12-15;Bali;SELLER_019_1;0;12;0;3571200.0;Rp 148.800;Rp 3.571.200
PROD_0019;Gula Aren;Pertanian;157700.0;21;0;3.7;2025-12-16;Jakarta;SELLER_019_1;1;12;0;3311700.0;Rp 157.700;Rp 3.311.700
PROD_0019;Gula Aren;Pertanian;154300.0;13;0;3.9;2025-12-17;Jakarta;SELLER_019_1;2;12;0;2005900.0;Rp 154.300;Rp 2.005.900
PROD_0019;Gula Aren;Pertanian;148700.0;20;5;4.3;2025-12-18;Jawa Timur;SELLER_019_3;3;12;0;2825300.0;Rp 148.700;Rp 2.825.300
PROD_0019;Gula Aren;Pertanian;157100.0;17;0;3.7;2025-12-19;Jakarta;SELLER_019_3;4;12;0;2670700.0;Rp 157.100;Rp 2.670.700
PROD_0019;Gula Aren;Pertanian;152000.0;35;5;4.1;2025-12-20;Kalimantan Timur;SELLER_019_3;5;12;1;5054000.0;Rp 152.000;Rp 5.054.000
PROD_0019;Gula Aren;Pertanian;155000.0;31;0;2.8;2025-12-21;Jawa Tengah;SELLER_019_2;6;12;1;4805000.0;Rp 155.000;Rp 4.805.000
PROD_0019;Gula Aren;Pertanian;150300.0;23;0;3.8;2025-12-22;Kalimantan Timur;SELLER_019_1;0;12;0;3456900.0;Rp 150.300;Rp 3.456.900
PROD_0019;Gula Aren;Pertanian;143100.0;29;5;3.7;2025-12-23;Jawa Barat;SELLER_019_1;1;12;0;3942400.0;Rp 143.100;Rp 3.942.400
PROD_0019;Gula Aren;Pertanian;144000.0;17;15;3.5;2025-12-24;Bali;SELLER_019_3;2;12;0;2080800.0;Rp 144.000;Rp 2.080.800
PROD_0019;Gula Aren;Pertanian;156500.0;19;0;3.5;2025-12-25;Jawa Timur;SELLER_019_1;3;12;0;2973500.0;Rp 156.500;Rp 2.973.500
PROD_0019;Gula Aren;Pertanian;144600.0;25;20;2.8;2025-12-26;Jawa Timur;SELLER_019_2;4;12;0;2892000.0;Rp 144.600;Rp 2.892.000
PROD_0019;Gula Aren;Pertanian;143100.0;36;0;2.8;2025-12-27;Jawa Barat;SELLER_019_2;5;12;1;5151600.0;Rp 143.100;Rp 5.151.600
PROD_0019;Gula Aren;Pertanian;152200.0;24;0;3.8;2025-12-28;Sumatera Utara;SELLER_019_1;6;12;1;3652800.0;Rp 152.200;Rp 3.652.800
PROD_0019;Gula Aren;Pertanian;146400.0;23;15;2.9;2025-12-29;Bali;SELLER_019_3;0;12;0;2862100.0;Rp 146.400;Rp 2.862.100
PROD_0019;Gula Aren;Pertanian;157200.0;23;5;3.4;2025-12-30;Jawa Tengah;SELLER_019_2;1;12;0;3434800.0;Rp 157.200;Rp 3.434.800
PROD_0019;Gula Aren;Pertanian;144900.0;25;0;3.4;2025-12-31;Jawa Barat;SELLER_019_1;2;12;0;3622500.0;Rp 144.900;Rp 3.622.500
PROD_0019;Gula Aren;Pertanian;157900.0;23;0;4.1;2026-01-01;Jawa Barat;SELLER_019_3;3;1;0;3631700.0;Rp 157.900;Rp 3.631.700
PROD_0019;Gula Aren;Pertanian;154000.0;28;0;3.2;2026-01-02;Jawa Tengah;SELLER_019_2;4;1;0;4312000.0;Rp 154.000;Rp 4.312.000
PROD_0019;Gula Aren;Pertanian;155300.0;31;10;3.4;2026-01-03;Jawa Barat;SELLER_019_2;5;1;1;4332900.0;Rp 155.300;Rp 4.332.900
PROD_0019;Gula Aren;Pertanian;157500.0;21;15;4.0;2026-01-04;Jawa Timur;SELLER_019_1;6;1;1;2811400.0;Rp 157.500;Rp 2.811.400
PROD_0019;Gula Aren;Pertanian;151800.0;24;20;3.5;2026-01-05;Jawa Barat;SELLER_019_2;0;1;0;2914600.0;Rp 151.800;Rp 2.914.600
PROD_0020;Kopi Robusta;Pertanian;122200.0;17;0;3.6;2025-10-08;Kalimantan Timur;SELLER_020_3;2;10;0;2077400.0;Rp 122.200;Rp 2.077.400
PROD_0020;Kopi Robusta;Pertanian;118600.0;17;5;3.4;2025-10-09;Sulawesi Selatan;SELLER_020_3;3;10;0;1915400.0;Rp 118.600;Rp 1.915.400
PROD_0020;Kopi Robusta;Pertanian;111600.0;20;5;2.9;2025-10-10;Jawa Timur;SELLER_020_1;4;10;0;2120400.0;Rp 111.600;Rp 2.120.400
PROD_0020;Kopi Robusta;Pertanian;112900.0;19;5;3.7;2025-10-11;Kalimantan Timur;SELLER_020_3;5;10;1;2037800.0;Rp 112.900;Rp 2.037.800
PROD_0020;Kopi Robusta;Pertanian;118600.0;17;0;3.3;2025-10-12;Bali;SELLER_020_3;6;10;1;2016200.0;Rp 118.600;Rp 2.016.200
PROD_0020;Kopi Robusta;Pertanian;119700.0;11;5;4.4;2025-10-13;Sumatera Utara;SELLER_020_1;0;10;0;1250900.0;Rp 119.700;Rp 1.250.900
PROD_0020;Kopi Robusta;Pertanian;112200.0;25;10;3.2;2025-10-14;Sumatera Utara;SELLER_020_3;1;10;0;2524500.0;Rp 112.200;Rp 2.524.500
PROD_0020;Kopi Robusta;Pertanian;119400.0;21;0;3.4;2025-10-15;Bali;SELLER_020_1;2;10;0;2507400.0;Rp 119.400;Rp 2.507.400
PROD_0020;Kopi Robusta;Pertanian;117800.0;17;0;3.4;2025-10-16;Jawa Barat;SELLER_020_2;3;10;0;2002600.0;Rp 117.800;Rp 2.002.600
PROD_0020;Kopi Robusta;Pertanian;112800.0;16;0;3.6;2025-10-17;Jawa Timur;SELLER_020_1;4;10;0;1804800.0;Rp 112.800;Rp 1.804.800
PROD_0020;Kopi Robusta;Pertanian;118200.0;17;0;3.7;2025-10-18;Jawa Barat;SELLER_020_2;5;10;1;2009400.0;Rp 118.200;Rp 2.009.400
PROD_0020;Kopi Robusta;Pertanian;120800.0;34;5;3.6;2025-10-19;Sumatera Utara;SELLER_020_2;6;10;1;3901800.0;Rp 120.800;Rp 3.901.800
PROD_0020;Kopi Robusta;Pertanian;111400.0;18;0;3.3;2025-10-20;Sulawesi Selatan;SELLER_020_2;0;10;0;2005200.0;Rp 111.400;Rp 2.005.200
PROD_0020;Kopi Robusta;Pertanian;118800.0;19;15;3.5;2025-10-21;Jawa Timur;SELLER_020_1;1;10;0;1918600.0;Rp 118.800;Rp 1.918.600
PROD_0020;Kopi Robusta;Pertanian;120400.0;14;0;4.0;2025-10-22;Jawa Tengah;SELLER_020_2;2;10;0;1685600.0;Rp 120.400;Rp 1.685.600
PROD_0020;Kopi Robusta;Pertanian;119900.0;20;0;3.5;2025-10-23;Kalimantan Timur;SELLER_020_2;3;10;0;2398000.0;Rp 119.900;Rp 2.398.000
PROD_0020;Kopi Robusta;Pertanian;111700.0;29;0;3.5;2025-10-24;Bali;SELLER_020_2;4;10;0;3239300.0;Rp 111.700;Rp 3.239.300
PROD_0020;Kopi Robusta;Pertanian;111200.0;18;5;3.7;2025-10-25;Jawa Barat;SELLER_020_3;5;10;1;1901500.0;Rp 111.200;Rp 1.901.500
PROD_0020;Kopi Robusta;Pertanian;122000.0;31;5;3.8;2025-10-26;Bali;SELLER_020_2;6;10;1;3592900.0;Rp 122.000;Rp 3.592.900
PROD_0020;Kopi Robusta;Pertanian;111900.0;18;0;3.5;2025-10-27;Jawa Barat;SELLER_020_2;0;10;0;2014200.0;Rp 111.900;Rp 2.014.200
PROD_0020;Kopi Robusta;Pertanian;112100.0;17;0;3.5;2025-10-28;Sumatera Utara;SELLER_020_1;1;10;0;1905700.0;Rp 112.100;Rp 1.905.700
PROD_0020;Kopi Robusta;Pertanian;116100.0;14;0;4.2;2025-10-29;Jakarta;SELLER_020_3;2;10;0;1625400.0;Rp 116.100;Rp 1.625.400
PROD_0020;Kopi Robusta;Pertanian;111300.0;24;0;3.3;2025-10-30;Jawa Timur;SELLER_020_2;3;10;0;2671200.0;Rp 111.300;Rp 2.671.200
PROD_0020;Kopi Robusta;Pertanian;118600.0;14;0;2.9;2025-10-31;Jawa Timur;SELLER_020_2;4;10;0;1660400.0;Rp 118.600;Rp 1.660.400
PROD_0020;Kopi Robusta;Pertanian;116300.0;23;0;3.4;2025-11-01;Jawa Timur;SELLER_020_3;5;11;1;2674900.0;Rp 116.300;Rp 2.674.900
PROD_0020;Kopi Robusta;Pertanian;116900.0;15;5;3.3;2025-11-02;Sulawesi Selatan;SELLER_020_2;6;11;1;1665800.0;Rp 116.900;Rp 1.665.800
PROD_0020;Kopi Robusta;Pertanian;119000.0;17;0;3.7;2025-11-03;Sulawesi Selatan;SELLER_020_2;0;11;0;2023000.0;Rp 119.000;Rp 2.023.000
PROD_0020;Kopi Robusta;Pertanian;120700.0;20;0;4.1;2025-11-04;Jawa Timur;SELLER_020_2;1;11;0;2414000.0;Rp 120.700;Rp 2.414.000
PROD_0020;Kopi Robusta;Pertanian;111400.0;20;20;3.5;2025-11-05;Sumatera Utara;SELLER_020_2;2;11;0;1782400.0;Rp 111.400;Rp 1.782.400
PROD_0020;Kopi Robusta;Pertanian;116000.0;23;0;3.0;2025-11-06;Jawa Barat;SELLER_020_3;3;11;0;2668000.0;Rp 116.000;Rp 2.668.000
PROD_0020;Kopi Robusta;Pertanian;114800.0;16;0;3.7;2025-11-07;Kalimantan Timur;SELLER_020_2;4;11;0;1836800.0;Rp 114.800;Rp 1.836.800
PROD_0020;Kopi Robusta;Pertanian;113500.0;23;0;2.9;2025-11-08;Jawa Timur;SELLER_020_3;5;11;1;2610500.0;Rp 113.500;Rp 2.610.500
PROD_0020;Kopi Robusta;Pertanian;114000.0;23;10;2.8;2025-11-09;Sumatera Utara;SELLER_020_2;6;11;1;2359800.0;Rp 114.000;Rp 2.359.800
PROD_0020;Kopi Robusta;Pertanian;117500.0;21;10;4.0;2025-11-10;Jakarta;SELLER_020_2;0;11;0;2220800.0;Rp 117.500;Rp 2.220.800
PROD_0020;Kopi Robusta;Pertanian;117400.0;16;0;4.3;2025-11-11;Bali;SELLER_020_1;1;11;0;1878400.0;Rp 117.400;Rp 1.878.400
PROD_0020;Kopi Robusta;Pertanian;120800.0;21;0;3.4;2025-11-12;Jawa Tengah;SELLER_020_2;2;11;0;2536800.0;Rp 120.800;Rp 2.536.800
PROD_0020;Kopi Robusta;Pertanian;122000.0;15;5;4.0;2025-11-13;Jawa Tengah;SELLER_020_3;3;11;0;1738500.0;Rp 122.000;Rp 1.738.500
PROD_0020;Kopi Robusta;Pertanian;120600.0;24;0;3.7;2025-11-14;Sulawesi Selatan;SELLER_020_2;4;11;0;2894400.0;Rp 120.600;Rp 2.894.400
PROD_0020;Kopi Robusta;Pertanian;113200.0;20;5;3.2;2025-11-15;Bali;SELLER_020_3;5;11;1;2150800.0;Rp 113.200;Rp 2.150.800
PROD_0020;Kopi Robusta;Pertanian;117300.0;22;0;3.8;2025-11-16;Jawa Tengah;SELLER_020_1;6;11;1;2580600.0;Rp 117.300;Rp 2.580.600
PROD_0020;Kopi Robusta;Pertanian;114000.0;26;0;3.3;2025-11-17;Kalimantan Timur;SELLER_020_1;0;11;0;2964000.0;Rp 114.000;Rp 2.964.000
PROD_0020;Kopi Robusta;Pertanian;121100.0;19;0;3.0;2025-11-18;Bali;SELLER_020_1;1;11;0;2300900.0;Rp 121.100;Rp 2.300.900
PROD_0020;Kopi Robusta;Pertanian;118800.0;15;0;4.2;2025-11-19;Jawa Barat;SELLER_020_2;2;11;0;1782000.0;Rp 118.800;Rp 1.782.000
PROD_0020;Kopi Robusta;Pertanian;113600.0;17;0;3.5;2025-11-20;Bali;SELLER_020_3;3;11;0;1931200.0;Rp 113.600;Rp 1.931.200
PROD_0020;Kopi Robusta;Pertanian;115600.0;23;0;4.2;2025-11-21;Jakarta;SELLER_020_2;4;11;0;2658800.0;Rp 115.600;Rp 2.658.800
PROD_0020;Kopi Robusta;Pertanian;120500.0;17;0;4.1;2025-11-22;Sulawesi Selatan;SELLER_020_1;5;11;1;2048500.0;Rp 120.500;Rp 2.048.500
PROD_0020;Kopi Robusta;Pertanian;119500.0;16;0;2.7;2025-11-23;Sulawesi Selatan;SELLER_020_1;6;11;1;1912000.0;Rp 119.500;Rp 1.912.000
PROD_0020;Kopi Robusta;Pertanian;114700.0;25;0;3.1;2025-11-24;Jakarta;SELLER_020_1;0;11;0;2867500.0;Rp 114.700;Rp 2.867.500
PROD_0020;Kopi Robusta;Pertanian;122300.0;13;10;2.8;2025-11-25;Sulawesi Selatan;SELLER_020_3;1;11;0;1430900.0;Rp 122.300;Rp 1.430.900
PROD_0020;Kopi Robusta;Pertanian;113200.0;17;0;3.9;2025-11-26;Sumatera Utara;SELLER_020_1;2;11;0;1924400.0;Rp 113.200;Rp 1.924.400
PROD_0020;Kopi Robusta;Pertanian;116900.0;13;0;3.7;2025-11-27;Sulawesi Selatan;SELLER_020_1;3;11;0;1519700.0;Rp 116.900;Rp 1.519.700
PROD_0020;Kopi Robusta;Pertanian;119100.0;16;0;3.9;2025-11-28;Bali;SELLER_020_1;4;11;0;1905600.0;Rp 119.100;Rp 1.905.600
PROD_0020;Kopi Robusta;Pertanian;116900.0;26;0;4.9;2025-11-29;Kalimantan Timur;SELLER_020_1;5;11;1;3039400.0;Rp 116.900;Rp 3.039.400
PROD_0020;Kopi Robusta;Pertanian;116000.0;27;5;3.5;2025-11-30;Jawa Barat;SELLER_020_3;6;11;1;2975400.0;Rp 116.000;Rp 2.975.400
PROD_0020;Kopi Robusta;Pertanian;138400.0;17;0;3.0;2025-12-01;Kalimantan Timur;SELLER_020_3;0;12;0;2352800.0;Rp 138.400;Rp 2.352.800
PROD_0020;Kopi Robusta;Pertanian;137600.0;27;5;2.8;2025-12-02;Bali;SELLER_020_1;1;12;0;3529400.0;Rp 137.600;Rp 3.529.400
PROD_0020;Kopi Robusta;Pertanian;137100.0;25;0;3.2;2025-12-03;Sumatera Utara;SELLER_020_1;2;12;0;3427500.0;Rp 137.100;Rp 3.427.500
PROD_0020;Kopi Robusta;Pertanian;131000.0;31;0;2.8;2025-12-04;Sulawesi Selatan;SELLER_020_2;3;12;0;4061000.0;Rp 131.000;Rp 4.061.000
PROD_0020;Kopi Robusta;Pertanian;129500.0;18;0;4.4;2025-12-05;Jakarta;SELLER_020_2;4;12;0;2331000.0;Rp 129.500;Rp 2.331.000
PROD_0020;Kopi Robusta;Pertanian;130300.0;26;0;3.8;2025-12-06;Bali;SELLER_020_3;5;12;1;3387800.0;Rp 130.300;Rp 3.387.800
PROD_0020;Kopi Robusta;Pertanian;129900.0;24;15;3.2;2025-12-07;Jawa Timur;SELLER_020_1;6;12;1;2650000.0;Rp 129.900;Rp 2.650.000
PROD_0020;Kopi Robusta;Pertanian;135400.0;25;0;3.2;2025-12-08;Bali;SELLER_020_3;0;12;0;3385000.0;Rp 135.400;Rp 3.385.000
PROD_0020;Kopi Robusta;Pertanian;130900.0;29;0;3.6;2025-12-09;Sumatera Utara;SELLER_020_2;1;12;0;3796100.0;Rp 130.900;Rp 3.796.100
PROD_0020;Kopi Robusta;Pertanian;139500.0;17;5;3.2;2025-12-10;Jawa Tengah;SELLER_020_3;2;12;0;2252900.0;Rp 139.500;Rp 2.252.900
PROD_0020;Kopi Robusta;Pertanian;137100.0;21;0;3.4;2025-12-11;Jawa Barat;SELLER_020_2;3;12;0;2879100.0;Rp 137.100;Rp 2.879.100
PROD_0020;Kopi Robusta;Pertanian;134000.0;26;0;3.5;2025-12-12;Kalimantan Timur;SELLER_020_2;4;12;0;3484000.0;Rp 134.000;Rp 3.484.000
PROD_0020;Kopi Robusta;Pertanian;131100.0;31;15;3.5;2025-12-13;Sumatera Utara;SELLER_020_3;5;12;1;3454500.0;Rp 131.100;Rp 3.454.500
PROD_0020;Kopi Robusta;Pertanian;139900.0;27;0;4.1;2025-12-14;Bali;SELLER_020_1;6;12;1;3777300.0;Rp 139.900;Rp 3.777.300
PROD_0020;Kopi Robusta;Pertanian;134900.0;26;15;2.9;2025-12-15;Sulawesi Selatan;SELLER_020_1;0;12;0;2981300.0;Rp 134.900;Rp 2.981.300
PROD_0020;Kopi Robusta;Pertanian;131100.0;23;0;3.3;2025-12-16;Jawa Timur;SELLER_020_3;1;12;0;3015300.0;Rp 131.100;Rp 3.015.300
PROD_0020;Kopi Robusta;Pertanian;138100.0;20;0;3.5;2025-12-17;Sulawesi Selatan;SELLER_020_3;2;12;0;2762000.0;Rp 138.100;Rp 2.762.000
PROD_0020;Kopi Robusta;Pertanian;130400.0;16;10;3.4;2025-12-18;Jakarta;SELLER_020_3;3;12;0;1877800.0;Rp 130.400;Rp 1.877.800
PROD_0020;Kopi Robusta;Pertanian;131900.0;27;0;3.0;2025-12-19;Jawa Barat;SELLER_020_1;4;12;0;3561300.0;Rp 131.900;Rp 3.561.300
PROD_0020;Kopi Robusta;Pertanian;129200.0;26;0;3.4;2025-12-20;Sulawesi Selatan;SELLER_020_3;5;12;1;3359200.0;Rp 129.200;Rp 3.359.200
PROD_0020;Kopi Robusta;Pertanian;137000.0;24;0;3.4;2025-12-21;Jawa Tengah;SELLER_020_3;6;12;1;3288000.0;Rp 137.000;Rp 3.288.000
PROD_0020;Kopi Robusta;Pertanian;130800.0;23;0;3.9;2025-12-22;Sumatera Utara;SELLER_020_2;0;12;0;3008400.0;Rp 130.800;Rp 3.008.400
PROD_0020;Kopi Robusta;Pertanian;134100.0;21;5;3.4;2025-12-23;Jawa Barat;SELLER_020_3;1;12;0;2675300.0;Rp 134.100;Rp 2.675.300
PROD_0020;Kopi Robusta;Pertanian;139800.0;23;0;3.5;2025-12-24;Jakarta;SELLER_020_1;2;12;0;3215400.0;Rp 139.800;Rp 3.215.400
PROD_0020;Kopi Robusta;Pertanian;135600.0;17;0;3.0;2025-12-25;Jawa Timur;SELLER_020_1;3;12;0;2305200.0;Rp 135.600;Rp 2.305.200
PROD_0020;Kopi Robusta;Pertanian;130900.0;26;0;3.9;2025-12-26;Jakarta;SELLER_020_3;4;12;0;3403400.0;Rp 130.900;Rp 3.403.400
PROD_0020;Kopi Robusta;Pertanian;137400.0;20;20;3.2;2025-12-27;Jakarta;SELLER_020_1;5;12;1;2198400.0;Rp 137.400;Rp 2.198.400
PROD_0020;Kopi Robusta;Pertanian;127800.0;26;0;3.7;2025-12-28;Jakarta;SELLER_020_3;6;12;1;3322800.0;Rp 127.800;Rp 3.322.800
PROD_0020;Kopi Robusta;Pertanian;133100.0;24;5;3.8;2025-12-29;Bali;SELLER_020_3;0;12;0;3034700.0;Rp 133.100;Rp 3.034.700
PROD_0020;Kopi Robusta;Pertanian;128200.0;18;0;4.1;2025-12-30;Sumatera Utara;SELLER_020_1;1;12;0;2307600.0;Rp 128.200;Rp 2.307.600
PROD_0020;Kopi Robusta;Pertanian;138700.0;17;15;3.6;2025-12-31;Sulawesi Selatan;SELLER_020_2;2;12;0;2004200.0;Rp 138.700;Rp 2.004.200
PROD_0020;Kopi Robusta;Pertanian;140100.0;20;10;3.8;2026-01-01;Jawa Barat;SELLER_020_2;3;1;0;2521800.0;Rp 140.100;Rp 2.521.800
PROD_0020;Kopi Robusta;Pertanian;127900.0;29;5;3.7;2026-01-02;Jawa Timur;SELLER_020_2;4;1;0;3523600.0;Rp 127.900;Rp 3.523.600
PROD_0020;Kopi Robusta;Pertanian;138600.0;25;0;3.9;2026-01-03;Jawa Timur;SELLER_020_1;5;1;1;3465000.0;Rp 138.600;Rp 3.465.000
PROD_0020;Kopi Robusta;Pertanian;136500.0;25;5;2.6;2026-01-04;Bali;SELLER_020_1;6;1;1;3241900.0;Rp 136.500;Rp 3.241.900
PROD_0020;Kopi Robusta;Pertanian;136200.0;13;0;3.5;2026-01-05;Jawa Tengah;SELLER_020_3;0;1;0;1770600.0;Rp 136.200;Rp 1.770.600
PROD_0021;Laundry Kilat;Jasa;40100.0;17;5;3.9;2025-10-08;Jawa Barat;SELLER_021_2;2;10;0;647600.0;Rp 40.100;Rp 647.600
PROD_0021;Laundry Kilat;Jasa;38500.0;17;0;3.3;2025-10-09;Kalimantan Timur;SELLER_021_2;3;10;0;654500.0;Rp 38.500;Rp 654.500
PROD_0021;Laundry Kilat;Jasa;40900.0;19;20;2.8;2025-10-10;Jawa Timur;SELLER_021_3;4;10;0;621700.0;Rp 40.900;Rp 621.700
PROD_0021;Laundry Kilat;Jasa;37400.0;28;0;4.1;2025-10-11;Bali;SELLER_021_3;5;10;1;1047200.0;Rp 37.400;Rp 1.047.200
PROD_0021;Laundry Kilat;Jasa;40800.0;30;5;3.6;2025-10-12;Sulawesi Selatan;SELLER_021_2;6;10;1;1162800.0;Rp 40.800;Rp 1.162.800
PROD_0021;Laundry Kilat;Jasa;38700.0;14;5;3.4;2025-10-13;Jakarta;SELLER_021_2;0;10;0;514700.0;Rp 38.700;Rp 514.700
PROD_0021;Laundry Kilat;Jasa;37600.0;18;0;3.5;2025-10-14;Sulawesi Selatan;SELLER_021_3;1;10;0;676800.0;Rp 37.600;Rp 676.800
PROD_0021;Laundry Kilat;Jasa;40100.0;15;0;4.2;2025-10-15;Kalimantan Timur;SELLER_021_1;2;10;0;601500.0;Rp 40.100;Rp 601.500
PROD_0021;Laundry Kilat;Jasa;40000.0;23;5;3.1;2025-10-16;Sumatera Utara;SELLER_021_2;3;10;0;874000.0;Rp 40.000;Rp 874.000
PROD_0021;Laundry Kilat;Jasa;39100.0;17;10;3.9;2025-10-17;Kalimantan Timur;SELLER_021_1;4;10;0;598200.0;Rp 39.100;Rp 598.200
PROD_0021;Laundry Kilat;Jasa;39700.0;33;0;3.8;2025-10-18;Jawa Timur;SELLER_021_3;5;10;1;1310100.0;Rp 39.700;Rp 1.310.100
PROD_0021;Laundry Kilat;Jasa;38600.0;19;0;3.3;2025-10-19;Jawa Tengah;SELLER_021_3;6;10;1;733400.0;Rp 38.600;Rp 733.400
PROD_0021;Laundry Kilat;Jasa;37600.0;19;0;2.2;2025-10-20;Kalimantan Timur;SELLER_021_2;0;10;0;714400.0;Rp 37.600;Rp 714.400
PROD_0021;Laundry Kilat;Jasa;39300.0;20;0;3.8;2025-10-21;Jawa Barat;SELLER_021_2;1;10;0;786000.0;Rp 39.300;Rp 786.000
PROD_0021;Laundry Kilat;Jasa;40800.0;20;5;3.9;2025-10-22;Kalimantan Timur;SELLER_021_3;2;10;0;775200.0;Rp 40.800;Rp 775.200
PROD_0021;Laundry Kilat;Jasa;37800.0;10;0;4.9;2025-10-23;Jawa Barat;SELLER_021_3;3;10;0;378000.0;Rp 37.800;Rp 378.000
PROD_0021;Laundry Kilat;Jasa;37400.0;17;10;2.8;2025-10-24;Sumatera Utara;SELLER_021_2;4;10;0;572200.0;Rp 37.400;Rp 572.200
PROD_0021;Laundry Kilat;Jasa;40000.0;20;0;2.9;2025-10-25;Bali;SELLER_021_3;5;10;1;800000.0;Rp 40.000;Rp 800.000
PROD_0021;Laundry Kilat;Jasa;39000.0;26;0;4.1;2025-10-26;Kalimantan Timur;SELLER_021_3;6;10;1;1014000.0;Rp 39.000;Rp 1.014.000
PROD_0021;Laundry Kilat;Jasa;38800.0;20;0;2.7;2025-10-27;Jawa Barat;SELLER_021_2;0;10;0;776000.0;Rp 38.800;Rp 776.000
PROD_0021;Laundry Kilat;Jasa;38100.0;16;0;3.6;2025-10-28;Sumatera Utara;SELLER_021_1;1;10;0;609600.0;Rp 38.100;Rp 609.600
PROD_0021;Laundry Kilat;Jasa;41000.0;15;0;3.9;2025-10-29;Kalimantan Timur;SELLER_021_3;2;10;0;615000.0;Rp 41.000;Rp 615.000
PROD_0021;Laundry Kilat;Jasa;38300.0;24;0;3.5;2025-10-30;Kalimantan Timur;SELLER_021_1;3;10;0;919200.0;Rp 38.300;Rp 919.200
PROD_0021;Laundry Kilat;Jasa;37400.0;25;0;3.2;2025-10-31;Kalimantan Timur;SELLER_021_1;4;10;0;935000.0;Rp 37.400;Rp 935.000
PROD_0021;Laundry Kilat;Jasa;40700.0;20;5;4.1;2025-11-01;Sulawesi Selatan;SELLER_021_1;5;11;1;773300.0;Rp 40.700;Rp 773.300
PROD_0021;Laundry Kilat;Jasa;38400.0;34;0;3.6;2025-11-02;Sumatera Utara;SELLER_021_3;6;11;1;1305600.0;Rp 38.400;Rp 1.305.600
PROD_0021;Laundry Kilat;Jasa;40900.0;31;5;3.0;2025-11-03;Jakarta;SELLER_021_1;0;11;0;1204500.0;Rp 40.900;Rp 1.204.500
PROD_0021;Laundry Kilat;Jasa;40200.0;29;5;3.2;2025-11-04;Sumatera Utara;SELLER_021_3;1;11;0;1107500.0;Rp 40.200;Rp 1.107.500
PROD_0021;Laundry Kilat;Jasa;39200.0;20;10;3.4;2025-11-05;Sumatera Utara;SELLER_021_1;2;11;0;705600.0;Rp 39.200;Rp 705.600
PROD_0021;Laundry Kilat;Jasa;40200.0;13;0;3.5;2025-11-06;Jawa Barat;SELLER_021_1;3;11;0;522600.0;Rp 40.200;Rp 522.600
PROD_0021;Laundry Kilat;Jasa;37200.0;13;0;4.0;2025-11-07;Kalimantan Timur;SELLER_021_2;4;11;0;483600.0;Rp 37.200;Rp 483.600
PROD_0021;Laundry Kilat;Jasa;40200.0;25;0;3.9;2025-11-08;Jawa Barat;SELLER_021_2;5;11;1;1005000.0;Rp 40.200;Rp 1.005.000
PROD_0021;Laundry Kilat;Jasa;38300.0;20;0;3.7;2025-11-09;Sulawesi Selatan;SELLER_021_1;6;11;1;766000.0;Rp 38.300;Rp 766.000
PROD_0021;Laundry Kilat;Jasa;41000.0;12;0;3.3;2025-11-10;Jawa Barat;SELLER_021_3;0;11;0;492000.0;Rp 41.000;Rp 492.000
PROD_0021;Laundry Kilat;Jasa;40500.0;17;10;4.2;2025-11-11;Sumatera Utara;SELLER_021_1;1;11;0;619600.0;Rp 40.500;Rp 619.600
PROD_0021;Laundry Kilat;Jasa;38200.0;24;5;3.5;2025-11-12;Jakarta;SELLER_021_3;2;11;0;871000.0;Rp 38.200;Rp 871.000
PROD_0021;Laundry Kilat;Jasa;40800.0;14;5;3.6;2025-11-13;Jakarta;SELLER_021_2;3;11;0;542600.0;Rp 40.800;Rp 542.600
PROD_0021;Laundry Kilat;Jasa;40700.0;30;15;3.6;2025-11-14;Sulawesi Selatan;SELLER_021_3;4;11;0;1037800.0;Rp 40.700;Rp 1.037.800
PROD_0021;Laundry Kilat;Jasa;37900.0;18;0;2.6;2025-11-15;Sumatera Utara;SELLER_021_1;5;11;1;682200.0;Rp 37.900;Rp 682.200
PROD_0021;Laundry Kilat;Jasa;38000.0;22;0;3.8;2025-11-16;Sumatera Utara;SELLER_021_3;6;11;1;836000.0;Rp 38.000;Rp 836.000
PROD_0021;Laundry Kilat;Jasa;40500.0;13;0;3.7;2025-11-17;Jawa Timur;SELLER_021_1;0;11;0;526500.0;Rp 40.500;Rp 526.500
PROD_0021;Laundry Kilat;Jasa;40200.0;21;0;3.6;2025-11-18;Jawa Tengah;SELLER_021_1;1;11;0;844200.0;Rp 40.200;Rp 844.200
PROD_0021;Laundry Kilat;Jasa;39200.0;24;5;4.0;2025-11-19;Jakarta;SELLER_021_3;2;11;0;893800.0;Rp 39.200;Rp 893.800
PROD_0021;Laundry Kilat;Jasa;39300.0;14;0;3.1;2025-11-20;Sulawesi Selatan;SELLER_021_2;3;11;0;550200.0;Rp 39.300;Rp 550.200
PROD_0021;Laundry Kilat;Jasa;40800.0;24;0;3.0;2025-11-21;Bali;SELLER_021_1;4;11;0;979200.0;Rp 40.800;Rp 979.200
PROD_0021;Laundry Kilat;Jasa;38500.0;16;0;3.5;2025-11-22;Sulawesi Selatan;SELLER_021_3;5;11;1;616000.0;Rp 38.500;Rp 616.000
PROD_0021;Laundry Kilat;Jasa;37900.0;18;5;4.0;2025-11-23;Jawa Timur;SELLER_021_2;6;11;1;648100.0;Rp 37.900;Rp 648.100
PROD_0021;Laundry Kilat;Jasa;38600.0;19;0;2.9;2025-11-24;Jawa Timur;SELLER_021_2;0;11;0;733400.0;Rp 38.600;Rp 733.400
PROD_0021;Laundry Kilat;Jasa;38000.0;22;5;3.4;2025-11-25;Bali;SELLER_021_1;1;11;0;794200.0;Rp 38.000;Rp 794.200
PROD_0021;Laundry Kilat;Jasa;39200.0;21;10;4.0;2025-11-26;Bali;SELLER_021_2;2;11;0;740900.0;Rp 39.200;Rp 740.900
PROD_0021;Laundry Kilat;Jasa;37800.0;24;0;4.1;2025-11-27;Kalimantan Timur;SELLER_021_3;3;11;0;907200.0;Rp 37.800;Rp 907.200
PROD_0021;Laundry Kilat;Jasa;40000.0;14;0;3.4;2025-11-28;Sumatera Utara;SELLER_021_3;4;11;0;560000.0;Rp 40.000;Rp 560.000
PROD_0021;Laundry Kilat;Jasa;40600.0;8;0;3.0;2025-11-29;Sumatera Utara;SELLER_021_3;5;11;1;324800.0;Rp 40.600;Rp 324.800
PROD_0021;Laundry Kilat;Jasa;38700.0;25;0;2.7;2025-11-30;Bali;SELLER_021_2;6;11;1;967500.0;Rp 38.700;Rp 967.500
PROD_0021;Laundry Kilat;Jasa;43900.0;25;10;4.1;2025-12-01;Jawa Tengah;SELLER_021_3;0;12;0;987800.0;Rp 43.900;Rp 987.800
PROD_0021;Laundry Kilat;Jasa;46800.0;21;5;3.7;2025-12-02;Sulawesi Selatan;SELLER_021_2;1;12;0;933700.0;Rp 46.800;Rp 933.700
PROD_0021;Laundry Kilat;Jasa;44200.0;12;0;2.6;2025-12-03;Bali;SELLER_021_2;2;12;0;530400.0;Rp 44.200;Rp 530.400
PROD_0021;Laundry Kilat;Jasa;43000.0;25;0;4.1;2025-12-04;Jakarta;SELLER_021_3;3;12;0;1075000.0;Rp 43.000;Rp 1.075.000
PROD_0021;Laundry Kilat;Jasa;45000.0;18;0;3.5;2025-12-05;Jawa Tengah;SELLER_021_3;4;12;0;810000.0;Rp 45.000;Rp 810.000
PROD_0021;Laundry Kilat;Jasa;46400.0;31;0;3.6;2025-12-06;Kalimantan Timur;SELLER_021_2;5;12;1;1438400.0;Rp 46.400;Rp 1.438.400
PROD_0021;Laundry Kilat;Jasa;42700.0;21;5;3.9;2025-12-07;Kalimantan Timur;SELLER_021_1;6;12;1;851900.0;Rp 42.700;Rp 851.900
PROD_0021;Laundry Kilat;Jasa;43100.0;20;0;4.0;2025-12-08;Jawa Timur;SELLER_021_1;0;12;0;862000.0;Rp 43.100;Rp 862.000
PROD_0021;Laundry Kilat;Jasa;46100.0;20;0;3.5;2025-12-09;Jawa Timur;SELLER_021_2;1;12;0;922000.0;Rp 46.100;Rp 922.000
PROD_0021;Laundry Kilat;Jasa;44500.0;31;0;4.0;2025-12-10;Jawa Tengah;SELLER_021_3;2;12;0;1379500.0;Rp 44.500;Rp 1.379.500
PROD_0021;Laundry Kilat;Jasa;47100.0;21;0;4.0;2025-12-11;Bali;SELLER_021_3;3;12;0;989100.0;Rp 47.100;Rp 989.100
PROD_0021;Laundry Kilat;Jasa;47100.0;26;0;2.5;2025-12-12;Sumatera Utara;SELLER_021_3;4;12;0;1224600.0;Rp 47.100;Rp 1.224.600
PROD_0021;Laundry Kilat;Jasa;47000.0;26;0;3.3;2025-12-13;Jawa Tengah;SELLER_021_2;5;12;1;1222000.0;Rp 47.000;Rp 1.222.000
PROD_0021;Laundry Kilat;Jasa;45900.0;24;15;4.9;2025-12-14;Sulawesi Selatan;SELLER_021_1;6;12;1;936400.0;Rp 45.900;Rp 936.400
PROD_0021;Laundry Kilat;Jasa;46500.0;24;0;4.0;2025-12-15;Jawa Timur;SELLER_021_1;0;12;0;1116000.0;Rp 46.500;Rp 1.116.000
PROD_0021;Laundry Kilat;Jasa;46900.0;29;0;4.2;2025-12-16;Jakarta;SELLER_021_1;1;12;0;1360100.0;Rp 46.900;Rp 1.360.100
PROD_0021;Laundry Kilat;Jasa;45900.0;18;10;3.5;2025-12-17;Kalimantan Timur;SELLER_021_3;2;12;0;743600.0;Rp 45.900;Rp 743.600
PROD_0021;Laundry Kilat;Jasa;45100.0;27;0;3.7;2025-12-18;Jawa Barat;SELLER_021_1;3;12;0;1217700.0;Rp 45.100;Rp 1.217.700
PROD_0021;Laundry Kilat;Jasa;46700.0;20;5;3.5;2025-12-19;Jakarta;SELLER_021_1;4;12;0;887300.0;Rp 46.700;Rp 887.300
PROD_0021;Laundry Kilat;Jasa;43100.0;27;0;3.3;2025-12-20;Bali;SELLER_021_3;5;12;1;1163700.0;Rp 43.100;Rp 1.163.700
PROD_0021;Laundry Kilat;Jasa;45300.0;27;10;4.0;2025-12-21;Jawa Tengah;SELLER_021_1;6;12;1;1100800.0;Rp 45.300;Rp 1.100.800
PROD_0021;Laundry Kilat;Jasa;46100.0;19;0;3.6;2025-12-22;Sumatera Utara;SELLER_021_3;0;12;0;875900.0;Rp 46.100;Rp 875.900
PROD_0021;Laundry Kilat;Jasa;42800.0;24;0;4.0;2025-12-23;Sulawesi Selatan;SELLER_021_1;1;12;0;1027200.0;Rp 42.800;Rp 1.027.200
PROD_0021;Laundry Kilat;Jasa;43600.0;23;0;2.7;2025-12-24;Bali;SELLER_021_3;2;12;0;1002800.0;Rp 43.600;Rp 1.002.800
PROD_0021;Laundry Kilat;Jasa;46600.0;25;0;3.8;2025-12-25;Jawa Tengah;SELLER_021_2;3;12;0;1165000.0;Rp 46.600;Rp 1.165.000
PROD_0021;Laundry Kilat;Jasa;44500.0;33;0;3.3;2025-12-26;Bali;SELLER_021_2;4;12;0;1468500.0;Rp 44.500;Rp 1.468.500
PROD_0021;Laundry Kilat;Jasa;45400.0;25;0;4.1;2025-12-27;Jakarta;SELLER_021_2;5;12;1;1135000.0;Rp 45.400;Rp 1.135.000
PROD_0021;Laundry Kilat;Jasa;45100.0;34;0;3.7;2025-12-28;Jawa Barat;SELLER_021_2;6;12;1;1533400.0;Rp 45.100;Rp 1.533.400
PROD_0021;Laundry Kilat;Jasa;45700.0;17;0;2.2;2025-12-29;Sumatera Utara;SELLER_021_3;0;12;0;776900.0;Rp 45.700;Rp 776.900
PROD_0021;Laundry Kilat;Jasa;44700.0;19;0;3.5;2025-12-30;Jawa Timur;SELLER_021_3;1;12;0;849300.0;Rp 44.700;Rp 849.300
PROD_0021;Laundry Kilat;Jasa;44200.0;26;0;3.6;2025-12-31;Jawa Timur;SELLER_021_3;2;12;0;1149200.0;Rp 44.200;Rp 1.149.200
PROD_0021;Laundry Kilat;Jasa;46200.0;27;5;3.3;2026-01-01;Jawa Timur;SELLER_021_2;3;1;0;1185000.0;Rp 46.200;Rp 1.185.000
PROD_0021;Laundry Kilat;Jasa;45600.0;21;0;3.8;2026-01-02;Bali;SELLER_021_1;4;1;0;957600.0;Rp 45.600;Rp 957.600
PROD_0021;Laundry Kilat;Jasa;45800.0;25;0;3.6;2026-01-03;Sulawesi Selatan;SELLER_021_1;5;1;1;1145000.0;Rp 45.800;Rp 1.145.000
PROD_0021;Laundry Kilat;Jasa;46000.0;27;0;3.3;2026-01-04;Sulawesi Selatan;SELLER_021_1;6;1;1;1242000.0;Rp 46.000;Rp 1.242.000
PROD_0021;Laundry Kilat;Jasa;43200.0;17;0;3.5;2026-01-05;Sulawesi Selatan;SELLER_021_3;0;1;0;734400.0;Rp 43.200;Rp 734.400
PROD_0022;Service AC;Jasa;90000.0;20;0;3.4;2025-10-08;Jawa Timur;SELLER_022_1;2;10;0;1800000.0;Rp 90.000;Rp 1.800.000
PROD_0022;Service AC;Jasa;86100.0;25;0;4.0;2025-10-09;Bali;SELLER_022_3;3;10;0;2152500.0;Rp 86.100;Rp 2.152.500
PROD_0022;Service AC;Jasa;92900.0;23;0;3.4;2025-10-10;Jawa Timur;SELLER_022_3;4;10;0;2136700.0;Rp 92.900;Rp 2.136.700
PROD_0022;Service AC;Jasa;88800.0;22;15;2.9;2025-10-11;Jawa Barat;SELLER_022_2;5;10;1;1660600.0;Rp 88.800;Rp 1.660.600
PROD_0022;Service AC;Jasa;85700.0;24;0;3.2;2025-10-12;Bali;SELLER_022_3;6;10;1;2056800.0;Rp 85.700;Rp 2.056.800
PROD_0022;Service AC;Jasa;86900.0;22;0;3.1;2025-10-13;Sumatera Utara;SELLER_022_1;0;10;0;1911800.0;Rp 86.900;Rp 1.911.800
PROD_0022;Service AC;Jasa;93200.0;22;10;3.3;2025-10-14;Sulawesi Selatan;SELLER_022_1;1;10;0;1845400.0;Rp 93.200;Rp 1.845.400
PROD_0022;Service AC;Jasa;89100.0;25;10;4.4;2025-10-15;Jawa Timur;SELLER_022_3;2;10;0;2004800.0;Rp 89.100;Rp 2.004.800
PROD_0022;Service AC;Jasa;90400.0;16;0;3.4;2025-10-16;Jakarta;SELLER_022_1;3;10;0;1446400.0;Rp 90.400;Rp 1.446.400
PROD_0022;Service AC;Jasa;86500.0;19;0;3.1;2025-10-17;Jakarta;SELLER_022_3;4;10;0;1643500.0;Rp 86.500;Rp 1.643.500
PROD_0022;Service AC;Jasa;90000.0;24;0;3.9;2025-10-18;Jawa Barat;SELLER_022_2;5;10;1;2160000.0;Rp 90.000;Rp 2.160.000
PROD_0022;Service AC;Jasa;92500.0;11;0;3.0;2025-10-19;Kalimantan Timur;SELLER_022_1;6;10;1;1017500.0;Rp 92.500;Rp 1.017.500
PROD_0022;Service AC;Jasa;93000.0;17;0;3.4;2025-10-20;Sumatera Utara;SELLER_022_1;0;10;0;1581000.0;Rp 93.000;Rp 1.581.000
PROD_0022;Service AC;Jasa;87300.0;12;20;3.6;2025-10-21;Jawa Timur;SELLER_022_3;1;10;0;838100.0;Rp 87.300;Rp 838.100
PROD_0022;Service AC;Jasa;90800.0;22;0;3.5;2025-10-22;Jawa Barat;SELLER_022_2;2;10;0;1997600.0;Rp 90.800;Rp 1.997.600
PROD_0022;Service AC;Jasa;89300.0;23;0;3.0;2025-10-23;Bali;SELLER_022_3;3;10;0;2053900.0;Rp 89.300;Rp 2.053.900
PROD_0022;Service AC;Jasa;89500.0;23;0;3.7;2025-10-24;Sumatera Utara;SELLER_022_3;4;10;0;2058500.0;Rp 89.500;Rp 2.058.500
PROD_0022;Service AC;Jasa;87100.0;22;0;3.1;2025-10-25;Kalimantan Timur;SELLER_022_1;5;10;1;1916200.0;Rp 87.100;Rp 1.916.200
PROD_0022;Service AC;Jasa;86300.0;18;0;3.7;2025-10-26;Jawa Tengah;SELLER_022_2;6;10;1;1553400.0;Rp 86.300;Rp 1.553.400
PROD_0022;Service AC;Jasa;84500.0;13;0;3.7;2025-10-27;Jawa Tengah;SELLER_022_3;0;10;0;1098500.0;Rp 84.500;Rp 1.098.500
PROD_0022;Service AC;Jasa;90500.0;21;5;3.3;2025-10-28;Sulawesi Selatan;SELLER_022_2;1;10;0;1805500.0;Rp 90.500;Rp 1.805.500
PROD_0022;Service AC;Jasa;90600.0;31;10;3.4;2025-10-29;Jakarta;SELLER_022_2;2;10;0;2527700.0;Rp 90.600;Rp 2.527.700
PROD_0022;Service AC;Jasa;90100.0;22;0;3.0;2025-10-30;Bali;SELLER_022_1;3;10;0;1982200.0;Rp 90.100;Rp 1.982.200
PROD_0022;Service AC;Jasa;91500.0;22;10;4.1;2025-10-31;Kalimantan Timur;SELLER_022_1;4;10;0;1811700.0;Rp 91.500;Rp 1.811.700
PROD_0022;Service AC;Jasa;92200.0;20;10;3.4;2025-11-01;Jawa Tengah;SELLER_022_3;5;11;1;1659600.0;Rp 92.200;Rp 1.659.600
PROD_0022;Service AC;Jasa;92700.0;22;0;4.0;2025-11-02;Bali;SELLER_022_1;6;11;1;2039400.0;Rp 92.700;Rp 2.039.400
PROD_0022;Service AC;Jasa;88100.0;16;15;3.2;2025-11-03;Jakarta;SELLER_022_2;0;11;0;1198200.0;Rp 88.100;Rp 1.198.200
PROD_0022;Service AC;Jasa;92900.0;25;0;3.1;2025-11-04;Jawa Timur;SELLER_022_1;1;11;0;2322500.0;Rp 92.900;Rp 2.322.500
PROD_0022;Service AC;Jasa;92700.0;23;20;4.0;2025-11-05;Sumatera Utara;SELLER_022_3;2;11;0;1705700.0;Rp 92.700;Rp 1.705.700
PROD_0022;Service AC;Jasa;86800.0;22;0;4.1;2025-11-06;Jawa Barat;SELLER_022_1;3;11;0;1909600.0;Rp 86.800;Rp 1.909.600
PROD_0022;Service AC;Jasa;86700.0;16;10;3.8;2025-11-07;Sumatera Utara;SELLER_022_3;4;11;0;1248500.0;Rp 86.700;Rp 1.248.500
PROD_0022;Service AC;Jasa;84700.0;19;15;2.8;2025-11-08;Jawa Tengah;SELLER_022_3;5;11;1;1367900.0;Rp 84.700;Rp 1.367.900
PROD_0022;Service AC;Jasa;89600.0;24;5;3.8;2025-11-09;Jawa Barat;SELLER_022_2;6;11;1;2042900.0;Rp 89.600;Rp 2.042.900
PROD_0022;Service AC;Jasa;89500.0;19;0;3.7;2025-11-10;Jawa Barat;SELLER_022_2;0;11;0;1700500.0;Rp 89.500;Rp 1.700.500
PROD_0022;Service AC;Jasa;90800.0;22;5;3.0;2025-11-11;Jawa Barat;SELLER_022_1;1;11;0;1897700.0;Rp 90.800;Rp 1.897.700
PROD_0022;Service AC;Jasa;89400.0;20;5;3.7;2025-11-12;Kalimantan Timur;SELLER_022_3;2;11;0;1698600.0;Rp 89.400;Rp 1.698.600
PROD_0022;Service AC;Jasa;86400.0;21;0;4.3;2025-11-13;Jawa Tengah;SELLER_022_3;3;11;0;1814400.0;Rp 86.400;Rp 1.814.400
PROD_0022;Service AC;Jasa;90100.0;25;0;3.1;2025-11-14;Jawa Timur;SELLER_022_2;4;11;0;2252500.0;Rp 90.100;Rp 2.252.500
PROD_0022;Service AC;Jasa;87600.0;27;0;3.7;2025-11-15;Jawa Tengah;SELLER_022_1;5;11;1;2365200.0;Rp 87.600;Rp 2.365.200
PROD_0022;Service AC;Jasa;85900.0;23;15;4.3;2025-11-16;Jakarta;SELLER_022_1;6;11;1;1679300.0;Rp 85.900;Rp 1.679.300
PROD_0022;Service AC;Jasa;92100.0;26;0;3.2;2025-11-17;Sulawesi Selatan;SELLER_022_2;0;11;0;2394600.0;Rp 92.100;Rp 2.394.600
PROD_0022;Service AC;Jasa;91000.0;19;0;4.4;2025-11-18;Kalimantan Timur;SELLER_022_1;1;11;0;1729000.0;Rp 91.000;Rp 1.729.000
PROD_0022;Service AC;Jasa;89600.0;19;0;3.5;2025-11-19;Sulawesi Selatan;SELLER_022_1;2;11;0;1702400.0;Rp 89.600;Rp 1.702.400
PROD_0022;Service AC;Jasa;86500.0;17;5;3.5;2025-11-20;Jawa Barat;SELLER_022_2;3;11;0;1397000.0;Rp 86.500;Rp 1.397.000
PROD_0022;Service AC;Jasa;85100.0;19;0;2.7;2025-11-21;Jawa Timur;SELLER_022_2;4;11;0;1616900.0;Rp 85.100;Rp 1.616.900
PROD_0022;Service AC;Jasa;84500.0;16;0;3.2;2025-11-22;Kalimantan Timur;SELLER_022_3;5;11;1;1352000.0;Rp 84.500;Rp 1.352.000
PROD_0022;Service AC;Jasa;89300.0;24;0;3.6;2025-11-23;Kalimantan Timur;SELLER_022_2;6;11;1;2143200.0;Rp 89.300;Rp 2.143.200
PROD_0022;Service AC;Jasa;91800.0;25;10;2.4;2025-11-24;Jawa Timur;SELLER_022_2;0;11;0;2065500.0;Rp 91.800;Rp 2.065.500
PROD_0022;Service AC;Jasa;91400.0;25;10;2.4;2025-11-25;Kalimantan Timur;SELLER_022_2;1;11;0;2056500.0;Rp 91.400;Rp 2.056.500
PROD_0022;Service AC;Jasa;91400.0;24;0;4.1;2025-11-26;Sulawesi Selatan;SELLER_022_2;2;11;0;2193600.0;Rp 91.400;Rp 2.193.600
PROD_0022;Service AC;Jasa;85200.0;25;0;3.4;2025-11-27;Jawa Barat;SELLER_022_1;3;11;0;2130000.0;Rp 85.200;Rp 2.130.000
PROD_0022;Service AC;Jasa;90300.0;19;0;3.8;2025-11-28;Jawa Barat;SELLER_022_2;4;11;0;1715700.0;Rp 90.300;Rp 1.715.700
PROD_0022;Service AC;Jasa;89300.0;31;15;2.6;2025-11-29;Sumatera Utara;SELLER_022_3;5;11;1;2353100.0;Rp 89.300;Rp 2.353.100
PROD_0022;Service AC;Jasa;85000.0;27;15;4.4;2025-11-30;Sulawesi Selatan;SELLER_022_2;6;11;1;1950800.0;Rp 85.000;Rp 1.950.800
PROD_0022;Service AC;Jasa;104200.0;16;0;3.8;2025-12-01;Kalimantan Timur;SELLER_022_3;0;12;0;1667200.0;Rp 104.200;Rp 1.667.200
PROD_0022;Service AC;Jasa;106100.0;25;0;3.7;2025-12-02;Kalimantan Timur;SELLER_022_1;1;12;0;2652500.0;Rp 106.100;Rp 2.652.500
PROD_0022;Service AC;Jasa;104200.0;26;0;3.3;2025-12-03;Bali;SELLER_022_1;2;12;0;2709200.0;Rp 104.200;Rp 2.709.200
PROD_0022;Service AC;Jasa;104500.0;25;0;2.6;2025-12-04;Jakarta;SELLER_022_3;3;12;0;2612500.0;Rp 104.500;Rp 2.612.500
PROD_0022;Service AC;Jasa;102700.0;29;0;3.0;2025-12-05;Jawa Timur;SELLER_022_1;4;12;0;2978300.0;Rp 102.700;Rp 2.978.300
PROD_0022;Service AC;Jasa;99700.0;25;15;4.3;2025-12-06;Jawa Timur;SELLER_022_3;5;12;1;2118600.0;Rp 99.700;Rp 2.118.600
PROD_0022;Service AC;Jasa;100300.0;17;0;2.8;2025-12-07;Sumatera Utara;SELLER_022_1;6;12;1;1705100.0;Rp 100.300;Rp 1.705.100
PROD_0022;Service AC;Jasa;101100.0;18;0;3.6;2025-12-08;Jawa Tengah;SELLER_022_3;0;12;0;1819800.0;Rp 101.100;Rp 1.819.800
PROD_0022;Service AC;Jasa;103000.0;29;0;2.9;2025-12-09;Jakarta;SELLER_022_1;1;12;0;2987000.0;Rp 103.000;Rp 2.987.000
PROD_0022;Service AC;Jasa;102300.0;27;10;4.0;2025-12-10;Jawa Barat;SELLER_022_2;2;12;0;2485900.0;Rp 102.300;Rp 2.485.900
PROD_0022;Service AC;Jasa;107100.0;20;5;3.8;2025-12-11;Jawa Tengah;SELLER_022_2;3;12;0;2034900.0;Rp 107.100;Rp 2.034.900
PROD_0022;Service AC;Jasa;102300.0;18;5;3.9;2025-12-12;Sumatera Utara;SELLER_022_1;4;12;0;1749300.0;Rp 102.300;Rp 1.749.300
PROD_0022;Service AC;Jasa;103400.0;25;0;3.2;2025-12-13;Sulawesi Selatan;SELLER_022_2;5;12;1;2585000.0;Rp 103.400;Rp 2.585.000
PROD_0022;Service AC;Jasa;99300.0;34;0;3.4;2025-12-14;Jawa Tengah;SELLER_022_3;6;12;1;3376200.0;Rp 99.300;Rp 3.376.200
PROD_0022;Service AC;Jasa;99400.0;31;5;2.7;2025-12-15;Kalimantan Timur;SELLER_022_1;0;12;0;2927300.0;Rp 99.400;Rp 2.927.300
PROD_0022;Service AC;Jasa;107100.0;16;5;3.6;2025-12-16;Sulawesi Selatan;SELLER_022_1;1;12;0;1627900.0;Rp 107.100;Rp 1.627.900
PROD_0022;Service AC;Jasa;101500.0;23;0;3.8;2025-12-17;Kalimantan Timur;SELLER_022_2;2;12;0;2334500.0;Rp 101.500;Rp 2.334.500
PROD_0022;Service AC;Jasa;102500.0;13;0;3.2;2025-12-18;Kalimantan Timur;SELLER_022_2;3;12;0;1332500.0;Rp 102.500;Rp 1.332.500
PROD_0022;Service AC;Jasa;102600.0;14;15;3.9;2025-12-19;Kalimantan Timur;SELLER_022_3;4;12;0;1220900.0;Rp 102.600;Rp 1.220.900
PROD_0022;Service AC;Jasa;104700.0;15;0;3.4;2025-12-20;Sumatera Utara;SELLER_022_2;5;12;1;1570500.0;Rp 104.700;Rp 1.570.500
PROD_0022;Service AC;Jasa;104400.0;25;0;3.8;2025-12-21;Bali;SELLER_022_2;6;12;1;2610000.0;Rp 104.400;Rp 2.610.000
PROD_0022;Service AC;Jasa;104000.0;16;0;4.0;2025-12-22;Jawa Tengah;SELLER_022_1;0;12;0;1664000.0;Rp 104.000;Rp 1.664.000
PROD_0022;Service AC;Jasa;102400.0;16;0;3.1;2025-12-23;Sumatera Utara;SELLER_022_1;1;12;0;1638400.0;Rp 102.400;Rp 1.638.400
PROD_0022;Service AC;Jasa;101700.0;21;0;2.8;2025-12-24;Jawa Timur;SELLER_022_1;2;12;0;2135700.0;Rp 101.700;Rp 2.135.700
PROD_0022;Service AC;Jasa;101200.0;21;0;4.7;2025-12-25;Sumatera Utara;SELLER_022_3;3;12;0;2125200.0;Rp 101.200;Rp 2.125.200
PROD_0022;Service AC;Jasa;100100.0;19;10;3.0;2025-12-26;Jakarta;SELLER_022_1;4;12;0;1711700.0;Rp 100.100;Rp 1.711.700
PROD_0022;Service AC;Jasa;102800.0;25;5;4.4;2025-12-27;Sumatera Utara;SELLER_022_2;5;12;1;2441500.0;Rp 102.800;Rp 2.441.500
PROD_0022;Service AC;Jasa;98100.0;17;0;4.1;2025-12-28;Sumatera Utara;SELLER_022_2;6;12;1;1667700.0;Rp 98.100;Rp 1.667.700
PROD_0022;Service AC;Jasa;106500.0;25;0;2.4;2025-12-29;Sumatera Utara;SELLER_022_1;0;12;0;2662500.0;Rp 106.500;Rp 2.662.500
PROD_0022;Service AC;Jasa;101300.0;23;0;3.3;2025-12-30;Jawa Tengah;SELLER_022_1;1;12;0;2329900.0;Rp 101.300;Rp 2.329.900
PROD_0022;Service AC;Jasa;100300.0;27;0;4.0;2025-12-31;Sulawesi Selatan;SELLER_022_1;2;12;0;2708100.0;Rp 100.300;Rp 2.708.100
PROD_0022;Service AC;Jasa;101400.0;25;10;3.1;2026-01-01;Jawa Barat;SELLER_022_3;3;1;0;2281500.0;Rp 101.400;Rp 2.281.500
PROD_0022;Service AC;Jasa;101400.0;26;0;3.9;2026-01-02;Jawa Timur;SELLER_022_1;4;1;0;2636400.0;Rp 101.400;Rp 2.636.400
PROD_0022;Service AC;Jasa;107100.0;27;0;2.4;2026-01-03;Sulawesi Selatan;SELLER_022_3;5;1;1;2891700.0;Rp 107.100;Rp 2.891.700
PROD_0022;Service AC;Jasa;105200.0;15;20;3.5;2026-01-04;Jawa Barat;SELLER_022_2;6;1;1;1262400.0;Rp 105.200;Rp 1.262.400
PROD_0022;Service AC;Jasa;102000.0;21;10;2.9;2026-01-05;Jawa Tengah;SELLER_022_2;0;1;0;1927800.0;Rp 102.000;Rp 1.927.800
PROD_0023;Cuci Motor;Jasa;63500.0;19;0;4.3;2025-10-08;Bali;SELLER_023_3;2;10;0;1206500.0;Rp 63.500;Rp 1.206.500
PROD_0023;Cuci Motor;Jasa;65400.0;17;10;3.0;2025-10-09;Jawa Barat;SELLER_023_1;3;10;0;1000600.0;Rp 65.400;Rp 1.000.600
PROD_0023;Cuci Motor;Jasa;68900.0;12;10;3.6;2025-10-10;Jawa Tengah;SELLER_023_1;4;10;0;744100.0;Rp 68.900;Rp 744.100
PROD_0023;Cuci Motor;Jasa;63400.0;24;0;3.7;2025-10-11;Jakarta;SELLER_023_3;5;10;1;1521600.0;Rp 63.400;Rp 1.521.600
PROD_0023;Cuci Motor;Jasa;64400.0;19;15;3.1;2025-10-12;Bali;SELLER_023_2;6;10;1;1040100.0;Rp 64.400;Rp 1.040.100
PROD_0023;Cuci Motor;Jasa;67900.0;15;5;2.5;2025-10-13;Jakarta;SELLER_023_1;0;10;0;967600.0;Rp 67.900;Rp 967.600
PROD_0023;Cuci Motor;Jasa;68000.0;20;0;3.8;2025-10-14;Jakarta;SELLER_023_2;1;10;0;1360000.0;Rp 68.000;Rp 1.360.000
PROD_0023;Cuci Motor;Jasa;67900.0;19;10;3.6;2025-10-15;Bali;SELLER_023_1;2;10;0;1161100.0;Rp 67.900;Rp 1.161.100
PROD_0023;Cuci Motor;Jasa;69600.0;16;0;4.3;2025-10-16;Jawa Timur;SELLER_023_1;3;10;0;1113600.0;Rp 69.600;Rp 1.113.600
PROD_0023;Cuci Motor;Jasa;64800.0;29;5;4.5;2025-10-17;Sumatera Utara;SELLER_023_1;4;10;0;1785200.0;Rp 64.800;Rp 1.785.200
PROD_0023;Cuci Motor;Jasa;69600.0;24;10;3.0;2025-10-18;Jakarta;SELLER_023_2;5;10;1;1503400.0;Rp 69.600;Rp 1.503.400
PROD_0023;Cuci Motor;Jasa;69100.0;23;0;3.0;2025-10-19;Bali;SELLER_023_2;6;10;1;1589300.0;Rp 69.100;Rp 1.589.300
PROD_0023;Cuci Motor;Jasa;68700.0;26;0;3.5;2025-10-20;Sumatera Utara;SELLER_023_2;0;10;0;1786200.0;Rp 68.700;Rp 1.786.200
PROD_0023;Cuci Motor;Jasa;65400.0;20;0;3.4;2025-10-21;Jakarta;SELLER_023_1;1;10;0;1308000.0;Rp 65.400;Rp 1.308.000
PROD_0023;Cuci Motor;Jasa;66200.0;19;0;3.2;2025-10-22;Bali;SELLER_023_2;2;10;0;1257800.0;Rp 66.200;Rp 1.257.800
PROD_0023;Cuci Motor;Jasa;65400.0;23;0;3.4;2025-10-23;Sumatera Utara;SELLER_023_3;3;10;0;1504200.0;Rp 65.400;Rp 1.504.200
PROD_0023;Cuci Motor;Jasa;63400.0;19;0;3.4;2025-10-24;Jawa Tengah;SELLER_023_1;4;10;0;1204600.0;Rp 63.400;Rp 1.204.600
PROD_0023;Cuci Motor;Jasa;65600.0;14;0;3.9;2025-10-25;Sumatera Utara;SELLER_023_2;5;10;1;918400.0;Rp 65.600;Rp 918.400
PROD_0023;Cuci Motor;Jasa;66600.0;23;0;3.4;2025-10-26;Jawa Timur;SELLER_023_2;6;10;1;1531800.0;Rp 66.600;Rp 1.531.800
PROD_0023;Cuci Motor;Jasa;67200.0;22;15;3.6;2025-10-27;Bali;SELLER_023_1;0;10;0;1256600.0;Rp 67.200;Rp 1.256.600
PROD_0023;Cuci Motor;Jasa;67500.0;17;0;3.4;2025-10-28;Sumatera Utara;SELLER_023_1;1;10;0;1147500.0;Rp 67.500;Rp 1.147.500
PROD_0023;Cuci Motor;Jasa;68800.0;18;0;2.8;2025-10-29;Sumatera Utara;SELLER_023_1;2;10;0;1238400.0;Rp 68.800;Rp 1.238.400
PROD_0023;Cuci Motor;Jasa;67400.0;22;0;3.7;2025-10-30;Jawa Tengah;SELLER_023_1;3;10;0;1482800.0;Rp 67.400;Rp 1.482.800
PROD_0023;Cuci Motor;Jasa;69100.0;16;5;3.0;2025-10-31;Kalimantan Timur;SELLER_023_1;4;10;0;1050300.0;Rp 69.100;Rp 1.050.300
PROD_0023;Cuci Motor;Jasa;69200.0;16;0;3.5;2025-11-01;Jakarta;SELLER_023_2;5;11;1;1107200.0;Rp 69.200;Rp 1.107.200
PROD_0023;Cuci Motor;Jasa;66800.0;20;10;4.4;2025-11-02;Kalimantan Timur;SELLER_023_1;6;11;1;1202400.0;Rp 66.800;Rp 1.202.400
PROD_0023;Cuci Motor;Jasa;64600.0;20;5;4.2;2025-11-03;Jakarta;SELLER_023_2;0;11;0;1227400.0;Rp 64.600;Rp 1.227.400
PROD_0023;Cuci Motor;Jasa;68300.0;26;0;2.9;2025-11-04;Jawa Tengah;SELLER_023_1;1;11;0;1775800.0;Rp 68.300;Rp 1.775.800
PROD_0023;Cuci Motor;Jasa;69000.0;24;10;3.4;2025-11-05;Jawa Timur;SELLER_023_1;2;11;0;1490400.0;Rp 69.000;Rp 1.490.400
PROD_0023;Cuci Motor;Jasa;65200.0;28;0;4.1;2025-11-06;Sulawesi Selatan;SELLER_023_3;3;11;0;1825600.0;Rp 65.200;Rp 1.825.600
PROD_0023;Cuci Motor;Jasa;66700.0;16;15;4.3;2025-11-07;Jawa Timur;SELLER_023_1;4;11;0;907100.0;Rp 66.700;Rp 907.100
PROD_0023;Cuci Motor;Jasa;64500.0;24;0;3.7;2025-11-08;Sulawesi Selatan;SELLER_023_1;5;11;1;1548000.0;Rp 64.500;Rp 1.548.000
PROD_0023;Cuci Motor;Jasa;65700.0;14;10;3.1;2025-11-09;Jawa Timur;SELLER_023_1;6;11;1;827800.0;Rp 65.700;Rp 827.800
PROD_0023;Cuci Motor;Jasa;68800.0;14;0;3.2;2025-11-10;Jakarta;SELLER_023_2;0;11;0;963200.0;Rp 68.800;Rp 963.200
PROD_0023;Cuci Motor;Jasa;69000.0;12;15;3.5;2025-11-11;Jawa Timur;SELLER_023_3;1;11;0;703800.0;Rp 69.000;Rp 703.800
PROD_0023;Cuci Motor;Jasa;69600.0;10;5;3.9;2025-11-12;Jakarta;SELLER_023_3;2;11;0;661200.0;Rp 69.600;Rp 661.200
PROD_0023;Cuci Motor;Jasa;64000.0;18;0;3.7;2025-11-13;Jawa Timur;SELLER_023_3;3;11;0;1152000.0;Rp 64.000;Rp 1.152.000
PROD_0023;Cuci Motor;Jasa;67900.0;20;0;3.6;2025-11-14;Jawa Barat;SELLER_023_3;4;11;0;1358000.0;Rp 67.900;Rp 1.358.000
PROD_0023;Cuci Motor;Jasa;64000.0;24;0;4.0;2025-11-15;Sulawesi Selatan;SELLER_023_2;5;11;1;1536000.0;Rp 64.000;Rp 1.536.000
PROD_0023;Cuci Motor;Jasa;69700.0;23;0;3.9;2025-11-16;Jawa Timur;SELLER_023_3;6;11;1;1603100.0;Rp 69.700;Rp 1.603.100
PROD_0023;Cuci Motor;Jasa;68800.0;18;0;4.3;2025-11-17;Sulawesi Selatan;SELLER_023_3;0;11;0;1238400.0;Rp 68.800;Rp 1.238.400
PROD_0023;Cuci Motor;Jasa;65600.0;19;0;4.2;2025-11-18;Jawa Barat;SELLER_023_2;1;11;0;1246400.0;Rp 65.600;Rp 1.246.400
PROD_0023;Cuci Motor;Jasa;64300.0;12;0;2.9;2025-11-19;Jawa Tengah;SELLER_023_2;2;11;0;771600.0;Rp 64.300;Rp 771.600
PROD_0023;Cuci Motor;Jasa;67500.0;20;0;4.2;2025-11-20;Jawa Barat;SELLER_023_2;3;11;0;1350000.0;Rp 67.500;Rp 1.350.000
PROD_0023;Cuci Motor;Jasa;63300.0;20;10;2.9;2025-11-21;Kalimantan Timur;SELLER_023_3;4;11;0;1139400.0;Rp 63.300;Rp 1.139.400
PROD_0023;Cuci Motor;Jasa;65600.0;20;15;3.7;2025-11-22;Jawa Barat;SELLER_023_2;5;11;1;1115200.0;Rp 65.600;Rp 1.115.200
PROD_0023;Cuci Motor;Jasa;66500.0;14;0;4.2;2025-11-23;Jakarta;SELLER_023_3;6;11;1;931000.0;Rp 66.500;Rp 931.000
PROD_0023;Cuci Motor;Jasa;68200.0;18;0;3.9;2025-11-24;Jawa Timur;SELLER_023_3;0;11;0;1227600.0;Rp 68.200;Rp 1.227.600
PROD_0023;Cuci Motor;Jasa;63700.0;13;0;3.7;2025-11-25;Bali;SELLER_023_1;1;11;0;828100.0;Rp 63.700;Rp 828.100
PROD_0023;Cuci Motor;Jasa;69900.0;15;0;4.2;2025-11-26;Jakarta;SELLER_023_1;2;11;0;1048500.0;Rp 69.900;Rp 1.048.500
PROD_0023;Cuci Motor;Jasa;63700.0;22;5;3.0;2025-11-27;Jawa Tengah;SELLER_023_3;3;11;0;1331300.0;Rp 63.700;Rp 1.331.300
PROD_0023;Cuci Motor;Jasa;67200.0;15;0;3.4;2025-11-28;Kalimantan Timur;SELLER_023_3;4;11;0;1008000.0;Rp 67.200;Rp 1.008.000
PROD_0023;Cuci Motor;Jasa;65000.0;15;0;3.7;2025-11-29;Jakarta;SELLER_023_1;5;11;1;975000.0;Rp 65.000;Rp 975.000
PROD_0023;Cuci Motor;Jasa;66200.0;22;20;3.7;2025-11-30;Jawa Tengah;SELLER_023_1;6;11;1;1165100.0;Rp 66.200;Rp 1.165.100
PROD_0023;Cuci Motor;Jasa;77100.0;28;0;3.6;2025-12-01;Sulawesi Selatan;SELLER_023_1;0;12;0;2158800.0;Rp 77.100;Rp 2.158.800
PROD_0023;Cuci Motor;Jasa;75700.0;26;0;3.3;2025-12-02;Kalimantan Timur;SELLER_023_1;1;12;0;1968200.0;Rp 75.700;Rp 1.968.200
PROD_0023;Cuci Motor;Jasa;73800.0;21;0;4.0;2025-12-03;Jawa Barat;SELLER_023_2;2;12;0;1549800.0;Rp 73.800;Rp 1.549.800
PROD_0023;Cuci Motor;Jasa;79000.0;19;10;3.9;2025-12-04;Jawa Timur;SELLER_023_1;3;12;0;1350900.0;Rp 79.000;Rp 1.350.900
PROD_0023;Cuci Motor;Jasa;79400.0;21;0;3.4;2025-12-05;Jawa Tengah;SELLER_023_1;4;12;0;1667400.0;Rp 79.400;Rp 1.667.400
PROD_0023;Cuci Motor;Jasa;76200.0;17;0;3.3;2025-12-06;Sulawesi Selatan;SELLER_023_1;5;12;1;1295400.0;Rp 76.200;Rp 1.295.400
PROD_0023;Cuci Motor;Jasa;78900.0;20;5;3.6;2025-12-07;Jakarta;SELLER_023_2;6;12;1;1499100.0;Rp 78.900;Rp 1.499.100
PROD_0023;Cuci Motor;Jasa;77500.0;21;0;3.1;2025-12-08;Kalimantan Timur;SELLER_023_2;0;12;0;1627500.0;Rp 77.500;Rp 1.627.500
PROD_0023;Cuci Motor;Jasa;77900.0;25;0;4.4;2025-12-09;Jawa Timur;SELLER_023_3;1;12;0;1947500.0;Rp 77.900;Rp 1.947.500
PROD_0023;Cuci Motor;Jasa;74200.0;20;0;3.6;2025-12-10;Sumatera Utara;SELLER_023_2;2;12;0;1484000.0;Rp 74.200;Rp 1.484.000
PROD_0023;Cuci Motor;Jasa;79900.0;24;0;3.6;2025-12-11;Sulawesi Selatan;SELLER_023_3;3;12;0;1917600.0;Rp 79.900;Rp 1.917.600
PROD_0023;Cuci Motor;Jasa;74300.0;33;0;3.2;2025-12-12;Sulawesi Selatan;SELLER_023_1;4;12;0;2451900.0;Rp 74.300;Rp 2.451.900
PROD_0023;Cuci Motor;Jasa;75800.0;25;0;2.5;2025-12-13;Jawa Tengah;SELLER_023_2;5;12;1;1895000.0;Rp 75.800;Rp 1.895.000
PROD_0023;Cuci Motor;Jasa;78800.0;16;0;3.4;2025-12-14;Jakarta;SELLER_023_1;6;12;1;1260800.0;Rp 78.800;Rp 1.260.800
PROD_0023;Cuci Motor;Jasa;75200.0;28;0;2.3;2025-12-15;Sumatera Utara;SELLER_023_3;0;12;0;2105600.0;Rp 75.200;Rp 2.105.600
PROD_0023;Cuci Motor;Jasa;74300.0;23;0;3.5;2025-12-16;Jakarta;SELLER_023_1;1;12;0;1708900.0;Rp 74.300;Rp 1.708.900
PROD_0023;Cuci Motor;Jasa;73700.0;20;0;3.5;2025-12-17;Kalimantan Timur;SELLER_023_3;2;12;0;1474000.0;Rp 73.700;Rp 1.474.000
PROD_0023;Cuci Motor;Jasa;79300.0;19;10;3.5;2025-12-18;Jawa Tengah;SELLER_023_3;3;12;0;1356000.0;Rp 79.300;Rp 1.356.000
PROD_0023;Cuci Motor;Jasa;74800.0;21;5;5.0;2025-12-19;Jakarta;SELLER_023_1;4;12;0;1492300.0;Rp 74.800;Rp 1.492.300
PROD_0023;Cuci Motor;Jasa;74500.0;24;20;3.9;2025-12-20;Kalimantan Timur;SELLER_023_3;5;12;1;1430400.0;Rp 74.500;Rp 1.430.400
PROD_0023;Cuci Motor;Jasa;74700.0;24;0;3.2;2025-12-21;Jakarta;SELLER_023_2;6;12;1;1792800.0;Rp 74.700;Rp 1.792.800
PROD_0023;Cuci Motor;Jasa;75200.0;11;5;3.4;2025-12-22;Jakarta;SELLER_023_1;0;12;0;785800.0;Rp 75.200;Rp 785.800
PROD_0023;Cuci Motor;Jasa;75900.0;24;0;3.7;2025-12-23;Sulawesi Selatan;SELLER_023_2;1;12;0;1821600.0;Rp 75.900;Rp 1.821.600
PROD_0023;Cuci Motor;Jasa;74300.0;24;0;2.9;2025-12-24;Sulawesi Selatan;SELLER_023_3;2;12;0;1783200.0;Rp 74.300;Rp 1.783.200
PROD_0023;Cuci Motor;Jasa;80100.0;25;0;3.3;2025-12-25;Sulawesi Selatan;SELLER_023_3;3;12;0;2002500.0;Rp 80.100;Rp 2.002.500
PROD_0023;Cuci Motor;Jasa;79600.0;25;5;3.6;2025-12-26;Kalimantan Timur;SELLER_023_1;4;12;0;1890500.0;Rp 79.600;Rp 1.890.500
PROD_0023;Cuci Motor;Jasa;73000.0;25;0;4.1;2025-12-27;Jawa Tengah;SELLER_023_1;5;12;1;1825000.0;Rp 73.000;Rp 1.825.000
PROD_0023;Cuci Motor;Jasa;73200.0;22;0;3.9;2025-12-28;Bali;SELLER_023_2;6;12;1;1610400.0;Rp 73.200;Rp 1.610.400
PROD_0023;Cuci Motor;Jasa;77400.0;18;0;3.8;2025-12-29;Jawa Tengah;SELLER_023_1;0;12;0;1393200.0;Rp 77.400;Rp 1.393.200
PROD_0023;Cuci Motor;Jasa;77200.0;29;0;4.6;2025-12-30;Jawa Barat;SELLER_023_1;1;12;0;2238800.0;Rp 77.200;Rp 2.238.800
PROD_0023;Cuci Motor;Jasa;73900.0;16;0;3.0;2025-12-31;Jawa Barat;SELLER_023_2;2;12;0;1182400.0;Rp 73.900;Rp 1.182.400
PROD_0023;Cuci Motor;Jasa;76500.0;14;0;2.5;2026-01-01;Jakarta;SELLER_023_1;3;1;0;1071000.0;Rp 76.500;Rp 1.071.000
PROD_0023;Cuci Motor;Jasa;75200.0;20;0;3.2;2026-01-02;Jawa Barat;SELLER_023_1;4;1;0;1504000.0;Rp 75.200;Rp 1.504.000
PROD_0023;Cuci Motor;Jasa;72800.0;26;15;3.9;2026-01-03;Jakarta;SELLER_023_3;5;1;1;1608900.0;Rp 72.800;Rp 1.608.900
PROD_0023;Cuci Motor;Jasa;77600.0;27;5;4.2;2026-01-04;Jawa Barat;SELLER_023_1;6;1;1;1990400.0;Rp 77.600;Rp 1.990.400
PROD_0023;Cuci Motor;Jasa;78500.0;28;5;3.8;2026-01-05;Bali;SELLER_023_1;0;1;0;2088100.0;Rp 78.500;Rp 2.088.100
PROD_0024;Fotocopy;Jasa;88500.0;17;0;3.2;2025-10-08;Kalimantan Timur;SELLER_024_2;2;10;0;1504500.0;Rp 88.500;Rp 1.504.500
PROD_0024;Fotocopy;Jasa;88800.0;25;0;3.5;2025-10-09;Bali;SELLER_024_1;3;10;0;2220000.0;Rp 88.800;Rp 2.220.000
PROD_0024;Fotocopy;Jasa;92900.0;22;0;2.8;2025-10-10;Jakarta;SELLER_024_3;4;10;0;2043800.0;Rp 92.900;Rp 2.043.800
PROD_0024;Fotocopy;Jasa;88900.0;22;5;3.9;2025-10-11;Jawa Timur;SELLER_024_2;5;10;1;1858000.0;Rp 88.900;Rp 1.858.000
PROD_0024;Fotocopy;Jasa;90900.0;20;20;3.4;2025-10-12;Bali;SELLER_024_2;6;10;1;1454400.0;Rp 90.900;Rp 1.454.400
PROD_0024;Fotocopy;Jasa;92000.0;21;0;3.0;2025-10-13;Sumatera Utara;SELLER_024_3;0;10;0;1932000.0;Rp 92.000;Rp 1.932.000
PROD_0024;Fotocopy;Jasa;95600.0;16;0;3.4;2025-10-14;Bali;SELLER_024_2;1;10;0;1529600.0;Rp 95.600;Rp 1.529.600
PROD_0024;Fotocopy;Jasa;88100.0;28;0;4.3;2025-10-15;Bali;SELLER_024_3;2;10;0;2466800.0;Rp 88.100;Rp 2.466.800
PROD_0024;Fotocopy;Jasa;91800.0;19;0;4.1;2025-10-16;Jakarta;SELLER_024_2;3;10;0;1744200.0;Rp 91.800;Rp 1.744.200
PROD_0024;Fotocopy;Jasa;90600.0;22;0;3.4;2025-10-17;Sulawesi Selatan;SELLER_024_3;4;10;0;1993200.0;Rp 90.600;Rp 1.993.200
PROD_0024;Fotocopy;Jasa;89500.0;20;5;2.5;2025-10-18;Jawa Tengah;SELLER_024_3;5;10;1;1700500.0;Rp 89.500;Rp 1.700.500
PROD_0024;Fotocopy;Jasa;89400.0;20;5;3.1;2025-10-19;Jakarta;SELLER_024_1;6;10;1;1698600.0;Rp 89.400;Rp 1.698.600
PROD_0024;Fotocopy;Jasa;95000.0;21;10;3.4;2025-10-20;Sumatera Utara;SELLER_024_3;0;10;0;1795500.0;Rp 95.000;Rp 1.795.500
PROD_0024;Fotocopy;Jasa;95200.0;22;0;3.5;2025-10-21;Sulawesi Selatan;SELLER_024_1;1;10;0;2094400.0;Rp 95.200;Rp 2.094.400
PROD_0024;Fotocopy;Jasa;88600.0;23;5;3.4;2025-10-22;Bali;SELLER_024_1;2;10;0;1935900.0;Rp 88.600;Rp 1.935.900
PROD_0024;Fotocopy;Jasa;93000.0;17;0;3.4;2025-10-23;Jakarta;SELLER_024_3;3;10;0;1581000.0;Rp 93.000;Rp 1.581.000
PROD_0024;Fotocopy;Jasa;87600.0;24;0;3.1;2025-10-24;Jakarta;SELLER_024_2;4;10;0;2102400.0;Rp 87.600;Rp 2.102.400
PROD_0024;Fotocopy;Jasa;93300.0;18;10;3.8;2025-10-25;Sulawesi Selatan;SELLER_024_3;5;10;1;1511500.0;Rp 93.300;Rp 1.511.500
PROD_0024;Fotocopy;Jasa;91600.0;14;0;3.3;2025-10-26;Jawa Barat;SELLER_024_1;6;10;1;1282400.0;Rp 91.600;Rp 1.282.400
PROD_0024;Fotocopy;Jasa;93300.0;15;15;1.9;2025-10-27;Bali;SELLER_024_3;0;10;0;1189600.0;Rp 93.300;Rp 1.189.600
PROD_0024;Fotocopy;Jasa;93800.0;23;0;3.4;2025-10-28;Jakarta;SELLER_024_2;1;10;0;2157400.0;Rp 93.800;Rp 2.157.400
PROD_0024;Fotocopy;Jasa;88900.0;13;5;3.9;2025-10-29;Jawa Barat;SELLER_024_2;2;10;0;1097900.0;Rp 88.900;Rp 1.097.900
PROD_0024;Fotocopy;Jasa;93900.0;15;15;3.2;2025-10-30;Sulawesi Selatan;SELLER_024_1;3;10;0;1197200.0;Rp 93.900;Rp 1.197.200
PROD_0024;Fotocopy;Jasa;89300.0;20;0;3.5;2025-10-31;Kalimantan Timur;SELLER_024_3;4;10;0;1786000.0;Rp 89.300;Rp 1.786.000
PROD_0024;Fotocopy;Jasa;94000.0;24;0;3.9;2025-11-01;Kalimantan Timur;SELLER_024_3;5;11;1;2256000.0;Rp 94.000;Rp 2.256.000
PROD_0024;Fotocopy;Jasa;93100.0;9;5;3.1;2025-11-02;Sumatera Utara;SELLER_024_2;6;11;1;796000.0;Rp 93.100;Rp 796.000
PROD_0024;Fotocopy;Jasa;90300.0;24;0;3.0;2025-11-03;Sumatera Utara;SELLER_024_2;0;11;0;2167200.0;Rp 90.300;Rp 2.167.200
PROD_0024;Fotocopy;Jasa;92300.0;22;0;2.9;2025-11-04;Jawa Timur;SELLER_024_3;1;11;0;2030600.0;Rp 92.300;Rp 2.030.600
PROD_0024;Fotocopy;Jasa;92400.0;27;0;2.8;2025-11-05;Sulawesi Selatan;SELLER_024_3;2;11;0;2494800.0;Rp 92.400;Rp 2.494.800
PROD_0024;Fotocopy;Jasa;94000.0;21;5;3.4;2025-11-06;Jawa Timur;SELLER_024_2;3;11;0;1875300.0;Rp 94.000;Rp 1.875.300
PROD_0024;Fotocopy;Jasa;93500.0;14;0;4.3;2025-11-07;Sumatera Utara;SELLER_024_2;4;11;0;1309000.0;Rp 93.500;Rp 1.309.000
PROD_0024;Fotocopy;Jasa;89700.0;22;0;4.6;2025-11-08;Jakarta;SELLER_024_2;5;11;1;1973400.0;Rp 89.700;Rp 1.973.400
PROD_0024;Fotocopy;Jasa;88600.0;18;0;3.0;2025-11-09;Jawa Timur;SELLER_024_3;6;11;1;1594800.0;Rp 88.600;Rp 1.594.800
PROD_0024;Fotocopy;Jasa;92000.0;18;10;3.5;2025-11-10;Bali;SELLER_024_2;0;11;0;1490400.0;Rp 92.000;Rp 1.490.400
PROD_0024;Fotocopy;Jasa;90100.0;19;0;4.6;2025-11-11;Jawa Barat;SELLER_024_3;1;11;0;1711900.0;Rp 90.100;Rp 1.711.900
PROD_0024;Fotocopy;Jasa;94500.0;30;0;3.2;2025-11-12;Kalimantan Timur;SELLER_024_3;2;11;0;2835000.0;Rp 94.500;Rp 2.835.000
PROD_0024;Fotocopy;Jasa;94000.0;21;0;3.8;2025-11-13;Bali;SELLER_024_3;3;11;0;1974000.0;Rp 94.000;Rp 1.974.000
PROD_0024;Fotocopy;Jasa;95600.0;23;10;3.6;2025-11-14;Sumatera Utara;SELLER_024_3;4;11;0;1978900.0;Rp 95.600;Rp 1.978.900
PROD_0024;Fotocopy;Jasa;96300.0;23;0;3.2;2025-11-15;Jawa Barat;SELLER_024_2;5;11;1;2214900.0;Rp 96.300;Rp 2.214.900
PROD_0024;Fotocopy;Jasa;87800.0;29;15;4.0;2025-11-16;Jawa Tengah;SELLER_024_3;6;11;1;2164300.0;Rp 87.800;Rp 2.164.300
PROD_0024;Fotocopy;Jasa;93800.0;15;0;3.6;2025-11-17;Kalimantan Timur;SELLER_024_2;0;11;0;1407000.0;Rp 93.800;Rp 1.407.000
PROD_0024;Fotocopy;Jasa;95500.0;15;15;4.2;2025-11-18;Kalimantan Timur;SELLER_024_1;1;11;0;1217600.0;Rp 95.500;Rp 1.217.600
PROD_0024;Fotocopy;Jasa;88500.0;33;15;2.9;2025-11-19;Kalimantan Timur;SELLER_024_2;2;11;0;2482400.0;Rp 88.500;Rp 2.482.400
PROD_0024;Fotocopy;Jasa;88000.0;16;20;4.1;2025-11-20;Bali;SELLER_024_2;3;11;0;1126400.0;Rp 88.000;Rp 1.126.400
PROD_0024;Fotocopy;Jasa;89800.0;18;20;3.9;2025-11-21;Bali;SELLER_024_2;4;11;0;1293100.0;Rp 89.800;Rp 1.293.100
PROD_0024;Fotocopy;Jasa;94000.0;18;0;2.3;2025-11-22;Kalimantan Timur;SELLER_024_1;5;11;1;1692000.0;Rp 94.000;Rp 1.692.000
PROD_0024;Fotocopy;Jasa;93800.0;17;0;3.7;2025-11-23;Jawa Timur;SELLER_024_1;6;11;1;1594600.0;Rp 93.800;Rp 1.594.600
PROD_0024;Fotocopy;Jasa;92300.0;16;0;3.2;2025-11-24;Jawa Tengah;SELLER_024_3;0;11;0;1476800.0;Rp 92.300;Rp 1.476.800
PROD_0024;Fotocopy;Jasa;96400.0;22;0;3.3;2025-11-25;Kalimantan Timur;SELLER_024_2;1;11;0;2120800.0;Rp 96.400;Rp 2.120.800
PROD_0024;Fotocopy;Jasa;94200.0;18;0;3.7;2025-11-26;Jawa Barat;SELLER_024_3;2;11;0;1695600.0;Rp 94.200;Rp 1.695.600
PROD_0024;Fotocopy;Jasa;91600.0;13;0;3.8;2025-11-27;Kalimantan Timur;SELLER_024_2;3;11;0;1190800.0;Rp 91.600;Rp 1.190.800
PROD_0024;Fotocopy;Jasa;96500.0;18;20;2.9;2025-11-28;Kalimantan Timur;SELLER_024_3;4;11;0;1389600.0;Rp 96.500;Rp 1.389.600
PROD_0024;Fotocopy;Jasa;88600.0;18;0;3.0;2025-11-29;Jawa Timur;SELLER_024_3;5;11;1;1594800.0;Rp 88.600;Rp 1.594.800
PROD_0024;Fotocopy;Jasa;92300.0;22;0;3.6;2025-11-30;Sumatera Utara;SELLER_024_2;6;11;1;2030600.0;Rp 92.300;Rp 2.030.600
PROD_0024;Fotocopy;Jasa;105300.0;24;0;4.1;2025-12-01;Jakarta;SELLER_024_2;0;12;0;2527200.0;Rp 105.300;Rp 2.527.200
PROD_0024;Fotocopy;Jasa;103100.0;25;0;3.6;2025-12-02;Jawa Timur;SELLER_024_2;1;12;0;2577500.0;Rp 103.100;Rp 2.577.500
PROD_0024;Fotocopy;Jasa;107200.0;31;0;3.1;2025-12-03;Jawa Timur;SELLER_024_1;2;12;0;3323200.0;Rp 107.200;Rp 3.323.200
PROD_0024;Fotocopy;Jasa;104700.0;29;0;3.0;2025-12-04;Jawa Tengah;SELLER_024_2;3;12;0;3036300.0;Rp 104.700;Rp 3.036.300
PROD_0024;Fotocopy;Jasa;105000.0;16;20;3.0;2025-12-05;Jakarta;SELLER_024_3;4;12;0;1344000.0;Rp 105.000;Rp 1.344.000
PROD_0024;Fotocopy;Jasa;107500.0;22;5;3.7;2025-12-06;Jawa Tengah;SELLER_024_2;5;12;1;2246800.0;Rp 107.500;Rp 2.246.800
PROD_0024;Fotocopy;Jasa;106800.0;37;0;3.3;2025-12-07;Jawa Tengah;SELLER_024_3;6;12;1;3951600.0;Rp 106.800;Rp 3.951.600
PROD_0024;Fotocopy;Jasa;108200.0;17;10;4.1;2025-12-08;Jakarta;SELLER_024_3;0;12;0;1655500.0;Rp 108.200;Rp 1.655.500
PROD_0024;Fotocopy;Jasa;103600.0;24;0;4.0;2025-12-09;Sulawesi Selatan;SELLER_024_3;1;12;0;2486400.0;Rp 103.600;Rp 2.486.400
PROD_0024;Fotocopy;Jasa;101200.0;24;0;3.2;2025-12-10;Jawa Barat;SELLER_024_1;2;12;0;2428800.0;Rp 101.200;Rp 2.428.800
PROD_0024;Fotocopy;Jasa;109700.0;26;0;3.1;2025-12-11;Jawa Timur;SELLER_024_1;3;12;0;2852200.0;Rp 109.700;Rp 2.852.200
PROD_0024;Fotocopy;Jasa;102800.0;18;0;3.2;2025-12-12;Jawa Tengah;SELLER_024_1;4;12;0;1850400.0;Rp 102.800;Rp 1.850.400
PROD_0024;Fotocopy;Jasa;101000.0;25;0;4.3;2025-12-13;Jawa Timur;SELLER_024_1;5;12;1;2525000.0;Rp 101.000;Rp 2.525.000
PROD_0024;Fotocopy;Jasa;107000.0;26;0;3.9;2025-12-14;Bali;SELLER_024_2;6;12;1;2782000.0;Rp 107.000;Rp 2.782.000
PROD_0024;Fotocopy;Jasa;109900.0;17;5;4.1;2025-12-15;Sumatera Utara;SELLER_024_3;0;12;0;1774900.0;Rp 109.900;Rp 1.774.900
PROD_0024;Fotocopy;Jasa;103000.0;27;5;2.9;2025-12-16;Sumatera Utara;SELLER_024_2;1;12;0;2642000.0;Rp 103.000;Rp 2.642.000
PROD_0024;Fotocopy;Jasa;110500.0;24;0;3.8;2025-12-17;Jawa Timur;SELLER_024_2;2;12;0;2652000.0;Rp 110.500;Rp 2.652.000
PROD_0024;Fotocopy;Jasa;104200.0;20;10;3.9;2025-12-18;Sumatera Utara;SELLER_024_3;3;12;0;1875600.0;Rp 104.200;Rp 1.875.600
PROD_0024;Fotocopy;Jasa;107700.0;18;0;3.5;2025-12-19;Jawa Timur;SELLER_024_2;4;12;0;1938600.0;Rp 107.700;Rp 1.938.600
PROD_0024;Fotocopy;Jasa;101900.0;13;0;3.3;2025-12-20;Bali;SELLER_024_1;5;12;1;1324700.0;Rp 101.900;Rp 1.324.700
PROD_0024;Fotocopy;Jasa;104300.0;26;0;3.7;2025-12-21;Bali;SELLER_024_3;6;12;1;2711800.0;Rp 104.300;Rp 2.711.800
PROD_0024;Fotocopy;Jasa;102500.0;31;10;3.9;2025-12-22;Jakarta;SELLER_024_1;0;12;0;2859800.0;Rp 102.500;Rp 2.859.800
PROD_0024;Fotocopy;Jasa;104200.0;23;20;3.7;2025-12-23;Jakarta;SELLER_024_1;1;12;0;1917300.0;Rp 104.200;Rp 1.917.300
PROD_0024;Fotocopy;Jasa;110300.0;25;5;3.8;2025-12-24;Jakarta;SELLER_024_1;2;12;0;2619600.0;Rp 110.300;Rp 2.619.600
PROD_0024;Fotocopy;Jasa;102100.0;12;0;3.7;2025-12-25;Bali;SELLER_024_1;3;12;0;1225200.0;Rp 102.100;Rp 1.225.200
PROD_0024;Fotocopy;Jasa;105600.0;17;0;3.5;2025-12-26;Jakarta;SELLER_024_2;4;12;0;1795200.0;Rp 105.600;Rp 1.795.200
PROD_0024;Fotocopy;Jasa;106800.0;31;0;3.6;2025-12-27;Jawa Timur;SELLER_024_3;5;12;1;3310800.0;Rp 106.800;Rp 3.310.800
PROD_0024;Fotocopy;Jasa;104000.0;31;0;4.5;2025-12-28;Sulawesi Selatan;SELLER_024_3;6;12;1;3224000.0;Rp 104.000;Rp 3.224.000
PROD_0024;Fotocopy;Jasa;110300.0;26;0;3.6;2025-12-29;Jawa Barat;SELLER_024_2;0;12;0;2867800.0;Rp 110.300;Rp 2.867.800
PROD_0024;Fotocopy;Jasa;109500.0;31;5;3.0;2025-12-30;Jakarta;SELLER_024_1;1;12;0;3224800.0;Rp 109.500;Rp 3.224.800
PROD_0024;Fotocopy;Jasa;108000.0;17;5;3.5;2025-12-31;Sumatera Utara;SELLER_024_2;2;12;0;1744200.0;Rp 108.000;Rp 1.744.200
PROD_0024;Fotocopy;Jasa;107400.0;29;0;3.3;2026-01-01;Sumatera Utara;SELLER_024_2;3;1;0;3114600.0;Rp 107.400;Rp 3.114.600
PROD_0024;Fotocopy;Jasa;108800.0;21;0;3.3;2026-01-02;Kalimantan Timur;SELLER_024_1;4;1;0;2284800.0;Rp 108.800;Rp 2.284.800
PROD_0024;Fotocopy;Jasa;109800.0;21;0;4.4;2026-01-03;Jawa Timur;SELLER_024_2;5;1;1;2305800.0;Rp 109.800;Rp 2.305.800
PROD_0024;Fotocopy;Jasa;106300.0;16;10;3.3;2026-01-04;Sumatera Utara;SELLER_024_3;6;1;1;1530700.0;Rp 106.300;Rp 1.530.700
PROD_0024;Fotocopy;Jasa;103700.0;18;0;2.9;2026-01-05;Jawa Barat;SELLER_024_3;0;1;0;1866600.0;Rp 103.700;Rp 1.866.600
PROD_0025;Lulur Tradisional;Kosmetik;51200.0;21;0;3.0;2025-10-08;Jawa Timur;SELLER_025_1;2;10;0;1075200.0;Rp 51.200;Rp 1.075.200
PROD_0025;Lulur Tradisional;Kosmetik;53600.0;24;0;2.8;2025-10-09;Jawa Barat;SELLER_025_1;3;10;0;1286400.0;Rp 53.600;Rp 1.286.400
PROD_0025;Lulur Tradisional;Kosmetik;51700.0;19;0;3.4;2025-10-10;Sulawesi Selatan;SELLER_025_2;4;10;0;982300.0;Rp 51.700;Rp 982.300
PROD_0025;Lulur Tradisional;Kosmetik;51500.0;18;0;4.7;2025-10-11;Bali;SELLER_025_1;5;10;1;927000.0;Rp 51.500;Rp 927.000
PROD_0025;Lulur Tradisional;Kosmetik;54600.0;29;0;3.0;2025-10-12;Sulawesi Selatan;SELLER_025_3;6;10;1;1583400.0;Rp 54.600;Rp 1.583.400
PROD_0025;Lulur Tradisional;Kosmetik;54000.0;22;10;3.1;2025-10-13;Kalimantan Timur;SELLER_025_1;0;10;0;1069200.0;Rp 54.000;Rp 1.069.200
PROD_0025;Lulur Tradisional;Kosmetik;52500.0;12;0;3.6;2025-10-14;Bali;SELLER_025_3;1;10;0;630000.0;Rp 52.500;Rp 630.000
PROD_0025;Lulur Tradisional;Kosmetik;54600.0;28;0;3.1;2025-10-15;Kalimantan Timur;SELLER_025_1;2;10;0;1528800.0;Rp 54.600;Rp 1.528.800
PROD_0025;Lulur Tradisional;Kosmetik;50600.0;17;0;3.6;2025-10-16;Sumatera Utara;SELLER_025_2;3;10;0;860200.0;Rp 50.600;Rp 860.200
PROD_0025;Lulur Tradisional;Kosmetik;53100.0;15;0;3.9;2025-10-17;Sulawesi Selatan;SELLER_025_1;4;10;0;796500.0;Rp 53.100;Rp 796.500
PROD_0025;Lulur Tradisional;Kosmetik;51400.0;19;0;4.1;2025-10-18;Kalimantan Timur;SELLER_025_3;5;10;1;976600.0;Rp 51.400;Rp 976.600
PROD_0025;Lulur Tradisional;Kosmetik;54500.0;17;5;2.9;2025-10-19;Kalimantan Timur;SELLER_025_1;6;10;1;880200.0;Rp 54.500;Rp 880.200
PROD_0025;Lulur Tradisional;Kosmetik;50900.0;12;0;2.6;2025-10-20;Kalimantan Timur;SELLER_025_2;0;10;0;610800.0;Rp 50.900;Rp 610.800
PROD_0025;Lulur Tradisional;Kosmetik;53900.0;19;15;3.9;2025-10-21;Jawa Timur;SELLER_025_3;1;10;0;870500.0;Rp 53.900;Rp 870.500
PROD_0025;Lulur Tradisional;Kosmetik;52100.0;20;15;3.5;2025-10-22;Jawa Timur;SELLER_025_2;2;10;0;885700.0;Rp 52.100;Rp 885.700
PROD_0025;Lulur Tradisional;Kosmetik;52200.0;18;0;3.0;2025-10-23;Bali;SELLER_025_2;3;10;0;939600.0;Rp 52.200;Rp 939.600
PROD_0025;Lulur Tradisional;Kosmetik;54300.0;22;0;4.0;2025-10-24;Sulawesi Selatan;SELLER_025_3;4;10;0;1194600.0;Rp 54.300;Rp 1.194.600
PROD_0025;Lulur Tradisional;Kosmetik;51300.0;25;0;3.6;2025-10-25;Jawa Tengah;SELLER_025_2;5;10;1;1282500.0;Rp 51.300;Rp 1.282.500
PROD_0025;Lulur Tradisional;Kosmetik;50100.0;18;0;2.9;2025-10-26;Jawa Tengah;SELLER_025_1;6;10;1;901800.0;Rp 50.100;Rp 901.800
PROD_0025;Lulur Tradisional;Kosmetik;52800.0;26;0;4.0;2025-10-27;Sulawesi Selatan;SELLER_025_1;0;10;0;1372800.0;Rp 52.800;Rp 1.372.800
PROD_0025;Lulur Tradisional;Kosmetik;51900.0;20;15;2.8;2025-10-28;Jakarta;SELLER_025_2;1;10;0;882300.0;Rp 51.900;Rp 882.300
PROD_0025;Lulur Tradisional;Kosmetik;52500.0;20;0;3.6;2025-10-29;Jawa Timur;SELLER_025_1;2;10;0;1050000.0;Rp 52.500;Rp 1.050.000
PROD_0025;Lulur Tradisional;Kosmetik;49800.0;22;0;4.6;2025-10-30;Jakarta;SELLER_025_2;3;10;0;1095600.0;Rp 49.800;Rp 1.095.600
PROD_0025;Lulur Tradisional;Kosmetik;51000.0;17;0;2.9;2025-10-31;Sulawesi Selatan;SELLER_025_2;4;10;0;867000.0;Rp 51.000;Rp 867.000
PROD_0025;Lulur Tradisional;Kosmetik;54500.0;22;0;4.1;2025-11-01;Sulawesi Selatan;SELLER_025_1;5;11;1;1199000.0;Rp 54.500;Rp 1.199.000
PROD_0025;Lulur Tradisional;Kosmetik;50900.0;19;0;3.0;2025-11-02;Jawa Timur;SELLER_025_3;6;11;1;967100.0;Rp 50.900;Rp 967.100
PROD_0025;Lulur Tradisional;Kosmetik;53500.0;18;0;3.0;2025-11-03;Jakarta;SELLER_025_3;0;11;0;963000.0;Rp 53.500;Rp 963.000
PROD_0025;Lulur Tradisional;Kosmetik;50900.0;21;0;3.0;2025-11-04;Jawa Barat;SELLER_025_2;1;11;0;1068900.0;Rp 50.900;Rp 1.068.900
PROD_0025;Lulur Tradisional;Kosmetik;53500.0;22;5;3.0;2025-11-05;Jakarta;SELLER_025_1;2;11;0;1118200.0;Rp 53.500;Rp 1.118.200
PROD_0025;Lulur Tradisional;Kosmetik;53100.0;16;0;2.9;2025-11-06;Kalimantan Timur;SELLER_025_1;3;11;0;849600.0;Rp 53.100;Rp 849.600
PROD_0025;Lulur Tradisional;Kosmetik;51000.0;26;0;2.9;2025-11-07;Kalimantan Timur;SELLER_025_3;4;11;0;1326000.0;Rp 51.000;Rp 1.326.000
PROD_0025;Lulur Tradisional;Kosmetik;49600.0;19;0;3.6;2025-11-08;Sulawesi Selatan;SELLER_025_3;5;11;1;942400.0;Rp 49.600;Rp 942.400
PROD_0025;Lulur Tradisional;Kosmetik;52800.0;18;5;3.3;2025-11-09;Jawa Barat;SELLER_025_2;6;11;1;902900.0;Rp 52.800;Rp 902.900
PROD_0025;Lulur Tradisional;Kosmetik;52500.0;27;15;3.9;2025-11-10;Bali;SELLER_025_1;0;11;0;1204900.0;Rp 52.500;Rp 1.204.900
PROD_0025;Lulur Tradisional;Kosmetik;54400.0;13;0;3.8;2025-11-11;Jakarta;SELLER_025_3;1;11;0;707200.0;Rp 54.400;Rp 707.200
PROD_0025;Lulur Tradisional;Kosmetik;54600.0;16;10;3.4;2025-11-12;Bali;SELLER_025_1;2;11;0;786200.0;Rp 54.600;Rp 786.200
PROD_0025;Lulur Tradisional;Kosmetik;52300.0;18;0;3.2;2025-11-13;Kalimantan Timur;SELLER_025_2;3;11;0;941400.0;Rp 52.300;Rp 941.400
PROD_0025;Lulur Tradisional;Kosmetik;53100.0;20;0;3.3;2025-11-14;Jawa Timur;SELLER_025_1;4;11;0;1062000.0;Rp 53.100;Rp 1.062.000
PROD_0025;Lulur Tradisional;Kosmetik;50100.0;15;0;3.7;2025-11-15;Jawa Timur;SELLER_025_3;5;11;1;751500.0;Rp 50.100;Rp 751.500
PROD_0025;Lulur Tradisional;Kosmetik;52000.0;16;0;3.7;2025-11-16;Jawa Timur;SELLER_025_2;6;11;1;832000.0;Rp 52.000;Rp 832.000
PROD_0025;Lulur Tradisional;Kosmetik;53100.0;20;0;3.5;2025-11-17;Sumatera Utara;SELLER_025_1;0;11;0;1062000.0;Rp 53.100;Rp 1.062.000
PROD_0025;Lulur Tradisional;Kosmetik;54100.0;13;15;3.0;2025-11-18;Jawa Timur;SELLER_025_3;1;11;0;597800.0;Rp 54.100;Rp 597.800
PROD_0025;Lulur Tradisional;Kosmetik;51300.0;15;0;3.9;2025-11-19;Jawa Tengah;SELLER_025_1;2;11;0;769500.0;Rp 51.300;Rp 769.500
PROD_0025;Lulur Tradisional;Kosmetik;52800.0;23;0;3.3;2025-11-20;Kalimantan Timur;SELLER_025_2;3;11;0;1214400.0;Rp 52.800;Rp 1.214.400
PROD_0025;Lulur Tradisional;Kosmetik;52600.0;25;10;3.5;2025-11-21;Jawa Timur;SELLER_025_2;4;11;0;1183500.0;Rp 52.600;Rp 1.183.500
PROD_0025;Lulur Tradisional;Kosmetik;51100.0;22;0;3.3;2025-11-22;Jakarta;SELLER_025_1;5;11;1;1124200.0;Rp 51.100;Rp 1.124.200
PROD_0025;Lulur Tradisional;Kosmetik;53400.0;19;10;4.0;2025-11-23;Sulawesi Selatan;SELLER_025_2;6;11;1;913100.0;Rp 53.400;Rp 913.100
PROD_0025;Lulur Tradisional;Kosmetik;50600.0;18;0;4.0;2025-11-24;Kalimantan Timur;SELLER_025_3;0;11;0;910800.0;Rp 50.600;Rp 910.800
PROD_0025;Lulur Tradisional;Kosmetik;50900.0;20;5;4.0;2025-11-25;Jawa Barat;SELLER_025_3;1;11;0;967100.0;Rp 50.900;Rp 967.100
PROD_0025;Lulur Tradisional;Kosmetik;51900.0;18;5;3.9;2025-11-26;Jawa Timur;SELLER_025_2;2;11;0;887500.0;Rp 51.900;Rp 887.500
PROD_0025;Lulur Tradisional;Kosmetik;51500.0;15;0;3.9;2025-11-27;Bali;SELLER_025_2;3;11;0;772500.0;Rp 51.500;Rp 772.500
PROD_0025;Lulur Tradisional;Kosmetik;51900.0;27;0;3.0;2025-11-28;Jawa Timur;SELLER_025_1;4;11;0;1401300.0;Rp 51.900;Rp 1.401.300
PROD_0025;Lulur Tradisional;Kosmetik;51000.0;23;0;3.1;2025-11-29;Sumatera Utara;SELLER_025_3;5;11;1;1173000.0;Rp 51.000;Rp 1.173.000
PROD_0025;Lulur Tradisional;Kosmetik;54000.0;20;0;2.9;2025-11-30;Bali;SELLER_025_1;6;11;1;1080000.0;Rp 54.000;Rp 1.080.000
PROD_0025;Lulur Tradisional;Kosmetik;57100.0;16;10;4.1;2025-12-01;Bali;SELLER_025_2;0;12;0;822200.0;Rp 57.100;Rp 822.200
PROD_0025;Lulur Tradisional;Kosmetik;60100.0;23;20;4.4;2025-12-02;Jawa Tengah;SELLER_025_2;1;12;0;1105800.0;Rp 60.100;Rp 1.105.800
PROD_0025;Lulur Tradisional;Kosmetik;59900.0;17;0;3.6;2025-12-03;Jawa Tengah;SELLER_025_3;2;12;0;1018300.0;Rp 59.900;Rp 1.018.300
PROD_0025;Lulur Tradisional;Kosmetik;62800.0;25;0;3.9;2025-12-04;Kalimantan Timur;SELLER_025_2;3;12;0;1570000.0;Rp 62.800;Rp 1.570.000
PROD_0025;Lulur Tradisional;Kosmetik;62800.0;24;0;3.9;2025-12-05;Jawa Tengah;SELLER_025_3;4;12;0;1507200.0;Rp 62.800;Rp 1.507.200
PROD_0025;Lulur Tradisional;Kosmetik;61700.0;25;20;3.5;2025-12-06;Sulawesi Selatan;SELLER_025_2;5;12;1;1234000.0;Rp 61.700;Rp 1.234.000
PROD_0025;Lulur Tradisional;Kosmetik;57200.0;24;5;3.5;2025-12-07;Bali;SELLER_025_1;6;12;1;1304200.0;Rp 57.200;Rp 1.304.200
PROD_0025;Lulur Tradisional;Kosmetik;62900.0;10;0;3.3;2025-12-08;Sumatera Utara;SELLER_025_3;0;12;0;629000.0;Rp 62.900;Rp 629.000
PROD_0025;Lulur Tradisional;Kosmetik;57700.0;28;0;4.1;2025-12-09;Jawa Tengah;SELLER_025_2;1;12;0;1615600.0;Rp 57.700;Rp 1.615.600
PROD_0025;Lulur Tradisional;Kosmetik;59900.0;18;0;2.9;2025-12-10;Jawa Tengah;SELLER_025_2;2;12;0;1078200.0;Rp 59.900;Rp 1.078.200
PROD_0025;Lulur Tradisional;Kosmetik;57800.0;26;0;2.8;2025-12-11;Kalimantan Timur;SELLER_025_1;3;12;0;1502800.0;Rp 57.800;Rp 1.502.800
PROD_0025;Lulur Tradisional;Kosmetik;57500.0;17;0;3.3;2025-12-12;Bali;SELLER_025_2;4;12;0;977500.0;Rp 57.500;Rp 977.500
PROD_0025;Lulur Tradisional;Kosmetik;62900.0;21;0;3.3;2025-12-13;Jawa Tengah;SELLER_025_2;5;12;1;1320900.0;Rp 62.900;Rp 1.320.900
PROD_0025;Lulur Tradisional;Kosmetik;62700.0;22;5;4.3;2025-12-14;Jawa Tengah;SELLER_025_3;6;12;1;1310400.0;Rp 62.700;Rp 1.310.400
PROD_0025;Lulur Tradisional;Kosmetik;59500.0;20;10;3.8;2025-12-15;Jakarta;SELLER_025_3;0;12;0;1071000.0;Rp 59.500;Rp 1.071.000
PROD_0025;Lulur Tradisional;Kosmetik;62900.0;19;0;3.4;2025-12-16;Bali;SELLER_025_3;1;12;0;1195100.0;Rp 62.900;Rp 1.195.100
PROD_0025;Lulur Tradisional;Kosmetik;57900.0;17;0;4.2;2025-12-17;Sulawesi Selatan;SELLER_025_1;2;12;0;984300.0;Rp 57.900;Rp 984.300
PROD_0025;Lulur Tradisional;Kosmetik;59900.0;20;0;3.6;2025-12-18;Bali;SELLER_025_3;3;12;0;1198000.0;Rp 59.900;Rp 1.198.000
PROD_0025;Lulur Tradisional;Kosmetik;60900.0;14;5;3.9;2025-12-19;Jakarta;SELLER_025_2;4;12;0;810000.0;Rp 60.900;Rp 810.000
PROD_0025;Lulur Tradisional;Kosmetik;61000.0;26;0;3.1;2025-12-20;Jawa Barat;SELLER_025_1;5;12;1;1586000.0;Rp 61.000;Rp 1.586.000
PROD_0025;Lulur Tradisional;Kosmetik;63000.0;30;0;4.7;2025-12-21;Bali;SELLER_025_3;6;12;1;1890000.0;Rp 63.000;Rp 1.890.000
PROD_0025;Lulur Tradisional;Kosmetik;57200.0;25;0;2.5;2025-12-22;Kalimantan Timur;SELLER_025_2;0;12;0;1430000.0;Rp 57.200;Rp 1.430.000
PROD_0025;Lulur Tradisional;Kosmetik;62800.0;19;15;3.2;2025-12-23;Sumatera Utara;SELLER_025_2;1;12;0;1014200.0;Rp 62.800;Rp 1.014.200
PROD_0025;Lulur Tradisional;Kosmetik;58400.0;16;5;3.6;2025-12-24;Kalimantan Timur;SELLER_025_1;2;12;0;887700.0;Rp 58.400;Rp 887.700
PROD_0025;Lulur Tradisional;Kosmetik;62000.0;28;0;2.6;2025-12-25;Jawa Timur;SELLER_025_2;3;12;0;1736000.0;Rp 62.000;Rp 1.736.000
PROD_0025;Lulur Tradisional;Kosmetik;58700.0;25;0;4.0;2025-12-26;Sulawesi Selatan;SELLER_025_2;4;12;0;1467500.0;Rp 58.700;Rp 1.467.500
PROD_0025;Lulur Tradisional;Kosmetik;58300.0;30;0;3.7;2025-12-27;Sulawesi Selatan;SELLER_025_2;5;12;1;1749000.0;Rp 58.300;Rp 1.749.000
PROD_0025;Lulur Tradisional;Kosmetik;61200.0;24;0;4.2;2025-12-28;Bali;SELLER_025_2;6;12;1;1468800.0;Rp 61.200;Rp 1.468.800
PROD_0025;Lulur Tradisional;Kosmetik;62000.0;29;0;3.5;2025-12-29;Sulawesi Selatan;SELLER_025_2;0;12;0;1798000.0;Rp 62.000;Rp 1.798.000
PROD_0025;Lulur Tradisional;Kosmetik;61100.0;27;0;3.4;2025-12-30;Sulawesi Selatan;SELLER_025_3;1;12;0;1649700.0;Rp 61.100;Rp 1.649.700
PROD_0025;Lulur Tradisional;Kosmetik;61900.0;16;0;2.6;2025-12-31;Jawa Tengah;SELLER_025_1;2;12;0;990400.0;Rp 61.900;Rp 990.400
PROD_0025;Lulur Tradisional;Kosmetik;61200.0;28;5;2.8;2026-01-01;Bali;SELLER_025_3;3;1;0;1627900.0;Rp 61.200;Rp 1.627.900
PROD_0025;Lulur Tradisional;Kosmetik;57500.0;23;5;3.0;2026-01-02;Sumatera Utara;SELLER_025_3;4;1;0;1256400.0;Rp 57.500;Rp 1.256.400
PROD_0025;Lulur Tradisional;Kosmetik;57400.0;32;0;3.1;2026-01-03;Kalimantan Timur;SELLER_025_2;5;1;1;1836800.0;Rp 57.400;Rp 1.836.800
PROD_0025;Lulur Tradisional;Kosmetik;61400.0;29;0;3.5;2026-01-04;Kalimantan Timur;SELLER_025_1;6;1;1;1780600.0;Rp 61.400;Rp 1.780.600
PROD_0025;Lulur Tradisional;Kosmetik;60600.0;18;15;3.5;2026-01-05;Sumatera Utara;SELLER_025_2;0;1;0;927200.0;Rp 60.600;Rp 927.200
PROD_0026;Masker Kopi;Kosmetik;115100.0;12;0;3.3;2025-10-08;Jawa Timur;SELLER_026_1;2;10;0;1381200.0;Rp 115.100;Rp 1.381.200
PROD_0026;Masker Kopi;Kosmetik;114400.0;20;0;3.3;2025-10-09;Jawa Tengah;SELLER_026_1;3;10;0;2288000.0;Rp 114.400;Rp 2.288.000
PROD_0026;Masker Kopi;Kosmetik;112400.0;23;5;3.7;2025-10-10;Jawa Barat;SELLER_026_2;4;10;0;2455900.0;Rp 112.400;Rp 2.455.900
PROD_0026;Masker Kopi;Kosmetik;118900.0;24;0;3.9;2025-10-11;Kalimantan Timur;SELLER_026_2;5;10;1;2853600.0;Rp 118.900;Rp 2.853.600
PROD_0026;Masker Kopi;Kosmetik;112500.0;27;0;2.7;2025-10-12;Jakarta;SELLER_026_3;6;10;1;3037500.0;Rp 112.500;Rp 3.037.500
PROD_0026;Masker Kopi;Kosmetik;117900.0;25;20;4.2;2025-10-13;Sumatera Utara;SELLER_026_2;0;10;0;2358000.0;Rp 117.900;Rp 2.358.000
PROD_0026;Masker Kopi;Kosmetik;119200.0;23;0;3.9;2025-10-14;Jawa Tengah;SELLER_026_3;1;10;0;2741600.0;Rp 119.200;Rp 2.741.600
PROD_0026;Masker Kopi;Kosmetik;116200.0;23;0;3.4;2025-10-15;Sulawesi Selatan;SELLER_026_3;2;10;0;2672600.0;Rp 116.200;Rp 2.672.600
PROD_0026;Masker Kopi;Kosmetik;110300.0;26;10;4.1;2025-10-16;Bali;SELLER_026_1;3;10;0;2581000.0;Rp 110.300;Rp 2.581.000
PROD_0026;Masker Kopi;Kosmetik;109600.0;12;0;3.0;2025-10-17;Sumatera Utara;SELLER_026_1;4;10;0;1315200.0;Rp 109.600;Rp 1.315.200
PROD_0026;Masker Kopi;Kosmetik;111700.0;27;0;4.3;2025-10-18;Sumatera Utara;SELLER_026_3;5;10;1;3015900.0;Rp 111.700;Rp 3.015.900
PROD_0026;Masker Kopi;Kosmetik;111300.0;17;0;4.1;2025-10-19;Bali;SELLER_026_3;6;10;1;1892100.0;Rp 111.300;Rp 1.892.100
PROD_0026;Masker Kopi;Kosmetik;111300.0;23;0;3.3;2025-10-20;Kalimantan Timur;SELLER_026_2;0;10;0;2559900.0;Rp 111.300;Rp 2.559.900
PROD_0026;Masker Kopi;Kosmetik;114600.0;18;0;4.1;2025-10-21;Jawa Barat;SELLER_026_3;1;10;0;2062800.0;Rp 114.600;Rp 2.062.800
PROD_0026;Masker Kopi;Kosmetik;113600.0;17;0;3.3;2025-10-22;Kalimantan Timur;SELLER_026_2;2;10;0;1931200.0;Rp 113.600;Rp 1.931.200
PROD_0026;Masker Kopi;Kosmetik;118000.0;24;0;2.8;2025-10-23;Kalimantan Timur;SELLER_026_3;3;10;0;2832000.0;Rp 118.000;Rp 2.832.000
PROD_0026;Masker Kopi;Kosmetik;118100.0;15;0;3.9;2025-10-24;Jawa Timur;SELLER_026_3;4;10;0;1771500.0;Rp 118.100;Rp 1.771.500
PROD_0026;Masker Kopi;Kosmetik;115000.0;22;0;3.6;2025-10-25;Sulawesi Selatan;SELLER_026_2;5;10;1;2530000.0;Rp 115.000;Rp 2.530.000
PROD_0026;Masker Kopi;Kosmetik;112000.0;25;0;4.0;2025-10-26;Kalimantan Timur;SELLER_026_2;6;10;1;2800000.0;Rp 112.000;Rp 2.800.000
PROD_0026;Masker Kopi;Kosmetik;109800.0;27;10;3.4;2025-10-27;Jakarta;SELLER_026_2;0;10;0;2668100.0;Rp 109.800;Rp 2.668.100
PROD_0026;Masker Kopi;Kosmetik;119000.0;18;0;3.5;2025-10-28;Bali;SELLER_026_3;1;10;0;2142000.0;Rp 119.000;Rp 2.142.000
PROD_0026;Masker Kopi;Kosmetik;111100.0;21;0;3.0;2025-10-29;Jawa Tengah;SELLER_026_2;2;10;0;2333100.0;Rp 111.100;Rp 2.333.100
PROD_0026;Masker Kopi;Kosmetik;114000.0;28;0;2.7;2025-10-30;Jawa Tengah;SELLER_026_3;3;10;0;3192000.0;Rp 114.000;Rp 3.192.000
PROD_0026;Masker Kopi;Kosmetik;117900.0;24;15;2.6;2025-10-31;Jakarta;SELLER_026_3;4;10;0;2405200.0;Rp 117.900;Rp 2.405.200
PROD_0026;Masker Kopi;Kosmetik;111600.0;15;5;4.0;2025-11-01;Kalimantan Timur;SELLER_026_3;5;11;1;1590300.0;Rp 111.600;Rp 1.590.300
PROD_0026;Masker Kopi;Kosmetik;109800.0;22;0;3.2;2025-11-02;Bali;SELLER_026_2;6;11;1;2415600.0;Rp 109.800;Rp 2.415.600
PROD_0026;Masker Kopi;Kosmetik;114900.0;17;5;3.4;2025-11-03;Sumatera Utara;SELLER_026_1;0;11;0;1855600.0;Rp 114.900;Rp 1.855.600
PROD_0026;Masker Kopi;Kosmetik;115700.0;24;0;5.0;2025-11-04;Sulawesi Selatan;SELLER_026_3;1;11;0;2776800.0;Rp 115.700;Rp 2.776.800
PROD_0026;Masker Kopi;Kosmetik;117200.0;21;0;2.3;2025-11-05;Kalimantan Timur;SELLER_026_3;2;11;0;2461200.0;Rp 117.200;Rp 2.461.200
PROD_0026;Masker Kopi;Kosmetik;116500.0;18;0;2.9;2025-11-06;Jawa Timur;SELLER_026_3;3;11;0;2097000.0;Rp 116.500;Rp 2.097.000
PROD_0026;Masker Kopi;Kosmetik;117600.0;16;0;3.6;2025-11-07;Sumatera Utara;SELLER_026_3;4;11;0;1881600.0;Rp 117.600;Rp 1.881.600
PROD_0026;Masker Kopi;Kosmetik;113800.0;19;0;3.3;2025-11-08;Jawa Timur;SELLER_026_3;5;11;1;2162200.0;Rp 113.800;Rp 2.162.200
PROD_0026;Masker Kopi;Kosmetik;110700.0;28;0;3.4;2025-11-09;Bali;SELLER_026_2;6;11;1;3099600.0;Rp 110.700;Rp 3.099.600
PROD_0026;Masker Kopi;Kosmetik;112100.0;17;10;3.6;2025-11-10;Sulawesi Selatan;SELLER_026_3;0;11;0;1715100.0;Rp 112.100;Rp 1.715.100
PROD_0026;Masker Kopi;Kosmetik;114100.0;21;10;3.6;2025-11-11;Jawa Barat;SELLER_026_2;1;11;0;2156500.0;Rp 114.100;Rp 2.156.500
PROD_0026;Masker Kopi;Kosmetik;116000.0;29;5;3.5;2025-11-12;Sulawesi Selatan;SELLER_026_1;2;11;0;3195800.0;Rp 116.000;Rp 3.195.800
PROD_0026;Masker Kopi;Kosmetik;111400.0;19;0;3.0;2025-11-13;Jakarta;SELLER_026_1;3;11;0;2116600.0;Rp 111.400;Rp 2.116.600
PROD_0026;Masker Kopi;Kosmetik;112600.0;17;10;4.3;2025-11-14;Jawa Timur;SELLER_026_2;4;11;0;1722800.0;Rp 112.600;Rp 1.722.800
PROD_0026;Masker Kopi;Kosmetik;121000.0;18;0;3.7;2025-11-15;Jawa Tengah;SELLER_026_3;5;11;1;2178000.0;Rp 121.000;Rp 2.178.000
PROD_0026;Masker Kopi;Kosmetik;120400.0;23;10;5.0;2025-11-16;Kalimantan Timur;SELLER_026_1;6;11;1;2492300.0;Rp 120.400;Rp 2.492.300
PROD_0026;Masker Kopi;Kosmetik;113300.0;19;10;3.8;2025-11-17;Jakarta;SELLER_026_2;0;11;0;1937400.0;Rp 113.300;Rp 1.937.400
PROD_0026;Masker Kopi;Kosmetik;119700.0;21;0;3.2;2025-11-18;Sulawesi Selatan;SELLER_026_1;1;11;0;2513700.0;Rp 119.700;Rp 2.513.700
PROD_0026;Masker Kopi;Kosmetik;113500.0;21;0;4.1;2025-11-19;Jawa Timur;SELLER_026_2;2;11;0;2383500.0;Rp 113.500;Rp 2.383.500
PROD_0026;Masker Kopi;Kosmetik;118700.0;19;0;4.4;2025-11-20;Jawa Tengah;SELLER_026_1;3;11;0;2255300.0;Rp 118.700;Rp 2.255.300
PROD_0026;Masker Kopi;Kosmetik;114400.0;21;20;3.7;2025-11-21;Bali;SELLER_026_2;4;11;0;1921900.0;Rp 114.400;Rp 1.921.900
PROD_0026;Masker Kopi;Kosmetik;117400.0;18;0;3.0;2025-11-22;Sumatera Utara;SELLER_026_3;5;11;1;2113200.0;Rp 117.400;Rp 2.113.200
PROD_0026;Masker Kopi;Kosmetik;120600.0;23;5;3.0;2025-11-23;Sumatera Utara;SELLER_026_1;6;11;1;2635100.0;Rp 120.600;Rp 2.635.100
PROD_0026;Masker Kopi;Kosmetik;114900.0;17;5;3.3;2025-11-24;Jakarta;SELLER_026_2;0;11;0;1855600.0;Rp 114.900;Rp 1.855.600
PROD_0026;Masker Kopi;Kosmetik;114300.0;29;10;3.7;2025-11-25;Jawa Timur;SELLER_026_1;1;11;0;2983200.0;Rp 114.300;Rp 2.983.200
PROD_0026;Masker Kopi;Kosmetik;120700.0;24;0;2.9;2025-11-26;Jawa Barat;SELLER_026_3;2;11;0;2896800.0;Rp 120.700;Rp 2.896.800
PROD_0026;Masker Kopi;Kosmetik;113600.0;16;5;3.6;2025-11-27;Jawa Barat;SELLER_026_2;3;11;0;1726700.0;Rp 113.600;Rp 1.726.700
PROD_0026;Masker Kopi;Kosmetik;118600.0;30;15;3.9;2025-11-28;Kalimantan Timur;SELLER_026_2;4;11;0;3024300.0;Rp 118.600;Rp 3.024.300
PROD_0026;Masker Kopi;Kosmetik;117800.0;19;0;3.1;2025-11-29;Jawa Tengah;SELLER_026_3;5;11;1;2238200.0;Rp 117.800;Rp 2.238.200
PROD_0026;Masker Kopi;Kosmetik;115400.0;20;0;3.0;2025-11-30;Bali;SELLER_026_2;6;11;1;2308000.0;Rp 115.400;Rp 2.308.000
PROD_0026;Masker Kopi;Kosmetik;128900.0;21;0;4.0;2025-12-01;Jawa Barat;SELLER_026_2;0;12;0;2706900.0;Rp 128.900;Rp 2.706.900
PROD_0026;Masker Kopi;Kosmetik;132500.0;21;5;3.8;2025-12-02;Jawa Timur;SELLER_026_1;1;12;0;2643400.0;Rp 132.500;Rp 2.643.400
PROD_0026;Masker Kopi;Kosmetik;132000.0;18;20;3.2;2025-12-03;Jawa Tengah;SELLER_026_3;2;12;0;1900800.0;Rp 132.000;Rp 1.900.800
PROD_0026;Masker Kopi;Kosmetik;128300.0;29;0;3.5;2025-12-04;Kalimantan Timur;SELLER_026_3;3;12;0;3720700.0;Rp 128.300;Rp 3.720.700
PROD_0026;Masker Kopi;Kosmetik;132200.0;27;0;3.2;2025-12-05;Jawa Timur;SELLER_026_2;4;12;0;3569400.0;Rp 132.200;Rp 3.569.400
PROD_0026;Masker Kopi;Kosmetik;129500.0;17;10;3.9;2025-12-06;Jawa Timur;SELLER_026_1;5;12;1;1981400.0;Rp 129.500;Rp 1.981.400
PROD_0026;Masker Kopi;Kosmetik;138100.0;31;0;3.6;2025-12-07;Jawa Tengah;SELLER_026_3;6;12;1;4281100.0;Rp 138.100;Rp 4.281.100
PROD_0026;Masker Kopi;Kosmetik;137900.0;33;10;2.9;2025-12-08;Sulawesi Selatan;SELLER_026_2;0;12;0;4095600.0;Rp 137.900;Rp 4.095.600
PROD_0026;Masker Kopi;Kosmetik;133100.0;21;0;2.6;2025-12-09;Sumatera Utara;SELLER_026_2;1;12;0;2795100.0;Rp 133.100;Rp 2.795.100
PROD_0026;Masker Kopi;Kosmetik;132700.0;28;0;4.9;2025-12-10;Jakarta;SELLER_026_1;2;12;0;3715600.0;Rp 132.700;Rp 3.715.600
PROD_0026;Masker Kopi;Kosmetik;132900.0;25;0;3.9;2025-12-11;Bali;SELLER_026_2;3;12;0;3322500.0;Rp 132.900;Rp 3.322.500
PROD_0026;Masker Kopi;Kosmetik;126300.0;17;10;3.8;2025-12-12;Jawa Timur;SELLER_026_3;4;12;0;1932400.0;Rp 126.300;Rp 1.932.400
PROD_0026;Masker Kopi;Kosmetik;128800.0;31;10;4.0;2025-12-13;Bali;SELLER_026_3;5;12;1;3593500.0;Rp 128.800;Rp 3.593.500
PROD_0026;Masker Kopi;Kosmetik;135800.0;34;0;3.7;2025-12-14;Kalimantan Timur;SELLER_026_3;6;12;1;4617200.0;Rp 135.800;Rp 4.617.200
PROD_0026;Masker Kopi;Kosmetik;127800.0;26;0;3.3;2025-12-15;Jawa Tengah;SELLER_026_2;0;12;0;3322800.0;Rp 127.800;Rp 3.322.800
PROD_0026;Masker Kopi;Kosmetik;136400.0;23;0;3.6;2025-12-16;Sulawesi Selatan;SELLER_026_2;1;12;0;3137200.0;Rp 136.400;Rp 3.137.200
PROD_0026;Masker Kopi;Kosmetik;128200.0;13;10;3.7;2025-12-17;Sumatera Utara;SELLER_026_2;2;12;0;1499900.0;Rp 128.200;Rp 1.499.900
PROD_0026;Masker Kopi;Kosmetik;134000.0;25;5;3.3;2025-12-18;Sulawesi Selatan;SELLER_026_1;3;12;0;3182500.0;Rp 134.000;Rp 3.182.500
PROD_0026;Masker Kopi;Kosmetik;134800.0;33;0;3.8;2025-12-19;Bali;SELLER_026_2;4;12;0;4448400.0;Rp 134.800;Rp 4.448.400
PROD_0026;Masker Kopi;Kosmetik;132400.0;37;0;3.7;2025-12-20;Kalimantan Timur;SELLER_026_1;5;12;1;4898800.0;Rp 132.400;Rp 4.898.800
PROD_0026;Masker Kopi;Kosmetik;136900.0;34;10;3.1;2025-12-21;Kalimantan Timur;SELLER_026_3;6;12;1;4189100.0;Rp 136.900;Rp 4.189.100
PROD_0026;Masker Kopi;Kosmetik;138200.0;19;20;3.9;2025-12-22;Bali;SELLER_026_3;0;12;0;2100600.0;Rp 138.200;Rp 2.100.600
PROD_0026;Masker Kopi;Kosmetik;134500.0;23;10;3.7;2025-12-23;Kalimantan Timur;SELLER_026_3;1;12;0;2784200.0;Rp 134.500;Rp 2.784.200
PROD_0026;Masker Kopi;Kosmetik;127000.0;26;0;3.6;2025-12-24;Bali;SELLER_026_2;2;12;0;3302000.0;Rp 127.000;Rp 3.302.000
PROD_0026;Masker Kopi;Kosmetik;126200.0;18;0;3.6;2025-12-25;Jawa Timur;SELLER_026_3;3;12;0;2271600.0;Rp 126.200;Rp 2.271.600
PROD_0026;Masker Kopi;Kosmetik;128500.0;16;10;3.8;2025-12-26;Sulawesi Selatan;SELLER_026_2;4;12;0;1850400.0;Rp 128.500;Rp 1.850.400
PROD_0026;Masker Kopi;Kosmetik;127700.0;27;10;3.8;2025-12-27;Sulawesi Selatan;SELLER_026_2;5;12;1;3103100.0;Rp 127.700;Rp 3.103.100
PROD_0026;Masker Kopi;Kosmetik;130900.0;20;0;3.6;2025-12-28;Jawa Tengah;SELLER_026_2;6;12;1;2618000.0;Rp 130.900;Rp 2.618.000
PROD_0026;Masker Kopi;Kosmetik;137900.0;19;20;3.5;2025-12-29;Kalimantan Timur;SELLER_026_3;0;12;0;2096100.0;Rp 137.900;Rp 2.096.100
PROD_0026;Masker Kopi;Kosmetik;134900.0;25;20;3.3;2025-12-30;Kalimantan Timur;SELLER_026_1;1;12;0;2698000.0;Rp 134.900;Rp 2.698.000
PROD_0026;Masker Kopi;Kosmetik;130500.0;25;0;3.9;2025-12-31;Jawa Tengah;SELLER_026_3;2;12;0;3262500.0;Rp 130.500;Rp 3.262.500
PROD_0026;Masker Kopi;Kosmetik;131700.0;17;0;2.5;2026-01-01;Kalimantan Timur;SELLER_026_3;3;1;0;2238900.0;Rp 131.700;Rp 2.238.900
PROD_0026;Masker Kopi;Kosmetik;135400.0;25;5;3.5;2026-01-02;Sulawesi Selatan;SELLER_026_3;4;1;0;3215800.0;Rp 135.400;Rp 3.215.800
PROD_0026;Masker Kopi;Kosmetik;138100.0;15;0;4.0;2026-01-03;Jawa Tengah;SELLER_026_2;5;1;1;2071500.0;Rp 138.100;Rp 2.071.500
PROD_0026;Masker Kopi;Kosmetik;130700.0;31;0;2.9;2026-01-04;Jakarta;SELLER_026_2;6;1;1;4051700.0;Rp 130.700;Rp 4.051.700
PROD_0026;Masker Kopi;Kosmetik;126300.0;25;0;3.3;2026-01-05;Kalimantan Timur;SELLER_026_2;0;1;0;3157500.0;Rp 126.300;Rp 3.157.500
PROD_0027;Lip Balm Alami;Kosmetik;88900.0;21;0;2.9;2025-10-08;Bali;SELLER_027_3;2;10;0;1866900.0;Rp 88.900;Rp 1.866.900
PROD_0027;Lip Balm Alami;Kosmetik;91100.0;19;15;3.7;2025-10-09;Sulawesi Selatan;SELLER_027_2;3;10;0;1471300.0;Rp 91.100;Rp 1.471.300
PROD_0027;Lip Balm Alami;Kosmetik;93200.0;14;0;3.1;2025-10-10;Jawa Barat;SELLER_027_1;4;10;0;1304800.0;Rp 93.200;Rp 1.304.800
PROD_0027;Lip Balm Alami;Kosmetik;91200.0;23;5;3.3;2025-10-11;Jakarta;SELLER_027_3;5;10;1;1992700.0;Rp 91.200;Rp 1.992.700
PROD_0027;Lip Balm Alami;Kosmetik;93300.0;27;0;3.8;2025-10-12;Jakarta;SELLER_027_2;6;10;1;2519100.0;Rp 93.300;Rp 2.519.100
PROD_0027;Lip Balm Alami;Kosmetik;90800.0;20;0;3.9;2025-10-13;Sumatera Utara;SELLER_027_1;0;10;0;1816000.0;Rp 90.800;Rp 1.816.000
PROD_0027;Lip Balm Alami;Kosmetik;93000.0;24;0;3.2;2025-10-14;Jawa Tengah;SELLER_027_3;1;10;0;2232000.0;Rp 93.000;Rp 2.232.000
PROD_0027;Lip Balm Alami;Kosmetik;85700.0;22;0;4.0;2025-10-15;Sumatera Utara;SELLER_027_1;2;10;0;1885400.0;Rp 85.700;Rp 1.885.400
PROD_0027;Lip Balm Alami;Kosmetik;90800.0;25;0;3.8;2025-10-16;Jawa Barat;SELLER_027_1;3;10;0;2270000.0;Rp 90.800;Rp 2.270.000
PROD_0027;Lip Balm Alami;Kosmetik;87000.0;20;0;4.0;2025-10-17;Jawa Barat;SELLER_027_3;4;10;0;1740000.0;Rp 87.000;Rp 1.740.000
PROD_0027;Lip Balm Alami;Kosmetik;87600.0;19;0;3.6;2025-10-18;Jawa Barat;SELLER_027_3;5;10;1;1664400.0;Rp 87.600;Rp 1.664.400
PROD_0027;Lip Balm Alami;Kosmetik;90200.0;18;0;2.6;2025-10-19;Jawa Barat;SELLER_027_2;6;10;1;1623600.0;Rp 90.200;Rp 1.623.600
PROD_0027;Lip Balm Alami;Kosmetik;92900.0;16;15;3.5;2025-10-20;Jawa Barat;SELLER_027_3;0;10;0;1263400.0;Rp 92.900;Rp 1.263.400
PROD_0027;Lip Balm Alami;Kosmetik;89200.0;12;0;4.3;2025-10-21;Jawa Timur;SELLER_027_1;1;10;0;1070400.0;Rp 89.200;Rp 1.070.400
PROD_0027;Lip Balm Alami;Kosmetik;85600.0;17;0;4.2;2025-10-22;Sumatera Utara;SELLER_027_2;2;10;0;1455200.0;Rp 85.600;Rp 1.455.200
PROD_0027;Lip Balm Alami;Kosmetik;94000.0;20;0;3.4;2025-10-23;Sulawesi Selatan;SELLER_027_1;3;10;0;1880000.0;Rp 94.000;Rp 1.880.000
PROD_0027;Lip Balm Alami;Kosmetik;87200.0;18;0;3.5;2025-10-24;Jawa Timur;SELLER_027_2;4;10;0;1569600.0;Rp 87.200;Rp 1.569.600
PROD_0027;Lip Balm Alami;Kosmetik;87200.0;25;0;3.6;2025-10-25;Sulawesi Selatan;SELLER_027_1;5;10;1;2180000.0;Rp 87.200;Rp 2.180.000
PROD_0027;Lip Balm Alami;Kosmetik;92900.0;30;0;3.7;2025-10-26;Kalimantan Timur;SELLER_027_2;6;10;1;2787000.0;Rp 92.900;Rp 2.787.000
PROD_0027;Lip Balm Alami;Kosmetik;94100.0;21;10;3.4;2025-10-27;Jawa Barat;SELLER_027_2;0;10;0;1778500.0;Rp 94.100;Rp 1.778.500
PROD_0027;Lip Balm Alami;Kosmetik;85800.0;19;0;3.5;2025-10-28;Jakarta;SELLER_027_1;1;10;0;1630200.0;Rp 85.800;Rp 1.630.200
PROD_0027;Lip Balm Alami;Kosmetik;92300.0;28;10;2.8;2025-10-29;Sumatera Utara;SELLER_027_1;2;10;0;2326000.0;Rp 92.300;Rp 2.326.000
PROD_0027;Lip Balm Alami;Kosmetik;87400.0;25;0;4.0;2025-10-30;Jawa Timur;SELLER_027_3;3;10;0;2185000.0;Rp 87.400;Rp 2.185.000
PROD_0027;Lip Balm Alami;Kosmetik;87400.0;16;0;3.1;2025-10-31;Bali;SELLER_027_3;4;10;0;1398400.0;Rp 87.400;Rp 1.398.400
PROD_0027;Lip Balm Alami;Kosmetik;88600.0;24;0;3.3;2025-11-01;Kalimantan Timur;SELLER_027_1;5;11;1;2126400.0;Rp 88.600;Rp 2.126.400
PROD_0027;Lip Balm Alami;Kosmetik;93300.0;24;0;3.0;2025-11-02;Jawa Tengah;SELLER_027_3;6;11;1;2239200.0;Rp 93.300;Rp 2.239.200
PROD_0027;Lip Balm Alami;Kosmetik;86100.0;21;15;4.5;2025-11-03;Sumatera Utara;SELLER_027_2;0;11;0;1536900.0;Rp 86.100;Rp 1.536.900
PROD_0027;Lip Balm Alami;Kosmetik;92800.0;32;15;3.4;2025-11-04;Jakarta;SELLER_027_2;1;11;0;2524200.0;Rp 92.800;Rp 2.524.200
PROD_0027;Lip Balm Alami;Kosmetik;93600.0;16;0;3.0;2025-11-05;Jawa Barat;SELLER_027_3;2;11;0;1497600.0;Rp 93.600;Rp 1.497.600
PROD_0027;Lip Balm Alami;Kosmetik;89600.0;22;15;3.4;2025-11-06;Sumatera Utara;SELLER_027_1;3;11;0;1675500.0;Rp 89.600;Rp 1.675.500
PROD_0027;Lip Balm Alami;Kosmetik;88500.0;16;0;3.1;2025-11-07;Sumatera Utara;SELLER_027_1;4;11;0;1416000.0;Rp 88.500;Rp 1.416.000
PROD_0027;Lip Balm Alami;Kosmetik;92800.0;28;0;3.3;2025-11-08;Sumatera Utara;SELLER_027_3;5;11;1;2598400.0;Rp 92.800;Rp 2.598.400
PROD_0027;Lip Balm Alami;Kosmetik;94200.0;18;5;4.6;2025-11-09;Sulawesi Selatan;SELLER_027_2;6;11;1;1610800.0;Rp 94.200;Rp 1.610.800
PROD_0027;Lip Balm Alami;Kosmetik;90100.0;20;0;3.5;2025-11-10;Jawa Timur;SELLER_027_3;0;11;0;1802000.0;Rp 90.100;Rp 1.802.000
PROD_0027;Lip Balm Alami;Kosmetik;90800.0;17;0;3.4;2025-11-11;Jawa Timur;SELLER_027_1;1;11;0;1543600.0;Rp 90.800;Rp 1.543.600
PROD_0027;Lip Balm Alami;Kosmetik;88300.0;24;15;3.0;2025-11-12;Jakarta;SELLER_027_3;2;11;0;1801300.0;Rp 88.300;Rp 1.801.300
PROD_0027;Lip Balm Alami;Kosmetik;92300.0;15;10;3.8;2025-11-13;Jawa Tengah;SELLER_027_3;3;11;0;1246000.0;Rp 92.300;Rp 1.246.000
PROD_0027;Lip Balm Alami;Kosmetik;93700.0;18;10;3.3;2025-11-14;Jawa Barat;SELLER_027_1;4;11;0;1517900.0;Rp 93.700;Rp 1.517.900
PROD_0027;Lip Balm Alami;Kosmetik;90100.0;17;0;2.9;2025-11-15;Jawa Tengah;SELLER_027_1;5;11;1;1531700.0;Rp 90.100;Rp 1.531.700
PROD_0027;Lip Balm Alami;Kosmetik;91100.0;24;0;3.5;2025-11-16;Sumatera Utara;SELLER_027_1;6;11;1;2186400.0;Rp 91.100;Rp 2.186.400
PROD_0027;Lip Balm Alami;Kosmetik;89700.0;20;0;3.6;2025-11-17;Jawa Barat;SELLER_027_1;0;11;0;1794000.0;Rp 89.700;Rp 1.794.000
PROD_0027;Lip Balm Alami;Kosmetik;86100.0;26;10;3.6;2025-11-18;Sulawesi Selatan;SELLER_027_1;1;11;0;2014700.0;Rp 86.100;Rp 2.014.700
PROD_0027;Lip Balm Alami;Kosmetik;90700.0;22;20;3.1;2025-11-19;Sulawesi Selatan;SELLER_027_1;2;11;0;1596300.0;Rp 90.700;Rp 1.596.300
PROD_0027;Lip Balm Alami;Kosmetik;92700.0;17;0;3.2;2025-11-20;Sulawesi Selatan;SELLER_027_3;3;11;0;1575900.0;Rp 92.700;Rp 1.575.900
PROD_0027;Lip Balm Alami;Kosmetik;93600.0;23;0;3.8;2025-11-21;Jawa Barat;SELLER_027_1;4;11;0;2152800.0;Rp 93.600;Rp 2.152.800
PROD_0027;Lip Balm Alami;Kosmetik;90800.0;17;20;3.2;2025-11-22;Jawa Timur;SELLER_027_2;5;11;1;1234900.0;Rp 90.800;Rp 1.234.900
PROD_0027;Lip Balm Alami;Kosmetik;93100.0;16;15;3.5;2025-11-23;Jakarta;SELLER_027_3;6;11;1;1266200.0;Rp 93.100;Rp 1.266.200
PROD_0027;Lip Balm Alami;Kosmetik;93000.0;28;5;3.1;2025-11-24;Jawa Barat;SELLER_027_3;0;11;0;2473800.0;Rp 93.000;Rp 2.473.800
PROD_0027;Lip Balm Alami;Kosmetik;89200.0;15;10;3.1;2025-11-25;Kalimantan Timur;SELLER_027_2;1;11;0;1204200.0;Rp 89.200;Rp 1.204.200
PROD_0027;Lip Balm Alami;Kosmetik;89900.0;19;0;3.9;2025-11-26;Bali;SELLER_027_1;2;11;0;1708100.0;Rp 89.900;Rp 1.708.100
PROD_0027;Lip Balm Alami;Kosmetik;93300.0;21;20;3.7;2025-11-27;Jakarta;SELLER_027_1;3;11;0;1567400.0;Rp 93.300;Rp 1.567.400
PROD_0027;Lip Balm Alami;Kosmetik;89500.0;19;0;3.1;2025-11-28;Sumatera Utara;SELLER_027_2;4;11;0;1700500.0;Rp 89.500;Rp 1.700.500
PROD_0027;Lip Balm Alami;Kosmetik;94400.0;22;0;4.3;2025-11-29;Sumatera Utara;SELLER_027_3;5;11;1;2076800.0;Rp 94.400;Rp 2.076.800
PROD_0027;Lip Balm Alami;Kosmetik;94200.0;24;0;2.8;2025-11-30;Sulawesi Selatan;SELLER_027_1;6;11;1;2260800.0;Rp 94.200;Rp 2.260.800
PROD_0027;Lip Balm Alami;Kosmetik;99700.0;21;0;3.9;2025-12-01;Jawa Timur;SELLER_027_2;0;12;0;2093700.0;Rp 99.700;Rp 2.093.700
PROD_0027;Lip Balm Alami;Kosmetik;104000.0;23;0;4.4;2025-12-02;Sumatera Utara;SELLER_027_3;1;12;0;2392000.0;Rp 104.000;Rp 2.392.000
PROD_0027;Lip Balm Alami;Kosmetik;107400.0;29;5;3.6;2025-12-03;Jawa Barat;SELLER_027_3;2;12;0;2958900.0;Rp 107.400;Rp 2.958.900
PROD_0027;Lip Balm Alami;Kosmetik;103200.0;23;0;4.6;2025-12-04;Jawa Timur;SELLER_027_3;3;12;0;2373600.0;Rp 103.200;Rp 2.373.600
PROD_0027;Lip Balm Alami;Kosmetik;107300.0;26;0;3.7;2025-12-05;Kalimantan Timur;SELLER_027_3;4;12;0;2789800.0;Rp 107.300;Rp 2.789.800
PROD_0027;Lip Balm Alami;Kosmetik;106300.0;25;0;3.6;2025-12-06;Jawa Tengah;SELLER_027_3;5;12;1;2657500.0;Rp 106.300;Rp 2.657.500
PROD_0027;Lip Balm Alami;Kosmetik;98900.0;32;15;3.3;2025-12-07;Sumatera Utara;SELLER_027_2;6;12;1;2690100.0;Rp 98.900;Rp 2.690.100
PROD_0027;Lip Balm Alami;Kosmetik;104000.0;26;5;3.8;2025-12-08;Sulawesi Selatan;SELLER_027_1;0;12;0;2568800.0;Rp 104.000;Rp 2.568.800
PROD_0027;Lip Balm Alami;Kosmetik;108500.0;18;0;2.9;2025-12-09;Jakarta;SELLER_027_2;1;12;0;1953000.0;Rp 108.500;Rp 1.953.000
PROD_0027;Lip Balm Alami;Kosmetik;103000.0;29;0;3.1;2025-12-10;Bali;SELLER_027_2;2;12;0;2987000.0;Rp 103.000;Rp 2.987.000
PROD_0027;Lip Balm Alami;Kosmetik;99400.0;18;10;3.2;2025-12-11;Kalimantan Timur;SELLER_027_1;3;12;0;1610300.0;Rp 99.400;Rp 1.610.300
PROD_0027;Lip Balm Alami;Kosmetik;104500.0;18;0;3.9;2025-12-12;Jawa Tengah;SELLER_027_3;4;12;0;1881000.0;Rp 104.500;Rp 1.881.000
PROD_0027;Lip Balm Alami;Kosmetik;107000.0;26;0;3.5;2025-12-13;Jawa Barat;SELLER_027_3;5;12;1;2782000.0;Rp 107.000;Rp 2.782.000
PROD_0027;Lip Balm Alami;Kosmetik;106800.0;25;0;2.9;2025-12-14;Bali;SELLER_027_2;6;12;1;2670000.0;Rp 106.800;Rp 2.670.000
PROD_0027;Lip Balm Alami;Kosmetik;105800.0;27;5;4.2;2025-12-15;Jawa Tengah;SELLER_027_2;0;12;0;2713800.0;Rp 105.800;Rp 2.713.800
PROD_0027;Lip Balm Alami;Kosmetik;103200.0;17;10;3.1;2025-12-16;Bali;SELLER_027_1;1;12;0;1579000.0;Rp 103.200;Rp 1.579.000
PROD_0027;Lip Balm Alami;Kosmetik;99600.0;28;0;2.7;2025-12-17;Sulawesi Selatan;SELLER_027_1;2;12;0;2788800.0;Rp 99.600;Rp 2.788.800
PROD_0027;Lip Balm Alami;Kosmetik;108300.0;21;0;3.9;2025-12-18;Jakarta;SELLER_027_2;3;12;0;2274300.0;Rp 108.300;Rp 2.274.300
PROD_0027;Lip Balm Alami;Kosmetik;99100.0;16;0;3.3;2025-12-19;Jakarta;SELLER_027_3;4;12;0;1585600.0;Rp 99.100;Rp 1.585.600
PROD_0027;Lip Balm Alami;Kosmetik;106800.0;26;0;4.2;2025-12-20;Sumatera Utara;SELLER_027_3;5;12;1;2776800.0;Rp 106.800;Rp 2.776.800
PROD_0027;Lip Balm Alami;Kosmetik;100600.0;20;20;3.4;2025-12-21;Jawa Barat;SELLER_027_1;6;12;1;1609600.0;Rp 100.600;Rp 1.609.600
PROD_0027;Lip Balm Alami;Kosmetik;105400.0;31;20;3.0;2025-12-22;Sumatera Utara;SELLER_027_1;0;12;0;2613900.0;Rp 105.400;Rp 2.613.900
PROD_0027;Lip Balm Alami;Kosmetik;98800.0;20;0;2.9;2025-12-23;Jawa Timur;SELLER_027_3;1;12;0;1976000.0;Rp 98.800;Rp 1.976.000
PROD_0027;Lip Balm Alami;Kosmetik;99100.0;17;0;4.1;2025-12-24;Jawa Barat;SELLER_027_2;2;12;0;1684700.0;Rp 99.100;Rp 1.684.700
PROD_0027;Lip Balm Alami;Kosmetik;102400.0;14;0;2.4;2025-12-25;Sumatera Utara;SELLER_027_1;3;12;0;1433600.0;Rp 102.400;Rp 1.433.600
PROD_0027;Lip Balm Alami;Kosmetik;108700.0;33;0;3.7;2025-12-26;Bali;SELLER_027_1;4;12;0;3587100.0;Rp 108.700;Rp 3.587.100
PROD_0027;Lip Balm Alami;Kosmetik;99700.0;30;10;2.3;2025-12-27;Sulawesi Selatan;SELLER_027_1;5;12;1;2691900.0;Rp 99.700;Rp 2.691.900
PROD_0027;Lip Balm Alami;Kosmetik;99700.0;22;10;3.3;2025-12-28;Jawa Timur;SELLER_027_1;6;12;1;1974100.0;Rp 99.700;Rp 1.974.100
PROD_0027;Lip Balm Alami;Kosmetik;104500.0;23;0;3.8;2025-12-29;Bali;SELLER_027_3;0;12;0;2403500.0;Rp 104.500;Rp 2.403.500
PROD_0027;Lip Balm Alami;Kosmetik;105800.0;26;0;3.1;2025-12-30;Jakarta;SELLER_027_3;1;12;0;2750800.0;Rp 105.800;Rp 2.750.800
PROD_0027;Lip Balm Alami;Kosmetik;105400.0;17;0;4.3;2025-12-31;Jawa Barat;SELLER_027_1;2;12;0;1791800.0;Rp 105.400;Rp 1.791.800
PROD_0027;Lip Balm Alami;Kosmetik;100800.0;26;5;3.7;2026-01-01;Jakarta;SELLER_027_3;3;1;0;2489800.0;Rp 100.800;Rp 2.489.800
PROD_0027;Lip Balm Alami;Kosmetik;108200.0;17;0;3.9;2026-01-02;Sumatera Utara;SELLER_027_2;4;1;0;1839400.0;Rp 108.200;Rp 1.839.400
PROD_0027;Lip Balm Alami;Kosmetik;99100.0;21;10;3.2;2026-01-03;Kalimantan Timur;SELLER_027_2;5;1;1;1873000.0;Rp 99.100;Rp 1.873.000
PROD_0027;Lip Balm Alami;Kosmetik;107300.0;25;15;3.8;2026-01-04;Jawa Timur;SELLER_027_1;6;1;1;2280100.0;Rp 107.300;Rp 2.280.100
PROD_0027;Lip Balm Alami;Kosmetik;108400.0;18;0;3.7;2026-01-05;Jawa Barat;SELLER_027_3;0;1;0;1951200.0;Rp 108.400;Rp 1.951.200
PROD_0028;Sabun Herbal;Kosmetik;138200.0;25;0;2.9;2025-10-08;Sumatera Utara;SELLER_028_1;2;10;0;3455000.0;Rp 138.200;Rp 3.455.000
PROD_0028;Sabun Herbal;Kosmetik;139100.0;18;0;3.6;2025-10-09;Jawa Timur;SELLER_028_1;3;10;0;2503800.0;Rp 139.100;Rp 2.503.800
PROD_0028;Sabun Herbal;Kosmetik;142000.0;17;5;3.8;2025-10-10;Jawa Barat;SELLER_028_1;4;10;0;2293300.0;Rp 142.000;Rp 2.293.300
PROD_0028;Sabun Herbal;Kosmetik;130300.0;19;0;3.4;2025-10-11;Jawa Barat;SELLER_028_1;5;10;1;2475700.0;Rp 130.300;Rp 2.475.700
PROD_0028;Sabun Herbal;Kosmetik;131800.0;23;0;3.1;2025-10-12;Sumatera Utara;SELLER_028_3;6;10;1;3031400.0;Rp 131.800;Rp 3.031.400
PROD_0028;Sabun Herbal;Kosmetik;134600.0;18;0;3.4;2025-10-13;Jakarta;SELLER_028_3;0;10;0;2422800.0;Rp 134.600;Rp 2.422.800
PROD_0028;Sabun Herbal;Kosmetik;142300.0;15;0;3.3;2025-10-14;Jawa Timur;SELLER_028_2;1;10;0;2134500.0;Rp 142.300;Rp 2.134.500
PROD_0028;Sabun Herbal;Kosmetik;133200.0;17;5;3.3;2025-10-15;Jawa Timur;SELLER_028_3;2;10;0;2151200.0;Rp 133.200;Rp 2.151.200
PROD_0028;Sabun Herbal;Kosmetik;133600.0;19;10;3.8;2025-10-16;Sulawesi Selatan;SELLER_028_3;3;10;0;2284600.0;Rp 133.600;Rp 2.284.600
PROD_0028;Sabun Herbal;Kosmetik;132300.0;25;15;3.3;2025-10-17;Sumatera Utara;SELLER_028_1;4;10;0;2811400.0;Rp 132.300;Rp 2.811.400
PROD_0028;Sabun Herbal;Kosmetik;138000.0;20;15;4.3;2025-10-18;Jakarta;SELLER_028_1;5;10;1;2346000.0;Rp 138.000;Rp 2.346.000
PROD_0028;Sabun Herbal;Kosmetik;131100.0;26;0;3.8;2025-10-19;Kalimantan Timur;SELLER_028_3;6;10;1;3408600.0;Rp 131.100;Rp 3.408.600
PROD_0028;Sabun Herbal;Kosmetik;133400.0;17;0;3.3;2025-10-20;Jawa Barat;SELLER_028_2;0;10;0;2267800.0;Rp 133.400;Rp 2.267.800
PROD_0028;Sabun Herbal;Kosmetik;132900.0;16;0;4.2;2025-10-21;Kalimantan Timur;SELLER_028_3;1;10;0;2126400.0;Rp 132.900;Rp 2.126.400
PROD_0028;Sabun Herbal;Kosmetik;135500.0;23;10;3.0;2025-10-22;Bali;SELLER_028_1;2;10;0;2804800.0;Rp 135.500;Rp 2.804.800
PROD_0028;Sabun Herbal;Kosmetik;130800.0;15;15;3.9;2025-10-23;Sulawesi Selatan;SELLER_028_2;3;10;0;1667700.0;Rp 130.800;Rp 1.667.700
PROD_0028;Sabun Herbal;Kosmetik;140100.0;28;10;3.6;2025-10-24;Jawa Tengah;SELLER_028_1;4;10;0;3530500.0;Rp 140.100;Rp 3.530.500
PROD_0028;Sabun Herbal;Kosmetik;143100.0;22;10;3.2;2025-10-25;Jakarta;SELLER_028_3;5;10;1;2833400.0;Rp 143.100;Rp 2.833.400
PROD_0028;Sabun Herbal;Kosmetik;133500.0;12;0;3.3;2025-10-26;Jawa Timur;SELLER_028_2;6;10;1;1602000.0;Rp 133.500;Rp 1.602.000
PROD_0028;Sabun Herbal;Kosmetik;142200.0;17;0;3.1;2025-10-27;Jakarta;SELLER_028_3;0;10;0;2417400.0;Rp 142.200;Rp 2.417.400
PROD_0028;Sabun Herbal;Kosmetik;133700.0;16;0;3.8;2025-10-28;Bali;SELLER_028_1;1;10;0;2139200.0;Rp 133.700;Rp 2.139.200
PROD_0028;Sabun Herbal;Kosmetik;140900.0;17;0;3.7;2025-10-29;Jawa Tengah;SELLER_028_3;2;10;0;2395300.0;Rp 140.900;Rp 2.395.300
PROD_0028;Sabun Herbal;Kosmetik;134300.0;18;20;4.0;2025-10-30;Sulawesi Selatan;SELLER_028_2;3;10;0;1933900.0;Rp 134.300;Rp 1.933.900
PROD_0028;Sabun Herbal;Kosmetik;136400.0;14;0;3.3;2025-10-31;Jawa Tengah;SELLER_028_2;4;10;0;1909600.0;Rp 136.400;Rp 1.909.600
PROD_0028;Sabun Herbal;Kosmetik;141700.0;22;10;3.9;2025-11-01;Jawa Barat;SELLER_028_3;5;11;1;2805700.0;Rp 141.700;Rp 2.805.700
PROD_0028;Sabun Herbal;Kosmetik;140600.0;17;5;3.3;2025-11-02;Bali;SELLER_028_3;6;11;1;2270700.0;Rp 140.600;Rp 2.270.700
PROD_0028;Sabun Herbal;Kosmetik;130700.0;16;0;4.2;2025-11-03;Kalimantan Timur;SELLER_028_3;0;11;0;2091200.0;Rp 130.700;Rp 2.091.200
PROD_0028;Sabun Herbal;Kosmetik;139400.0;20;0;2.6;2025-11-04;Jawa Timur;SELLER_028_1;1;11;0;2788000.0;Rp 139.400;Rp 2.788.000
PROD_0028;Sabun Herbal;Kosmetik;134500.0;15;0;2.7;2025-11-05;Kalimantan Timur;SELLER_028_2;2;11;0;2017500.0;Rp 134.500;Rp 2.017.500
PROD_0028;Sabun Herbal;Kosmetik;137600.0;18;0;3.8;2025-11-06;Sumatera Utara;SELLER_028_3;3;11;0;2476800.0;Rp 137.600;Rp 2.476.800
PROD_0028;Sabun Herbal;Kosmetik;139200.0;17;0;2.9;2025-11-07;Jakarta;SELLER_028_1;4;11;0;2366400.0;Rp 139.200;Rp 2.366.400
PROD_0028;Sabun Herbal;Kosmetik;137800.0;36;0;4.2;2025-11-08;Jawa Timur;SELLER_028_2;5;11;1;4960800.0;Rp 137.800;Rp 4.960.800
PROD_0028;Sabun Herbal;Kosmetik;132400.0;23;5;3.6;2025-11-09;Jawa Tengah;SELLER_028_2;6;11;1;2892900.0;Rp 132.400;Rp 2.892.900
PROD_0028;Sabun Herbal;Kosmetik;135200.0;22;15;2.3;2025-11-10;Sumatera Utara;SELLER_028_3;0;11;0;2528200.0;Rp 135.200;Rp 2.528.200
PROD_0028;Sabun Herbal;Kosmetik;132800.0;16;10;4.7;2025-11-11;Bali;SELLER_028_3;1;11;0;1912300.0;Rp 132.800;Rp 1.912.300
PROD_0028;Sabun Herbal;Kosmetik;130500.0;23;15;3.9;2025-11-12;Sulawesi Selatan;SELLER_028_2;2;11;0;2551300.0;Rp 130.500;Rp 2.551.300
PROD_0028;Sabun Herbal;Kosmetik;131900.0;27;10;4.1;2025-11-13;Jawa Tengah;SELLER_028_3;3;11;0;3205200.0;Rp 131.900;Rp 3.205.200
PROD_0028;Sabun Herbal;Kosmetik;136700.0;29;0;3.2;2025-11-14;Sumatera Utara;SELLER_028_3;4;11;0;3964300.0;Rp 136.700;Rp 3.964.300
PROD_0028;Sabun Herbal;Kosmetik;138700.0;18;5;3.4;2025-11-15;Jawa Barat;SELLER_028_3;5;11;1;2371800.0;Rp 138.700;Rp 2.371.800
PROD_0028;Sabun Herbal;Kosmetik;134700.0;23;0;2.8;2025-11-16;Sumatera Utara;SELLER_028_1;6;11;1;3098100.0;Rp 134.700;Rp 3.098.100
PROD_0028;Sabun Herbal;Kosmetik;131700.0;18;0;3.7;2025-11-17;Sulawesi Selatan;SELLER_028_3;0;11;0;2370600.0;Rp 131.700;Rp 2.370.600
PROD_0028;Sabun Herbal;Kosmetik;138900.0;26;0;3.0;2025-11-18;Jawa Timur;SELLER_028_3;1;11;0;3611400.0;Rp 138.900;Rp 3.611.400
PROD_0028;Sabun Herbal;Kosmetik;138200.0;26;0;3.4;2025-11-19;Jawa Timur;SELLER_028_3;2;11;0;3593200.0;Rp 138.200;Rp 3.593.200
PROD_0028;Sabun Herbal;Kosmetik;136500.0;13;20;2.8;2025-11-20;Kalimantan Timur;SELLER_028_1;3;11;0;1419600.0;Rp 136.500;Rp 1.419.600
PROD_0028;Sabun Herbal;Kosmetik;139500.0;25;5;3.1;2025-11-21;Jakarta;SELLER_028_3;4;11;0;3313100.0;Rp 139.500;Rp 3.313.100
PROD_0028;Sabun Herbal;Kosmetik;137700.0;26;0;2.4;2025-11-22;Bali;SELLER_028_1;5;11;1;3580200.0;Rp 137.700;Rp 3.580.200
PROD_0028;Sabun Herbal;Kosmetik;133100.0;22;0;3.4;2025-11-23;Jawa Tengah;SELLER_028_2;6;11;1;2928200.0;Rp 133.100;Rp 2.928.200
PROD_0028;Sabun Herbal;Kosmetik;142300.0;16;0;3.4;2025-11-24;Sumatera Utara;SELLER_028_2;0;11;0;2276800.0;Rp 142.300;Rp 2.276.800
PROD_0028;Sabun Herbal;Kosmetik;141300.0;21;0;3.5;2025-11-25;Sumatera Utara;SELLER_028_1;1;11;0;2967300.0;Rp 141.300;Rp 2.967.300
PROD_0028;Sabun Herbal;Kosmetik;141000.0;22;0;4.2;2025-11-26;Sumatera Utara;SELLER_028_3;2;11;0;3102000.0;Rp 141.000;Rp 3.102.000
PROD_0028;Sabun Herbal;Kosmetik;141700.0;18;15;3.2;2025-11-27;Jawa Barat;SELLER_028_1;3;11;0;2168000.0;Rp 141.700;Rp 2.168.000
PROD_0028;Sabun Herbal;Kosmetik;134200.0;22;0;3.2;2025-11-28;Jawa Tengah;SELLER_028_3;4;11;0;2952400.0;Rp 134.200;Rp 2.952.400
PROD_0028;Sabun Herbal;Kosmetik;131200.0;22;5;2.9;2025-11-29;Sumatera Utara;SELLER_028_1;5;11;1;2742100.0;Rp 131.200;Rp 2.742.100
PROD_0028;Sabun Herbal;Kosmetik;140400.0;31;10;3.0;2025-11-30;Jawa Tengah;SELLER_028_2;6;11;1;3917200.0;Rp 140.400;Rp 3.917.200
PROD_0028;Sabun Herbal;Kosmetik;151900.0;19;0;3.4;2025-12-01;Jawa Tengah;SELLER_028_2;0;12;0;2886100.0;Rp 151.900;Rp 2.886.100
PROD_0028;Sabun Herbal;Kosmetik;160200.0;29;15;3.7;2025-12-02;Jawa Barat;SELLER_028_2;1;12;0;3948900.0;Rp 160.200;Rp 3.948.900
PROD_0028;Sabun Herbal;Kosmetik;160500.0;26;0;4.9;2025-12-03;Bali;SELLER_028_3;2;12;0;4173000.0;Rp 160.500;Rp 4.173.000
PROD_0028;Sabun Herbal;Kosmetik;157800.0;28;0;3.4;2025-12-04;Jawa Barat;SELLER_028_2;3;12;0;4418400.0;Rp 157.800;Rp 4.418.400
PROD_0028;Sabun Herbal;Kosmetik;158900.0;25;0;2.9;2025-12-05;Kalimantan Timur;SELLER_028_3;4;12;0;3972500.0;Rp 158.900;Rp 3.972.500
PROD_0028;Sabun Herbal;Kosmetik;150700.0;18;15;2.9;2025-12-06;Jawa Timur;SELLER_028_1;5;12;1;2305700.0;Rp 150.700;Rp 2.305.700
PROD_0028;Sabun Herbal;Kosmetik;155100.0;32;10;3.9;2025-12-07;Sumatera Utara;SELLER_028_2;6;12;1;4466900.0;Rp 155.100;Rp 4.466.900
PROD_0028;Sabun Herbal;Kosmetik;153100.0;19;0;3.8;2025-12-08;Bali;SELLER_028_3;0;12;0;2908900.0;Rp 153.100;Rp 2.908.900
PROD_0028;Sabun Herbal;Kosmetik;153400.0;25;0;3.9;2025-12-09;Jakarta;SELLER_028_3;1;12;0;3835000.0;Rp 153.400;Rp 3.835.000
PROD_0028;Sabun Herbal;Kosmetik;160800.0;23;0;4.1;2025-12-10;Bali;SELLER_028_3;2;12;0;3698400.0;Rp 160.800;Rp 3.698.400
PROD_0028;Sabun Herbal;Kosmetik;156300.0;19;15;3.3;2025-12-11;Jakarta;SELLER_028_3;3;12;0;2524200.0;Rp 156.300;Rp 2.524.200
PROD_0028;Sabun Herbal;Kosmetik;152900.0;25;0;3.0;2025-12-12;Jakarta;SELLER_028_2;4;12;0;3822500.0;Rp 152.900;Rp 3.822.500
PROD_0028;Sabun Herbal;Kosmetik;158000.0;21;10;3.0;2025-12-13;Kalimantan Timur;SELLER_028_3;5;12;1;2986200.0;Rp 158.000;Rp 2.986.200
PROD_0028;Sabun Herbal;Kosmetik;154000.0;25;5;3.5;2025-12-14;Jawa Tengah;SELLER_028_1;6;12;1;3657500.0;Rp 154.000;Rp 3.657.500
PROD_0028;Sabun Herbal;Kosmetik;151000.0;28;0;3.9;2025-12-15;Kalimantan Timur;SELLER_028_2;0;12;0;4228000.0;Rp 151.000;Rp 4.228.000
PROD_0028;Sabun Herbal;Kosmetik;152700.0;24;0;3.0;2025-12-16;Jawa Tengah;SELLER_028_2;1;12;0;3664800.0;Rp 152.700;Rp 3.664.800
PROD_0028;Sabun Herbal;Kosmetik;160700.0;14;5;4.4;2025-12-17;Kalimantan Timur;SELLER_028_1;2;12;0;2137300.0;Rp 160.700;Rp 2.137.300
PROD_0028;Sabun Herbal;Kosmetik;150900.0;35;0;3.2;2025-12-18;Jawa Barat;SELLER_028_1;3;12;0;5281500.0;Rp 150.900;Rp 5.281.500
PROD_0028;Sabun Herbal;Kosmetik;161900.0;12;15;4.1;2025-12-19;Jakarta;SELLER_028_1;4;12;0;1651400.0;Rp 161.900;Rp 1.651.400
PROD_0028;Sabun Herbal;Kosmetik;157700.0;31;5;3.7;2025-12-20;Jawa Timur;SELLER_028_1;5;12;1;4644300.0;Rp 157.700;Rp 4.644.300
PROD_0028;Sabun Herbal;Kosmetik;153000.0;24;0;3.7;2025-12-21;Jakarta;SELLER_028_1;6;12;1;3672000.0;Rp 153.000;Rp 3.672.000
PROD_0028;Sabun Herbal;Kosmetik;154200.0;23;0;3.9;2025-12-22;Bali;SELLER_028_3;0;12;0;3546600.0;Rp 154.200;Rp 3.546.600
PROD_0028;Sabun Herbal;Kosmetik;161900.0;25;10;4.1;2025-12-23;Sulawesi Selatan;SELLER_028_2;1;12;0;3642800.0;Rp 161.900;Rp 3.642.800
PROD_0028;Sabun Herbal;Kosmetik;162500.0;17;0;3.7;2025-12-24;Jakarta;SELLER_028_2;2;12;0;2762500.0;Rp 162.500;Rp 2.762.500
PROD_0028;Sabun Herbal;Kosmetik;160600.0;21;0;3.8;2025-12-25;Jawa Barat;SELLER_028_2;3;12;0;3372600.0;Rp 160.600;Rp 3.372.600
PROD_0028;Sabun Herbal;Kosmetik;162800.0;29;15;3.0;2025-12-26;Sumatera Utara;SELLER_028_1;4;12;0;4013000.0;Rp 162.800;Rp 4.013.000
PROD_0028;Sabun Herbal;Kosmetik;160000.0;25;0;3.9;2025-12-27;Bali;SELLER_028_2;5;12;1;4000000.0;Rp 160.000;Rp 4.000.000
PROD_0028;Sabun Herbal;Kosmetik;159400.0;26;0;3.2;2025-12-28;Kalimantan Timur;SELLER_028_1;6;12;1;4144400.0;Rp 159.400;Rp 4.144.400
PROD_0028;Sabun Herbal;Kosmetik;152600.0;25;0;3.5;2025-12-29;Sumatera Utara;SELLER_028_2;0;12;0;3815000.0;Rp 152.600;Rp 3.815.000
PROD_0028;Sabun Herbal;Kosmetik;164400.0;24;0;3.0;2025-12-30;Sulawesi Selatan;SELLER_028_3;1;12;0;3945600.0;Rp 164.400;Rp 3.945.600
PROD_0028;Sabun Herbal;Kosmetik;159600.0;12;0;3.9;2025-12-31;Sulawesi Selatan;SELLER_028_1;2;12;0;1915200.0;Rp 159.600;Rp 1.915.200
PROD_0028;Sabun Herbal;Kosmetik;150700.0;24;15;4.3;2026-01-01;Jakarta;SELLER_028_2;3;1;0;3074300.0;Rp 150.700;Rp 3.074.300
PROD_0028;Sabun Herbal;Kosmetik;149300.0;23;10;2.7;2026-01-02;Bali;SELLER_028_2;4;1;0;3090500.0;Rp 149.300;Rp 3.090.500
PROD_0028;Sabun Herbal;Kosmetik;151100.0;22;0;3.5;2026-01-03;Jawa Barat;SELLER_028_3;5;1;1;3324200.0;Rp 151.100;Rp 3.324.200
PROD_0028;Sabun Herbal;Kosmetik;152400.0;27;0;2.8;2026-01-04;Kalimantan Timur;SELLER_028_3;6;1;1;4114800.0;Rp 152.400;Rp 4.114.800
PROD_0028;Sabun Herbal;Kosmetik;153700.0;33;5;4.0;2026-01-05;Jawa Tengah;SELLER_028_3;0;1;0;4818500.0;Rp 153.700;Rp 4.818.500
PROD_0029;Kursi Rotan;Furniture;257300.0;19;0;3.4;2025-10-08;Jawa Timur;SELLER_029_1;2;10;0;4888700.0;Rp 257.300;Rp 4.888.700
PROD_0029;Kursi Rotan;Furniture;265000.0;13;0;3.7;2025-10-09;Jawa Tengah;SELLER_029_2;3;10;0;3445000.0;Rp 265.000;Rp 3.445.000
PROD_0029;Kursi Rotan;Furniture;255200.0;19;10;3.2;2025-10-10;Jawa Timur;SELLER_029_1;4;10;0;4363900.0;Rp 255.200;Rp 4.363.900
PROD_0029;Kursi Rotan;Furniture;275100.0;24;0;3.9;2025-10-11;Sumatera Utara;SELLER_029_3;5;10;1;6602400.0;Rp 275.100;Rp 6.602.400
PROD_0029;Kursi Rotan;Furniture;257700.0;22;0;2.9;2025-10-12;Jawa Barat;SELLER_029_3;6;10;1;5669400.0;Rp 257.700;Rp 5.669.400
PROD_0029;Kursi Rotan;Furniture;261100.0;24;0;3.1;2025-10-13;Sulawesi Selatan;SELLER_029_2;0;10;0;6266400.0;Rp 261.100;Rp 6.266.400
PROD_0029;Kursi Rotan;Furniture;258000.0;14;5;3.4;2025-10-14;Bali;SELLER_029_2;1;10;0;3431400.0;Rp 258.000;Rp 3.431.400
PROD_0029;Kursi Rotan;Furniture;268000.0;16;0;4.3;2025-10-15;Jakarta;SELLER_029_3;2;10;0;4288000.0;Rp 268.000;Rp 4.288.000
PROD_0029;Kursi Rotan;Furniture;267800.0;19;10;3.7;2025-10-16;Jakarta;SELLER_029_2;3;10;0;4579400.0;Rp 267.800;Rp 4.579.400
PROD_0029;Kursi Rotan;Furniture;253600.0;26;10;3.1;2025-10-17;Jakarta;SELLER_029_1;4;10;0;5934200.0;Rp 253.600;Rp 5.934.200
PROD_0029;Kursi Rotan;Furniture;262300.0;16;0;3.0;2025-10-18;Jakarta;SELLER_029_1;5;10;1;4196800.0;Rp 262.300;Rp 4.196.800
PROD_0029;Kursi Rotan;Furniture;264900.0;29;0;4.3;2025-10-19;Jakarta;SELLER_029_1;6;10;1;7682100.0;Rp 264.900;Rp 7.682.100
PROD_0029;Kursi Rotan;Furniture;257000.0;24;0;3.4;2025-10-20;Sulawesi Selatan;SELLER_029_1;0;10;0;6168000.0;Rp 257.000;Rp 6.168.000
PROD_0029;Kursi Rotan;Furniture;256200.0;18;0;4.0;2025-10-21;Kalimantan Timur;SELLER_029_2;1;10;0;4611600.0;Rp 256.200;Rp 4.611.600
PROD_0029;Kursi Rotan;Furniture;253900.0;24;0;3.9;2025-10-22;Sumatera Utara;SELLER_029_3;2;10;0;6093600.0;Rp 253.900;Rp 6.093.600
PROD_0029;Kursi Rotan;Furniture;252800.0;24;0;3.4;2025-10-23;Jawa Barat;SELLER_029_3;3;10;0;6067200.0;Rp 252.800;Rp 6.067.200
PROD_0029;Kursi Rotan;Furniture;254500.0;18;0;3.5;2025-10-24;Jawa Barat;SELLER_029_1;4;10;0;4581000.0;Rp 254.500;Rp 4.581.000
PROD_0029;Kursi Rotan;Furniture;257200.0;19;0;3.0;2025-10-25;Jawa Tengah;SELLER_029_2;5;10;1;4886800.0;Rp 257.200;Rp 4.886.800
PROD_0029;Kursi Rotan;Furniture;265200.0;20;0;3.5;2025-10-26;Jawa Timur;SELLER_029_3;6;10;1;5304000.0;Rp 265.200;Rp 5.304.000
PROD_0029;Kursi Rotan;Furniture;263500.0;15;0;3.9;2025-10-27;Jakarta;SELLER_029_3;0;10;0;3952500.0;Rp 263.500;Rp 3.952.500
PROD_0029;Kursi Rotan;Furniture;275100.0;23;0;3.0;2025-10-28;Jawa Timur;SELLER_029_2;1;10;0;6327300.0;Rp 275.100;Rp 6.327.300
PROD_0029;Kursi Rotan;Furniture;274600.0;23;10;2.6;2025-10-29;Bali;SELLER_029_2;2;10;0;5684200.0;Rp 274.600;Rp 5.684.200
PROD_0029;Kursi Rotan;Furniture;257700.0;15;0;3.9;2025-10-30;Jakarta;SELLER_029_1;3;10;0;3865500.0;Rp 257.700;Rp 3.865.500
PROD_0029;Kursi Rotan;Furniture;267800.0;20;0;4.2;2025-10-31;Bali;SELLER_029_3;4;10;0;5356000.0;Rp 267.800;Rp 5.356.000
PROD_0029;Kursi Rotan;Furniture;271000.0;27;5;3.4;2025-11-01;Jawa Timur;SELLER_029_1;5;11;1;6951200.0;Rp 271.000;Rp 6.951.200
PROD_0029;Kursi Rotan;Furniture;258900.0;16;0;3.6;2025-11-02;Kalimantan Timur;SELLER_029_3;6;11;1;4142400.0;Rp 258.900;Rp 4.142.400
PROD_0029;Kursi Rotan;Furniture;271400.0;22;0;3.9;2025-11-03;Jawa Timur;SELLER_029_1;0;11;0;5970800.0;Rp 271.400;Rp 5.970.800
PROD_0029;Kursi Rotan;Furniture;260900.0;22;0;3.8;2025-11-04;Jakarta;SELLER_029_2;1;11;0;5739800.0;Rp 260.900;Rp 5.739.800
PROD_0029;Kursi Rotan;Furniture;264800.0;15;5;4.0;2025-11-05;Sulawesi Selatan;SELLER_029_2;2;11;0;3773400.0;Rp 264.800;Rp 3.773.400
PROD_0029;Kursi Rotan;Furniture;272700.0;25;0;3.0;2025-11-06;Jakarta;SELLER_029_3;3;11;0;6817500.0;Rp 272.700;Rp 6.817.500
PROD_0029;Kursi Rotan;Furniture;275500.0;19;0;3.9;2025-11-07;Sulawesi Selatan;SELLER_029_3;4;11;0;5234500.0;Rp 275.500;Rp 5.234.500
PROD_0029;Kursi Rotan;Furniture;262700.0;18;0;3.0;2025-11-08;Jawa Tengah;SELLER_029_2;5;11;1;4728600.0;Rp 262.700;Rp 4.728.600
PROD_0029;Kursi Rotan;Furniture;266800.0;24;0;3.8;2025-11-09;Jawa Tengah;SELLER_029_3;6;11;1;6403200.0;Rp 266.800;Rp 6.403.200
PROD_0029;Kursi Rotan;Furniture;258600.0;16;0;3.8;2025-11-10;Jawa Barat;SELLER_029_2;0;11;0;4137600.0;Rp 258.600;Rp 4.137.600
PROD_0029;Kursi Rotan;Furniture;255000.0;18;0;4.1;2025-11-11;Jawa Timur;SELLER_029_2;1;11;0;4590000.0;Rp 255.000;Rp 4.590.000
PROD_0029;Kursi Rotan;Furniture;273400.0;22;0;4.0;2025-11-12;Jawa Tengah;SELLER_029_2;2;11;0;6014800.0;Rp 273.400;Rp 6.014.800
PROD_0029;Kursi Rotan;Furniture;257200.0;19;0;4.0;2025-11-13;Jawa Tengah;SELLER_029_1;3;11;0;4886800.0;Rp 257.200;Rp 4.886.800
PROD_0029;Kursi Rotan;Furniture;251600.0;23;0;3.7;2025-11-14;Jawa Tengah;SELLER_029_2;4;11;0;5786800.0;Rp 251.600;Rp 5.786.800
PROD_0029;Kursi Rotan;Furniture;254200.0;25;20;3.5;2025-11-15;Jawa Tengah;SELLER_029_1;5;11;1;5084000.0;Rp 254.200;Rp 5.084.000
PROD_0029;Kursi Rotan;Furniture;252300.0;23;0;3.2;2025-11-16;Sulawesi Selatan;SELLER_029_3;6;11;1;5802900.0;Rp 252.300;Rp 5.802.900
PROD_0029;Kursi Rotan;Furniture;268300.0;21;0;4.1;2025-11-17;Jawa Tengah;SELLER_029_2;0;11;0;5634300.0;Rp 268.300;Rp 5.634.300
PROD_0029;Kursi Rotan;Furniture;266200.0;21;0;4.0;2025-11-18;Bali;SELLER_029_3;1;11;0;5590200.0;Rp 266.200;Rp 5.590.200
PROD_0029;Kursi Rotan;Furniture;256700.0;16;0;3.8;2025-11-19;Sumatera Utara;SELLER_029_3;2;11;0;4107200.0;Rp 256.700;Rp 4.107.200
PROD_0029;Kursi Rotan;Furniture;266200.0;28;0;2.9;2025-11-20;Jawa Barat;SELLER_029_3;3;11;0;7453600.0;Rp 266.200;Rp 7.453.600
PROD_0029;Kursi Rotan;Furniture;275000.0;22;0;4.1;2025-11-21;Jawa Timur;SELLER_029_3;4;11;0;6050000.0;Rp 275.000;Rp 6.050.000
PROD_0029;Kursi Rotan;Furniture;269500.0;22;0;3.5;2025-11-22;Kalimantan Timur;SELLER_029_1;5;11;1;5929000.0;Rp 269.500;Rp 5.929.000
PROD_0029;Kursi Rotan;Furniture;271800.0;27;15;3.2;2025-11-23;Jawa Barat;SELLER_029_1;6;11;1;6237800.0;Rp 271.800;Rp 6.237.800
PROD_0029;Kursi Rotan;Furniture;274900.0;18;0;3.3;2025-11-24;Jawa Tengah;SELLER_029_2;0;11;0;4948200.0;Rp 274.900;Rp 4.948.200
PROD_0029;Kursi Rotan;Furniture;277200.0;23;0;3.7;2025-11-25;Jawa Tengah;SELLER_029_1;1;11;0;6375600.0;Rp 277.200;Rp 6.375.600
PROD_0029;Kursi Rotan;Furniture;254200.0;21;0;3.4;2025-11-26;Jakarta;SELLER_029_1;2;11;0;5338200.0;Rp 254.200;Rp 5.338.200
PROD_0029;Kursi Rotan;Furniture;273100.0;19;0;3.3;2025-11-27;Bali;SELLER_029_1;3;11;0;5188900.0;Rp 273.100;Rp 5.188.900
PROD_0029;Kursi Rotan;Furniture;277000.0;19;10;3.7;2025-11-28;Sulawesi Selatan;SELLER_029_1;4;11;0;4736700.0;Rp 277.000;Rp 4.736.700
PROD_0029;Kursi Rotan;Furniture;252600.0;22;0;3.9;2025-11-29;Bali;SELLER_029_3;5;11;1;5557200.0;Rp 252.600;Rp 5.557.200
PROD_0029;Kursi Rotan;Furniture;274100.0;22;10;2.7;2025-11-30;Sumatera Utara;SELLER_029_3;6;11;1;5427200.0;Rp 274.100;Rp 5.427.200
PROD_0029;Kursi Rotan;Furniture;297800.0;25;10;3.3;2025-12-01;Jakarta;SELLER_029_3;0;12;0;6700500.0;Rp 297.800;Rp 6.700.500
PROD_0029;Kursi Rotan;Furniture;300800.0;23;10;4.0;2025-12-02;Jawa Timur;SELLER_029_3;1;12;0;6226600.0;Rp 300.800;Rp 6.226.600
PROD_0029;Kursi Rotan;Furniture;315100.0;25;0;3.5;2025-12-03;Jawa Tengah;SELLER_029_3;2;12;0;7877500.0;Rp 315.100;Rp 7.877.500
PROD_0029;Kursi Rotan;Furniture;313600.0;13;10;3.7;2025-12-04;Jakarta;SELLER_029_2;3;12;0;3669100.0;Rp 313.600;Rp 3.669.100
PROD_0029;Kursi Rotan;Furniture;317500.0;20;10;4.1;2025-12-05;Jakarta;SELLER_029_2;4;12;0;5715000.0;Rp 317.500;Rp 5.715.000
PROD_0029;Kursi Rotan;Furniture;300700.0;26;20;2.7;2025-12-06;Jakarta;SELLER_029_3;5;12;1;6254600.0;Rp 300.700;Rp 6.254.600
PROD_0029;Kursi Rotan;Furniture;296200.0;18;0;2.8;2025-12-07;Bali;SELLER_029_2;6;12;1;5331600.0;Rp 296.200;Rp 5.331.600
PROD_0029;Kursi Rotan;Furniture;307100.0;27;0;3.2;2025-12-08;Jawa Timur;SELLER_029_3;0;12;0;8291700.0;Rp 307.100;Rp 8.291.700
PROD_0029;Kursi Rotan;Furniture;292900.0;19;0;4.3;2025-12-09;Bali;SELLER_029_3;1;12;0;5565100.0;Rp 292.900;Rp 5.565.100
PROD_0029;Kursi Rotan;Furniture;299800.0;24;10;2.3;2025-12-10;Jawa Barat;SELLER_029_2;2;12;0;6475700.0;Rp 299.800;Rp 6.475.700
PROD_0029;Kursi Rotan;Furniture;305100.0;13;0;3.4;2025-12-11;Jawa Timur;SELLER_029_1;3;12;0;3966300.0;Rp 305.100;Rp 3.966.300
PROD_0029;Kursi Rotan;Furniture;308000.0;20;0;3.7;2025-12-12;Sulawesi Selatan;SELLER_029_3;4;12;0;6160000.0;Rp 308.000;Rp 6.160.000
PROD_0029;Kursi Rotan;Furniture;311000.0;22;0;3.4;2025-12-13;Sumatera Utara;SELLER_029_2;5;12;1;6842000.0;Rp 311.000;Rp 6.842.000
PROD_0029;Kursi Rotan;Furniture;302600.0;25;0;3.5;2025-12-14;Sulawesi Selatan;SELLER_029_1;6;12;1;7565000.0;Rp 302.600;Rp 7.565.000
PROD_0029;Kursi Rotan;Furniture;293300.0;19;0;3.7;2025-12-15;Jawa Timur;SELLER_029_3;0;12;0;5572700.0;Rp 293.300;Rp 5.572.700
PROD_0029;Kursi Rotan;Furniture;301200.0;18;15;3.6;2025-12-16;Jawa Timur;SELLER_029_2;1;12;0;4608400.0;Rp 301.200;Rp 4.608.400
PROD_0029;Kursi Rotan;Furniture;313900.0;28;0;4.4;2025-12-17;Kalimantan Timur;SELLER_029_1;2;12;0;8789200.0;Rp 313.900;Rp 8.789.200
PROD_0029;Kursi Rotan;Furniture;308200.0;18;0;3.5;2025-12-18;Jakarta;SELLER_029_2;3;12;0;5547600.0;Rp 308.200;Rp 5.547.600
PROD_0029;Kursi Rotan;Furniture;300100.0;21;0;3.4;2025-12-19;Jakarta;SELLER_029_1;4;12;0;6302100.0;Rp 300.100;Rp 6.302.100
PROD_0029;Kursi Rotan;Furniture;314800.0;21;0;4.1;2025-12-20;Jakarta;SELLER_029_2;5;12;1;6610800.0;Rp 314.800;Rp 6.610.800
PROD_0029;Kursi Rotan;Furniture;305800.0;27;0;3.4;2025-12-21;Sumatera Utara;SELLER_029_2;6;12;1;8256600.0;Rp 305.800;Rp 8.256.600
PROD_0029;Kursi Rotan;Furniture;306000.0;36;0;3.6;2025-12-22;Jawa Barat;SELLER_029_2;0;12;0;11016000.0;Rp 306.000;Rp 11.016.000
PROD_0029;Kursi Rotan;Furniture;296100.0;27;0;4.0;2025-12-23;Bali;SELLER_029_1;1;12;0;7994700.0;Rp 296.100;Rp 7.994.700
PROD_0029;Kursi Rotan;Furniture;295000.0;20;0;2.8;2025-12-24;Kalimantan Timur;SELLER_029_3;2;12;0;5900000.0;Rp 295.000;Rp 5.900.000
PROD_0029;Kursi Rotan;Furniture;319500.0;32;0;4.0;2025-12-25;Jawa Barat;SELLER_029_1;3;12;0;10224000.0;Rp 319.500;Rp 10.224.000
PROD_0029;Kursi Rotan;Furniture;291900.0;28;0;2.8;2025-12-26;Kalimantan Timur;SELLER_029_3;4;12;0;8173200.0;Rp 291.900;Rp 8.173.200
PROD_0029;Kursi Rotan;Furniture;319600.0;29;5;3.2;2025-12-27;Jawa Barat;SELLER_029_2;5;12;1;8805000.0;Rp 319.600;Rp 8.805.000
PROD_0029;Kursi Rotan;Furniture;301000.0;20;0;4.4;2025-12-28;Jawa Tengah;SELLER_029_1;6;12;1;6020000.0;Rp 301.000;Rp 6.020.000
PROD_0029;Kursi Rotan;Furniture;318400.0;27;0;3.0;2025-12-29;Jawa Timur;SELLER_029_1;0;12;0;8596800.0;Rp 318.400;Rp 8.596.800
PROD_0029;Kursi Rotan;Furniture;310700.0;29;10;3.3;2025-12-30;Jawa Tengah;SELLER_029_2;1;12;0;8109300.0;Rp 310.700;Rp 8.109.300
PROD_0029;Kursi Rotan;Furniture;292200.0;19;0;3.3;2025-12-31;Jawa Timur;SELLER_029_3;2;12;0;5551800.0;Rp 292.200;Rp 5.551.800
PROD_0029;Kursi Rotan;Furniture;319200.0;19;5;3.4;2026-01-01;Sulawesi Selatan;SELLER_029_2;3;1;0;5761600.0;Rp 319.200;Rp 5.761.600
PROD_0029;Kursi Rotan;Furniture;306500.0;10;0;3.5;2026-01-02;Kalimantan Timur;SELLER_029_3;4;1;0;3065000.0;Rp 306.500;Rp 3.065.000
PROD_0029;Kursi Rotan;Furniture;305500.0;20;0;3.7;2026-01-03;Jawa Timur;SELLER_029_2;5;1;1;6110000.0;Rp 305.500;Rp 6.110.000
PROD_0029;Kursi Rotan;Furniture;290300.0;21;15;2.5;2026-01-04;Sulawesi Selatan;SELLER_029_1;6;1;1;5181900.0;Rp 290.300;Rp 5.181.900
PROD_0029;Kursi Rotan;Furniture;292100.0;27;0;5.0;2026-01-05;Jawa Timur;SELLER_029_2;0;1;0;7886700.0;Rp 292.100;Rp 7.886.700
PROD_0030;Meja Jati;Furniture;230200.0;24;0;2.9;2025-10-08;Jawa Barat;SELLER_030_2;2;10;0;5524800.0;Rp 230.200;Rp 5.524.800
PROD_0030;Meja Jati;Furniture;235600.0;25;0;3.1;2025-10-09;Jawa Timur;SELLER_030_2;3;10;0;5890000.0;Rp 235.600;Rp 5.890.000
PROD_0030;Meja Jati;Furniture;229400.0;25;0;2.8;2025-10-10;Jawa Barat;SELLER_030_3;4;10;0;5735000.0;Rp 229.400;Rp 5.735.000
PROD_0030;Meja Jati;Furniture;222500.0;18;5;3.2;2025-10-11;Sumatera Utara;SELLER_030_1;5;10;1;3804800.0;Rp 222.500;Rp 3.804.800
PROD_0030;Meja Jati;Furniture;222100.0;22;10;3.3;2025-10-12;Sumatera Utara;SELLER_030_2;6;10;1;4397600.0;Rp 222.100;Rp 4.397.600
PROD_0030;Meja Jati;Furniture;226200.0;25;10;4.0;2025-10-13;Kalimantan Timur;SELLER_030_2;0;10;0;5089500.0;Rp 226.200;Rp 5.089.500
PROD_0030;Meja Jati;Furniture;222900.0;17;0;3.3;2025-10-14;Jawa Timur;SELLER_030_1;1;10;0;3789300.0;Rp 222.900;Rp 3.789.300
PROD_0030;Meja Jati;Furniture;224200.0;22;0;3.8;2025-10-15;Sulawesi Selatan;SELLER_030_1;2;10;0;4932400.0;Rp 224.200;Rp 4.932.400
PROD_0030;Meja Jati;Furniture;234000.0;15;0;3.8;2025-10-16;Jawa Timur;SELLER_030_1;3;10;0;3510000.0;Rp 234.000;Rp 3.510.000
PROD_0030;Meja Jati;Furniture;233400.0;23;0;3.4;2025-10-17;Kalimantan Timur;SELLER_030_1;4;10;0;5368200.0;Rp 233.400;Rp 5.368.200
PROD_0030;Meja Jati;Furniture;235300.0;22;0;3.8;2025-10-18;Jawa Tengah;SELLER_030_2;5;10;1;5176600.0;Rp 235.300;Rp 5.176.600
PROD_0030;Meja Jati;Furniture;230200.0;23;0;3.5;2025-10-19;Bali;SELLER_030_3;6;10;1;5294600.0;Rp 230.200;Rp 5.294.600
PROD_0030;Meja Jati;Furniture;236300.0;19;0;4.0;2025-10-20;Sumatera Utara;SELLER_030_3;0;10;0;4489700.0;Rp 236.300;Rp 4.489.700
PROD_0030;Meja Jati;Furniture;234800.0;23;0;3.4;2025-10-21;Sumatera Utara;SELLER_030_2;1;10;0;5400400.0;Rp 234.800;Rp 5.400.400
PROD_0030;Meja Jati;Furniture;219100.0;20;0;3.3;2025-10-22;Jawa Timur;SELLER_030_1;2;10;0;4382000.0;Rp 219.100;Rp 4.382.000
PROD_0030;Meja Jati;Furniture;233300.0;22;0;4.7;2025-10-23;Jakarta;SELLER_030_2;3;10;0;5132600.0;Rp 233.300;Rp 5.132.600
PROD_0030;Meja Jati;Furniture;217000.0;26;0;3.6;2025-10-24;Sulawesi Selatan;SELLER_030_3;4;10;0;5642000.0;Rp 217.000;Rp 5.642.000
PROD_0030;Meja Jati;Furniture;234900.0;17;0;3.7;2025-10-25;Jakarta;SELLER_030_2;5;10;1;3993300.0;Rp 234.900;Rp 3.993.300
PROD_0030;Meja Jati;Furniture;226300.0;15;0;3.1;2025-10-26;Jawa Barat;SELLER_030_2;6;10;1;3394500.0;Rp 226.300;Rp 3.394.500
PROD_0030;Meja Jati;Furniture;235500.0;18;0;3.1;2025-10-27;Jawa Tengah;SELLER_030_1;0;10;0;4239000.0;Rp 235.500;Rp 4.239.000
PROD_0030;Meja Jati;Furniture;216800.0;16;5;2.9;2025-10-28;Jawa Timur;SELLER_030_1;1;10;0;3295400.0;Rp 216.800;Rp 3.295.400
PROD_0030;Meja Jati;Furniture;221700.0;22;0;3.0;2025-10-29;Jawa Tengah;SELLER_030_1;2;10;0;4877400.0;Rp 221.700;Rp 4.877.400
PROD_0030;Meja Jati;Furniture;218200.0;17;15;4.9;2025-10-30;Sulawesi Selatan;SELLER_030_3;3;10;0;3153000.0;Rp 218.200;Rp 3.153.000
PROD_0030;Meja Jati;Furniture;216300.0;21;0;2.7;2025-10-31;Jawa Tengah;SELLER_030_1;4;10;0;4542300.0;Rp 216.300;Rp 4.542.300
PROD_0030;Meja Jati;Furniture;221200.0;23;0;4.2;2025-11-01;Kalimantan Timur;SELLER_030_1;5;11;1;5087600.0;Rp 221.200;Rp 5.087.600
PROD_0030;Meja Jati;Furniture;234400.0;17;0;2.8;2025-11-02;Sulawesi Selatan;SELLER_030_1;6;11;1;3984800.0;Rp 234.400;Rp 3.984.800
PROD_0030;Meja Jati;Furniture;231700.0;22;15;3.2;2025-11-03;Kalimantan Timur;SELLER_030_3;0;11;0;4332800.0;Rp 231.700;Rp 4.332.800
PROD_0030;Meja Jati;Furniture;223800.0;21;20;3.4;2025-11-04;Jawa Barat;SELLER_030_2;1;11;0;3759800.0;Rp 223.800;Rp 3.759.800
PROD_0030;Meja Jati;Furniture;230100.0;25;20;4.4;2025-11-05;Jawa Timur;SELLER_030_3;2;11;0;4602000.0;Rp 230.100;Rp 4.602.000
PROD_0030;Meja Jati;Furniture;232900.0;18;0;3.4;2025-11-06;Jawa Timur;SELLER_030_3;3;11;0;4192200.0;Rp 232.900;Rp 4.192.200
PROD_0030;Meja Jati;Furniture;224700.0;18;0;3.5;2025-11-07;Sumatera Utara;SELLER_030_2;4;11;0;4044600.0;Rp 224.700;Rp 4.044.600
PROD_0030;Meja Jati;Furniture;234300.0;25;15;3.4;2025-11-08;Sumatera Utara;SELLER_030_3;5;11;1;4978900.0;Rp 234.300;Rp 4.978.900
PROD_0030;Meja Jati;Furniture;227000.0;26;5;4.2;2025-11-09;Sulawesi Selatan;SELLER_030_1;6;11;1;5606900.0;Rp 227.000;Rp 5.606.900
PROD_0030;Meja Jati;Furniture;216000.0;27;0;3.5;2025-11-10;Kalimantan Timur;SELLER_030_2;0;11;0;5832000.0;Rp 216.000;Rp 5.832.000
PROD_0030;Meja Jati;Furniture;228000.0;18;20;2.9;2025-11-11;Jakarta;SELLER_030_2;1;11;0;3283200.0;Rp 228.000;Rp 3.283.200
PROD_0030;Meja Jati;Furniture;217300.0;22;0;3.8;2025-11-12;Jawa Barat;SELLER_030_1;2;11;0;4780600.0;Rp 217.300;Rp 4.780.600
PROD_0030;Meja Jati;Furniture;226400.0;26;0;4.6;2025-11-13;Kalimantan Timur;SELLER_030_3;3;11;0;5886400.0;Rp 226.400;Rp 5.886.400
PROD_0030;Meja Jati;Furniture;215800.0;19;0;4.5;2025-11-14;Jawa Tengah;SELLER_030_2;4;11;0;4100200.0;Rp 215.800;Rp 4.100.200
PROD_0030;Meja Jati;Furniture;224100.0;16;0;4.3;2025-11-15;Jawa Barat;SELLER_030_3;5;11;1;3585600.0;Rp 224.100;Rp 3.585.600
PROD_0030;Meja Jati;Furniture;216600.0;23;5;4.3;2025-11-16;Jawa Timur;SELLER_030_2;6;11;1;4732700.0;Rp 216.600;Rp 4.732.700
PROD_0030;Meja Jati;Furniture;228600.0;20;0;2.9;2025-11-17;Sumatera Utara;SELLER_030_3;0;11;0;4572000.0;Rp 228.600;Rp 4.572.000
PROD_0030;Meja Jati;Furniture;224200.0;21;0;3.7;2025-11-18;Sumatera Utara;SELLER_030_2;1;11;0;4708200.0;Rp 224.200;Rp 4.708.200
PROD_0030;Meja Jati;Furniture;231600.0;14;0;3.4;2025-11-19;Jawa Tengah;SELLER_030_2;2;11;0;3242400.0;Rp 231.600;Rp 3.242.400
PROD_0030;Meja Jati;Furniture;221100.0;27;0;3.0;2025-11-20;Jawa Timur;SELLER_030_2;3;11;0;5969700.0;Rp 221.100;Rp 5.969.700
PROD_0030;Meja Jati;Furniture;223000.0;14;0;2.8;2025-11-21;Jawa Timur;SELLER_030_2;4;11;0;3122000.0;Rp 223.000;Rp 3.122.000
PROD_0030;Meja Jati;Furniture;237200.0;22;5;4.0;2025-11-22;Jawa Barat;SELLER_030_3;5;11;1;4957500.0;Rp 237.200;Rp 4.957.500
PROD_0030;Meja Jati;Furniture;219700.0;20;0;3.3;2025-11-23;Jawa Tengah;SELLER_030_2;6;11;1;4394000.0;Rp 219.700;Rp 4.394.000
PROD_0030;Meja Jati;Furniture;231000.0;23;0;3.5;2025-11-24;Jawa Tengah;SELLER_030_2;0;11;0;5313000.0;Rp 231.000;Rp 5.313.000
PROD_0030;Meja Jati;Furniture;227100.0;25;15;3.5;2025-11-25;Jawa Timur;SELLER_030_3;1;11;0;4825900.0;Rp 227.100;Rp 4.825.900
PROD_0030;Meja Jati;Furniture;222800.0;18;0;3.6;2025-11-26;Sulawesi Selatan;SELLER_030_1;2;11;0;4010400.0;Rp 222.800;Rp 4.010.400
PROD_0030;Meja Jati;Furniture;224900.0;20;0;3.0;2025-11-27;Jakarta;SELLER_030_2;3;11;0;4498000.0;Rp 224.900;Rp 4.498.000
PROD_0030;Meja Jati;Furniture;225900.0;19;0;3.1;2025-11-28;Jakarta;SELLER_030_3;4;11;0;4292100.0;Rp 225.900;Rp 4.292.100
PROD_0030;Meja Jati;Furniture;232400.0;25;5;3.4;2025-11-29;Kalimantan Timur;SELLER_030_3;5;11;1;5519500.0;Rp 232.400;Rp 5.519.500
PROD_0030;Meja Jati;Furniture;217600.0;28;0;2.8;2025-11-30;Bali;SELLER_030_2;6;11;1;6092800.0;Rp 217.600;Rp 6.092.800
PROD_0030;Meja Jati;Furniture;265300.0;28;0;3.5;2025-12-01;Bali;SELLER_030_3;0;12;0;7428400.0;Rp 265.300;Rp 7.428.400
PROD_0030;Meja Jati;Furniture;272700.0;16;0;3.8;2025-12-02;Sumatera Utara;SELLER_030_2;1;12;0;4363200.0;Rp 272.700;Rp 4.363.200
PROD_0030;Meja Jati;Furniture;261700.0;20;0;2.9;2025-12-03;Sumatera Utara;SELLER_030_1;2;12;0;5234000.0;Rp 261.700;Rp 5.234.000
PROD_0030;Meja Jati;Furniture;272400.0;23;0;3.2;2025-12-04;Jawa Barat;SELLER_030_1;3;12;0;6265200.0;Rp 272.400;Rp 6.265.200
PROD_0030;Meja Jati;Furniture;264500.0;19;0;4.9;2025-12-05;Bali;SELLER_030_2;4;12;0;5025500.0;Rp 264.500;Rp 5.025.500
PROD_0030;Meja Jati;Furniture;268700.0;24;0;3.7;2025-12-06;Sulawesi Selatan;SELLER_030_1;5;12;1;6448800.0;Rp 268.700;Rp 6.448.800
PROD_0030;Meja Jati;Furniture;269400.0;24;0;2.8;2025-12-07;Sumatera Utara;SELLER_030_1;6;12;1;6465600.0;Rp 269.400;Rp 6.465.600
PROD_0030;Meja Jati;Furniture;272700.0;14;0;3.2;2025-12-08;Jawa Tengah;SELLER_030_2;0;12;0;3817800.0;Rp 272.700;Rp 3.817.800
PROD_0030;Meja Jati;Furniture;253900.0;21;0;3.9;2025-12-09;Bali;SELLER_030_3;1;12;0;5331900.0;Rp 253.900;Rp 5.331.900
PROD_0030;Meja Jati;Furniture;270900.0;21;20;3.2;2025-12-10;Sulawesi Selatan;SELLER_030_1;2;12;0;4551100.0;Rp 270.900;Rp 4.551.100
PROD_0030;Meja Jati;Furniture;269400.0;27;0;3.0;2025-12-11;Jawa Timur;SELLER_030_1;3;12;0;7273800.0;Rp 269.400;Rp 7.273.800
PROD_0030;Meja Jati;Furniture;253400.0;17;0;3.5;2025-12-12;Bali;SELLER_030_3;4;12;0;4307800.0;Rp 253.400;Rp 4.307.800
PROD_0030;Meja Jati;Furniture;262000.0;26;0;3.4;2025-12-13;Sulawesi Selatan;SELLER_030_1;5;12;1;6812000.0;Rp 262.000;Rp 6.812.000
PROD_0030;Meja Jati;Furniture;265700.0;21;10;3.2;2025-12-14;Jakarta;SELLER_030_3;6;12;1;5021700.0;Rp 265.700;Rp 5.021.700
PROD_0030;Meja Jati;Furniture;264500.0;21;0;3.4;2025-12-15;Jakarta;SELLER_030_3;0;12;0;5554500.0;Rp 264.500;Rp 5.554.500
PROD_0030;Meja Jati;Furniture;252300.0;17;0;3.7;2025-12-16;Jawa Tengah;SELLER_030_2;1;12;0;4289100.0;Rp 252.300;Rp 4.289.100
PROD_0030;Meja Jati;Furniture;248200.0;18;5;2.8;2025-12-17;Jawa Barat;SELLER_030_3;2;12;0;4244200.0;Rp 248.200;Rp 4.244.200
PROD_0030;Meja Jati;Furniture;269000.0;14;5;3.2;2025-12-18;Jawa Timur;SELLER_030_3;3;12;0;3577700.0;Rp 269.000;Rp 3.577.700
PROD_0030;Meja Jati;Furniture;251400.0;29;0;3.0;2025-12-19;Sulawesi Selatan;SELLER_030_1;4;12;0;7290600.0;Rp 251.400;Rp 7.290.600
PROD_0030;Meja Jati;Furniture;272100.0;21;10;3.5;2025-12-20;Jakarta;SELLER_030_2;5;12;1;5142700.0;Rp 272.100;Rp 5.142.700
PROD_0030;Meja Jati;Furniture;272000.0;27;0;3.9;2025-12-21;Bali;SELLER_030_2;6;12;1;7344000.0;Rp 272.000;Rp 7.344.000
PROD_0030;Meja Jati;Furniture;257100.0;26;0;3.0;2025-12-22;Kalimantan Timur;SELLER_030_2;0;12;0;6684600.0;Rp 257.100;Rp 6.684.600
PROD_0030;Meja Jati;Furniture;273600.0;26;0;4.0;2025-12-23;Jawa Tengah;SELLER_030_2;1;12;0;7113600.0;Rp 273.600;Rp 7.113.600
PROD_0030;Meja Jati;Furniture;262000.0;19;15;3.7;2025-12-24;Jawa Barat;SELLER_030_3;2;12;0;4231300.0;Rp 262.000;Rp 4.231.300
PROD_0030;Meja Jati;Furniture;267400.0;24;0;3.2;2025-12-25;Jawa Tengah;SELLER_030_2;3;12;0;6417600.0;Rp 267.400;Rp 6.417.600
PROD_0030;Meja Jati;Furniture;269700.0;23;0;3.1;2025-12-26;Jawa Barat;SELLER_030_1;4;12;0;6203100.0;Rp 269.700;Rp 6.203.100
PROD_0030;Meja Jati;Furniture;253300.0;39;10;3.0;2025-12-27;Jawa Barat;SELLER_030_1;5;12;1;8890800.0;Rp 253.300;Rp 8.890.800
PROD_0030;Meja Jati;Furniture;255200.0;24;0;4.3;2025-12-28;Bali;SELLER_030_1;6;12;1;6124800.0;Rp 255.200;Rp 6.124.800
PROD_0030;Meja Jati;Furniture;254000.0;21;10;3.4;2025-12-29;Sulawesi Selatan;SELLER_030_1;0;12;0;4800600.0;Rp 254.000;Rp 4.800.600
PROD_0030;Meja Jati;Furniture;265800.0;29;0;4.3;2025-12-30;Jawa Timur;SELLER_030_3;1;12;0;7708200.0;Rp 265.800;Rp 7.708.200
PROD_0030;Meja Jati;Furniture;273400.0;27;0;4.1;2025-12-31;Bali;SELLER_030_3;2;12;0;7381800.0;Rp 273.400;Rp 7.381.800
PROD_0030;Meja Jati;Furniture;267900.0;21;0;4.2;2026-01-01;Sulawesi Selatan;SELLER_030_3;3;1;0;5625900.0;Rp 267.900;Rp 5.625.900
PROD_0030;Meja Jati;Furniture;255700.0;21;0;4.0;2026-01-02;Bali;SELLER_030_1;4;1;0;5369700.0;Rp 255.700;Rp 5.369.700
PROD_0030;Meja Jati;Furniture;255500.0;27;0;3.4;2026-01-03;Sumatera Utara;SELLER_030_2;5;1;1;6898500.0;Rp 255.500;Rp 6.898.500
PROD_0030;Meja Jati;Furniture;261300.0;27;0;3.1;2026-01-04;Kalimantan Timur;SELLER_030_3;6;1;1;7055100.0;Rp 261.300;Rp 7.055.100
PROD_0030;Meja Jati;Furniture;253500.0;20;0;4.5;2026-01-05;Kalimantan Timur;SELLER_030_3;0;1;0;5070000.0;Rp 253.500;Rp 5.070.000
PROD_0031;Rak Bambu;Furniture;178800.0;19;20;3.6;2025-10-08;Jawa Tengah;SELLER_031_3;2;10;0;2717800.0;Rp 178.800;Rp 2.717.800
PROD_0031;Rak Bambu;Furniture;178600.0;19;0;4.0;2025-10-09;Bali;SELLER_031_3;3;10;0;3393400.0;Rp 178.600;Rp 3.393.400
PROD_0031;Rak Bambu;Furniture;187000.0;19;0;4.1;2025-10-10;Sumatera Utara;SELLER_031_2;4;10;0;3553000.0;Rp 187.000;Rp 3.553.000
PROD_0031;Rak Bambu;Furniture;186500.0;26;15;3.4;2025-10-11;Jawa Timur;SELLER_031_1;5;10;1;4121600.0;Rp 186.500;Rp 4.121.600
PROD_0031;Rak Bambu;Furniture;189500.0;20;5;2.8;2025-10-12;Sulawesi Selatan;SELLER_031_3;6;10;1;3600500.0;Rp 189.500;Rp 3.600.500
PROD_0031;Rak Bambu;Furniture;185300.0;24;0;3.2;2025-10-13;Jawa Tengah;SELLER_031_3;0;10;0;4447200.0;Rp 185.300;Rp 4.447.200
PROD_0031;Rak Bambu;Furniture;186700.0;26;0;3.4;2025-10-14;Bali;SELLER_031_2;1;10;0;4854200.0;Rp 186.700;Rp 4.854.200
PROD_0031;Rak Bambu;Furniture;185500.0;15;0;4.1;2025-10-15;Sumatera Utara;SELLER_031_2;2;10;0;2782500.0;Rp 185.500;Rp 2.782.500
PROD_0031;Rak Bambu;Furniture;181800.0;17;0;3.6;2025-10-16;Jawa Timur;SELLER_031_3;3;10;0;3090600.0;Rp 181.800;Rp 3.090.600
PROD_0031;Rak Bambu;Furniture;188900.0;17;0;3.0;2025-10-17;Jakarta;SELLER_031_3;4;10;0;3211300.0;Rp 188.900;Rp 3.211.300
PROD_0031;Rak Bambu;Furniture;189800.0;27;10;3.9;2025-10-18;Jawa Timur;SELLER_031_2;5;10;1;4612100.0;Rp 189.800;Rp 4.612.100
PROD_0031;Rak Bambu;Furniture;189600.0;13;0;3.2;2025-10-19;Sumatera Utara;SELLER_031_2;6;10;1;2464800.0;Rp 189.600;Rp 2.464.800
PROD_0031;Rak Bambu;Furniture;183600.0;20;0;2.9;2025-10-20;Sulawesi Selatan;SELLER_031_1;0;10;0;3672000.0;Rp 183.600;Rp 3.672.000
PROD_0031;Rak Bambu;Furniture;179900.0;22;0;3.3;2025-10-21;Sumatera Utara;SELLER_031_1;1;10;0;3957800.0;Rp 179.900;Rp 3.957.800
PROD_0031;Rak Bambu;Furniture;188300.0;26;10;3.8;2025-10-22;Kalimantan Timur;SELLER_031_2;2;10;0;4406200.0;Rp 188.300;Rp 4.406.200
PROD_0031;Rak Bambu;Furniture;178000.0;16;0;2.4;2025-10-23;Sumatera Utara;SELLER_031_3;3;10;0;2848000.0;Rp 178.000;Rp 2.848.000
PROD_0031;Rak Bambu;Furniture;194200.0;17;10;4.4;2025-10-24;Jawa Barat;SELLER_031_1;4;10;0;2971300.0;Rp 194.200;Rp 2.971.300
PROD_0031;Rak Bambu;Furniture;180000.0;22;0;3.9;2025-10-25;Kalimantan Timur;SELLER_031_3;5;10;1;3960000.0;Rp 180.000;Rp 3.960.000
PROD_0031;Rak Bambu;Furniture;190200.0;25;0;3.5;2025-10-26;Jawa Timur;SELLER_031_2;6;10;1;4755000.0;Rp 190.200;Rp 4.755.000
PROD_0031;Rak Bambu;Furniture;184900.0;30;0;3.9;2025-10-27;Bali;SELLER_031_2;0;10;0;5547000.0;Rp 184.900;Rp 5.547.000
PROD_0031;Rak Bambu;Furniture;179800.0;30;15;3.3;2025-10-28;Jawa Barat;SELLER_031_1;1;10;0;4584900.0;Rp 179.800;Rp 4.584.900
PROD_0031;Rak Bambu;Furniture;178800.0;15;0;3.8;2025-10-29;Jawa Tengah;SELLER_031_2;2;10;0;2682000.0;Rp 178.800;Rp 2.682.000
PROD_0031;Rak Bambu;Furniture;189900.0;24;5;3.9;2025-10-30;Jawa Timur;SELLER_031_3;3;10;0;4329700.0;Rp 189.900;Rp 4.329.700
PROD_0031;Rak Bambu;Furniture;179200.0;20;0;3.0;2025-10-31;Jakarta;SELLER_031_2;4;10;0;3584000.0;Rp 179.200;Rp 3.584.000
PROD_0031;Rak Bambu;Furniture;185800.0;23;20;3.4;2025-11-01;Jawa Timur;SELLER_031_2;5;11;1;3418700.0;Rp 185.800;Rp 3.418.700
PROD_0031;Rak Bambu;Furniture;178100.0;19;0;2.9;2025-11-02;Sumatera Utara;SELLER_031_2;6;11;1;3383900.0;Rp 178.100;Rp 3.383.900
PROD_0031;Rak Bambu;Furniture;184900.0;23;0;3.6;2025-11-03;Bali;SELLER_031_3;0;11;0;4252700.0;Rp 184.900;Rp 4.252.700
PROD_0031;Rak Bambu;Furniture;185300.0;20;0;3.8;2025-11-04;Kalimantan Timur;SELLER_031_1;1;11;0;3706000.0;Rp 185.300;Rp 3.706.000
PROD_0031;Rak Bambu;Furniture;177700.0;24;10;3.5;2025-11-05;Jawa Timur;SELLER_031_2;2;11;0;3838300.0;Rp 177.700;Rp 3.838.300
PROD_0031;Rak Bambu;Furniture;187700.0;19;0;2.3;2025-11-06;Sulawesi Selatan;SELLER_031_2;3;11;0;3566300.0;Rp 187.700;Rp 3.566.300
PROD_0031;Rak Bambu;Furniture;180000.0;18;0;3.5;2025-11-07;Jawa Timur;SELLER_031_3;4;11;0;3240000.0;Rp 180.000;Rp 3.240.000
PROD_0031;Rak Bambu;Furniture;179700.0;27;0;3.8;2025-11-08;Sulawesi Selatan;SELLER_031_3;5;11;1;4851900.0;Rp 179.700;Rp 4.851.900
PROD_0031;Rak Bambu;Furniture;181300.0;22;15;3.5;2025-11-09;Jawa Tengah;SELLER_031_2;6;11;1;3390300.0;Rp 181.300;Rp 3.390.300
PROD_0031;Rak Bambu;Furniture;180300.0;21;0;4.0;2025-11-10;Sulawesi Selatan;SELLER_031_2;0;11;0;3786300.0;Rp 180.300;Rp 3.786.300
PROD_0031;Rak Bambu;Furniture;194200.0;18;0;3.5;2025-11-11;Jawa Barat;SELLER_031_3;1;11;0;3495600.0;Rp 194.200;Rp 3.495.600
PROD_0031;Rak Bambu;Furniture;177000.0;11;0;3.4;2025-11-12;Kalimantan Timur;SELLER_031_2;2;11;0;1947000.0;Rp 177.000;Rp 1.947.000
PROD_0031;Rak Bambu;Furniture;191500.0;21;15;3.8;2025-11-13;Kalimantan Timur;SELLER_031_1;3;11;0;3418300.0;Rp 191.500;Rp 3.418.300
PROD_0031;Rak Bambu;Furniture;184100.0;27;10;4.3;2025-11-14;Kalimantan Timur;SELLER_031_3;4;11;0;4473600.0;Rp 184.100;Rp 4.473.600
PROD_0031;Rak Bambu;Furniture;178400.0;28;0;4.9;2025-11-15;Jakarta;SELLER_031_3;5;11;1;4995200.0;Rp 178.400;Rp 4.995.200
PROD_0031;Rak Bambu;Furniture;187900.0;28;0;3.5;2025-11-16;Sumatera Utara;SELLER_031_3;6;11;1;5261200.0;Rp 187.900;Rp 5.261.200
PROD_0031;Rak Bambu;Furniture;189200.0;22;10;4.5;2025-11-17;Sulawesi Selatan;SELLER_031_1;0;11;0;3746200.0;Rp 189.200;Rp 3.746.200
PROD_0031;Rak Bambu;Furniture;190500.0;17;0;4.4;2025-11-18;Jawa Tengah;SELLER_031_3;1;11;0;3238500.0;Rp 190.500;Rp 3.238.500
PROD_0031;Rak Bambu;Furniture;190600.0;19;0;3.9;2025-11-19;Jawa Tengah;SELLER_031_3;2;11;0;3621400.0;Rp 190.600;Rp 3.621.400
PROD_0031;Rak Bambu;Furniture;179300.0;19;0;4.2;2025-11-20;Sulawesi Selatan;SELLER_031_3;3;11;0;3406700.0;Rp 179.300;Rp 3.406.700
PROD_0031;Rak Bambu;Furniture;194500.0;22;0;4.4;2025-11-21;Jawa Timur;SELLER_031_2;4;11;0;4279000.0;Rp 194.500;Rp 4.279.000
PROD_0031;Rak Bambu;Furniture;189700.0;14;0;2.8;2025-11-22;Jawa Barat;SELLER_031_3;5;11;1;2655800.0;Rp 189.700;Rp 2.655.800
PROD_0031;Rak Bambu;Furniture;183300.0;11;0;3.2;2025-11-23;Sumatera Utara;SELLER_031_2;6;11;1;2016300.0;Rp 183.300;Rp 2.016.300
PROD_0031;Rak Bambu;Furniture;179900.0;23;0;3.7;2025-11-24;Jawa Tengah;SELLER_031_1;0;11;0;4137700.0;Rp 179.900;Rp 4.137.700
PROD_0031;Rak Bambu;Furniture;194000.0;24;0;2.1;2025-11-25;Jawa Timur;SELLER_031_1;1;11;0;4656000.0;Rp 194.000;Rp 4.656.000
PROD_0031;Rak Bambu;Furniture;179200.0;15;15;3.3;2025-11-26;Bali;SELLER_031_1;2;11;0;2284800.0;Rp 179.200;Rp 2.284.800
PROD_0031;Rak Bambu;Furniture;191700.0;13;0;2.9;2025-11-27;Bali;SELLER_031_1;3;11;0;2492100.0;Rp 191.700;Rp 2.492.100
PROD_0031;Rak Bambu;Furniture;183600.0;17;0;3.5;2025-11-28;Jawa Timur;SELLER_031_3;4;11;0;3121200.0;Rp 183.600;Rp 3.121.200
PROD_0031;Rak Bambu;Furniture;180800.0;14;15;3.5;2025-11-29;Sulawesi Selatan;SELLER_031_3;5;11;1;2151500.0;Rp 180.800;Rp 2.151.500
PROD_0031;Rak Bambu;Furniture;178700.0;26;0;3.7;2025-11-30;Sulawesi Selatan;SELLER_031_3;6;11;1;4646200.0;Rp 178.700;Rp 4.646.200
PROD_0031;Rak Bambu;Furniture;212900.0;32;0;3.2;2025-12-01;Jawa Timur;SELLER_031_2;0;12;0;6812800.0;Rp 212.900;Rp 6.812.800
PROD_0031;Rak Bambu;Furniture;203800.0;41;5;3.0;2025-12-02;Bali;SELLER_031_1;1;12;0;7938000.0;Rp 203.800;Rp 7.938.000
PROD_0031;Rak Bambu;Furniture;208300.0;28;0;3.5;2025-12-03;Sumatera Utara;SELLER_031_2;2;12;0;5832400.0;Rp 208.300;Rp 5.832.400
PROD_0031;Rak Bambu;Furniture;221700.0;25;15;3.0;2025-12-04;Sulawesi Selatan;SELLER_031_2;3;12;0;4711100.0;Rp 221.700;Rp 4.711.100
PROD_0031;Rak Bambu;Furniture;220200.0;27;10;3.5;2025-12-05;Sulawesi Selatan;SELLER_031_3;4;12;0;5350900.0;Rp 220.200;Rp 5.350.900
PROD_0031;Rak Bambu;Furniture;215800.0;21;10;3.2;2025-12-06;Sumatera Utara;SELLER_031_1;5;12;1;4078600.0;Rp 215.800;Rp 4.078.600
PROD_0031;Rak Bambu;Furniture;213100.0;20;0;2.7;2025-12-07;Kalimantan Timur;SELLER_031_3;6;12;1;4262000.0;Rp 213.100;Rp 4.262.000
PROD_0031;Rak Bambu;Furniture;205100.0;26;0;3.6;2025-12-08;Jawa Timur;SELLER_031_1;0;12;0;5332600.0;Rp 205.100;Rp 5.332.600
PROD_0031;Rak Bambu;Furniture;213600.0;20;5;3.9;2025-12-09;Jawa Barat;SELLER_031_1;1;12;0;4058400.0;Rp 213.600;Rp 4.058.400
PROD_0031;Rak Bambu;Furniture;219200.0;21;0;3.7;2025-12-10;Sulawesi Selatan;SELLER_031_3;2;12;0;4603200.0;Rp 219.200;Rp 4.603.200
PROD_0031;Rak Bambu;Furniture;215800.0;21;5;3.6;2025-12-11;Jakarta;SELLER_031_1;3;12;0;4305200.0;Rp 215.800;Rp 4.305.200
PROD_0031;Rak Bambu;Furniture;222000.0;21;0;3.1;2025-12-12;Jawa Tengah;SELLER_031_2;4;12;0;4662000.0;Rp 222.000;Rp 4.662.000
PROD_0031;Rak Bambu;Furniture;202900.0;27;15;2.5;2025-12-13;Kalimantan Timur;SELLER_031_2;5;12;1;4656600.0;Rp 202.900;Rp 4.656.600
PROD_0031;Rak Bambu;Furniture;218200.0;22;0;3.9;2025-12-14;Jawa Barat;SELLER_031_1;6;12;1;4800400.0;Rp 218.200;Rp 4.800.400
PROD_0031;Rak Bambu;Furniture;220000.0;25;0;2.0;2025-12-15;Kalimantan Timur;SELLER_031_1;0;12;0;5500000.0;Rp 220.000;Rp 5.500.000
PROD_0031;Rak Bambu;Furniture;205900.0;28;0;3.9;2025-12-16;Jawa Tengah;SELLER_031_3;1;12;0;5765200.0;Rp 205.900;Rp 5.765.200
PROD_0031;Rak Bambu;Furniture;207900.0;27;0;3.1;2025-12-17;Jakarta;SELLER_031_2;2;12;0;5613300.0;Rp 207.900;Rp 5.613.300
PROD_0031;Rak Bambu;Furniture;218000.0;14;0;3.5;2025-12-18;Jawa Barat;SELLER_031_2;3;12;0;3052000.0;Rp 218.000;Rp 3.052.000
PROD_0031;Rak Bambu;Furniture;217000.0;25;5;3.7;2025-12-19;Jawa Tengah;SELLER_031_2;4;12;0;5153800.0;Rp 217.000;Rp 5.153.800
PROD_0031;Rak Bambu;Furniture;204900.0;29;0;3.6;2025-12-20;Sulawesi Selatan;SELLER_031_3;5;12;1;5942100.0;Rp 204.900;Rp 5.942.100
PROD_0031;Rak Bambu;Furniture;213400.0;27;0;2.9;2025-12-21;Jawa Timur;SELLER_031_1;6;12;1;5761800.0;Rp 213.400;Rp 5.761.800
PROD_0031;Rak Bambu;Furniture;218500.0;29;0;3.2;2025-12-22;Bali;SELLER_031_2;0;12;0;6336500.0;Rp 218.500;Rp 6.336.500
PROD_0031;Rak Bambu;Furniture;221400.0;20;0;3.6;2025-12-23;Sumatera Utara;SELLER_031_3;1;12;0;4428000.0;Rp 221.400;Rp 4.428.000
PROD_0031;Rak Bambu;Furniture;222600.0;24;15;2.5;2025-12-24;Jawa Barat;SELLER_031_2;2;12;0;4541000.0;Rp 222.600;Rp 4.541.000
PROD_0031;Rak Bambu;Furniture;206300.0;23;0;3.8;2025-12-25;Kalimantan Timur;SELLER_031_1;3;12;0;4744900.0;Rp 206.300;Rp 4.744.900
PROD_0031;Rak Bambu;Furniture;215400.0;20;0;3.9;2025-12-26;Jawa Barat;SELLER_031_2;4;12;0;4308000.0;Rp 215.400;Rp 4.308.000
PROD_0031;Rak Bambu;Furniture;223100.0;24;0;4.5;2025-12-27;Jawa Timur;SELLER_031_3;5;12;1;5354400.0;Rp 223.100;Rp 5.354.400
PROD_0031;Rak Bambu;Furniture;221400.0;36;0;3.6;2025-12-28;Kalimantan Timur;SELLER_031_1;6;12;1;7970400.0;Rp 221.400;Rp 7.970.400
PROD_0031;Rak Bambu;Furniture;221900.0;27;0;4.2;2025-12-29;Jawa Tengah;SELLER_031_1;0;12;0;5991300.0;Rp 221.900;Rp 5.991.300
PROD_0031;Rak Bambu;Furniture;204600.0;20;0;3.4;2025-12-30;Jawa Tengah;SELLER_031_1;1;12;0;4092000.0;Rp 204.600;Rp 4.092.000
PROD_0031;Rak Bambu;Furniture;221400.0;25;0;4.5;2025-12-31;Sumatera Utara;SELLER_031_2;2;12;0;5535000.0;Rp 221.400;Rp 5.535.000
PROD_0031;Rak Bambu;Furniture;223200.0;24;0;3.0;2026-01-01;Jawa Barat;SELLER_031_1;3;1;0;5356800.0;Rp 223.200;Rp 5.356.800
PROD_0031;Rak Bambu;Furniture;207500.0;27;20;3.2;2026-01-02;Jawa Barat;SELLER_031_1;4;1;0;4482000.0;Rp 207.500;Rp 4.482.000
PROD_0031;Rak Bambu;Furniture;206400.0;27;10;3.9;2026-01-03;Sumatera Utara;SELLER_031_3;5;1;1;5015500.0;Rp 206.400;Rp 5.015.500
PROD_0031;Rak Bambu;Furniture;210200.0;21;10;4.1;2026-01-04;Kalimantan Timur;SELLER_031_2;6;1;1;3972800.0;Rp 210.200;Rp 3.972.800
PROD_0031;Rak Bambu;Furniture;204600.0;21;5;4.2;2026-01-05;Bali;SELLER_031_2;0;1;0;4081800.0;Rp 204.600;Rp 4.081.800
PROD_0032;Lemari Minimalis;Furniture;241400.0;20;15;3.4;2025-10-08;Bali;SELLER_032_2;2;10;0;4103800.0;Rp 241.400;Rp 4.103.800
PROD_0032;Lemari Minimalis;Furniture;245100.0;24;0;2.5;2025-10-09;Jakarta;SELLER_032_3;3;10;0;5882400.0;Rp 245.100;Rp 5.882.400
PROD_0032;Lemari Minimalis;Furniture;248700.0;21;0;2.7;2025-10-10;Kalimantan Timur;SELLER_032_3;4;10;0;5222700.0;Rp 248.700;Rp 5.222.700
PROD_0032;Lemari Minimalis;Furniture;241500.0;13;0;2.8;2025-10-11;Jawa Timur;SELLER_032_2;5;10;1;3139500.0;Rp 241.500;Rp 3.139.500
PROD_0032;Lemari Minimalis;Furniture;236100.0;16;0;3.3;2025-10-12;Jawa Barat;SELLER_032_1;6;10;1;3777600.0;Rp 236.100;Rp 3.777.600
PROD_0032;Lemari Minimalis;Furniture;240600.0;19;0;4.1;2025-10-13;Jawa Timur;SELLER_032_2;0;10;0;4571400.0;Rp 240.600;Rp 4.571.400
PROD_0032;Lemari Minimalis;Furniture;240800.0;22;0;3.8;2025-10-14;Sumatera Utara;SELLER_032_3;1;10;0;5297600.0;Rp 240.800;Rp 5.297.600
PROD_0032;Lemari Minimalis;Furniture;246300.0;20;0;3.0;2025-10-15;Jawa Barat;SELLER_032_1;2;10;0;4926000.0;Rp 246.300;Rp 4.926.000
PROD_0032;Lemari Minimalis;Furniture;240300.0;18;5;4.4;2025-10-16;Jawa Timur;SELLER_032_3;3;10;0;4109100.0;Rp 240.300;Rp 4.109.100
PROD_0032;Lemari Minimalis;Furniture;238200.0;17;20;3.7;2025-10-17;Sumatera Utara;SELLER_032_3;4;10;0;3239500.0;Rp 238.200;Rp 3.239.500
PROD_0032;Lemari Minimalis;Furniture;245500.0;18;0;4.0;2025-10-18;Jawa Timur;SELLER_032_1;5;10;1;4419000.0;Rp 245.500;Rp 4.419.000
PROD_0032;Lemari Minimalis;Furniture;250600.0;28;0;4.2;2025-10-19;Sulawesi Selatan;SELLER_032_1;6;10;1;7016800.0;Rp 250.600;Rp 7.016.800
PROD_0032;Lemari Minimalis;Furniture;255300.0;21;0;3.5;2025-10-20;Kalimantan Timur;SELLER_032_1;0;10;0;5361300.0;Rp 255.300;Rp 5.361.300
PROD_0032;Lemari Minimalis;Furniture;239600.0;25;15;2.7;2025-10-21;Bali;SELLER_032_2;1;10;0;5091500.0;Rp 239.600;Rp 5.091.500
PROD_0032;Lemari Minimalis;Furniture;238900.0;18;0;3.9;2025-10-22;Jawa Barat;SELLER_032_3;2;10;0;4300200.0;Rp 238.900;Rp 4.300.200
PROD_0032;Lemari Minimalis;Furniture;254000.0;17;0;2.7;2025-10-23;Bali;SELLER_032_1;3;10;0;4318000.0;Rp 254.000;Rp 4.318.000
PROD_0032;Lemari Minimalis;Furniture;239700.0;16;0;3.3;2025-10-24;Kalimantan Timur;SELLER_032_2;4;10;0;3835200.0;Rp 239.700;Rp 3.835.200
PROD_0032;Lemari Minimalis;Furniture;253200.0;31;10;3.5;2025-10-25;Jawa Tengah;SELLER_032_1;5;10;1;7064300.0;Rp 253.200;Rp 7.064.300
PROD_0032;Lemari Minimalis;Furniture;245900.0;22;0;4.1;2025-10-26;Jawa Barat;SELLER_032_2;6;10;1;5409800.0;Rp 245.900;Rp 5.409.800
PROD_0032;Lemari Minimalis;Furniture;244600.0;16;0;3.9;2025-10-27;Sulawesi Selatan;SELLER_032_3;0;10;0;3913600.0;Rp 244.600;Rp 3.913.600
PROD_0032;Lemari Minimalis;Furniture;247600.0;28;15;2.7;2025-10-28;Sumatera Utara;SELLER_032_1;1;10;0;5892900.0;Rp 247.600;Rp 5.892.900
PROD_0032;Lemari Minimalis;Furniture;245500.0;24;15;3.0;2025-10-29;Jawa Barat;SELLER_032_2;2;10;0;5008200.0;Rp 245.500;Rp 5.008.200
PROD_0032;Lemari Minimalis;Furniture;233500.0;17;5;3.6;2025-10-30;Jawa Tengah;SELLER_032_3;3;10;0;3771000.0;Rp 233.500;Rp 3.771.000
PROD_0032;Lemari Minimalis;Furniture;247900.0;18;15;2.6;2025-10-31;Kalimantan Timur;SELLER_032_2;4;10;0;3792900.0;Rp 247.900;Rp 3.792.900
PROD_0032;Lemari Minimalis;Furniture;243600.0;17;0;3.7;2025-11-01;Sulawesi Selatan;SELLER_032_2;5;11;1;4141200.0;Rp 243.600;Rp 4.141.200
PROD_0032;Lemari Minimalis;Furniture;235100.0;29;0;3.0;2025-11-02;Sulawesi Selatan;SELLER_032_1;6;11;1;6817900.0;Rp 235.100;Rp 6.817.900
PROD_0032;Lemari Minimalis;Furniture;241200.0;21;0;2.8;2025-11-03;Sulawesi Selatan;SELLER_032_3;0;11;0;5065200.0;Rp 241.200;Rp 5.065.200
PROD_0032;Lemari Minimalis;Furniture;232600.0;12;0;3.0;2025-11-04;Kalimantan Timur;SELLER_032_2;1;11;0;2791200.0;Rp 232.600;Rp 2.791.200
PROD_0032;Lemari Minimalis;Furniture;249900.0;13;0;3.1;2025-11-05;Jawa Timur;SELLER_032_1;2;11;0;3248700.0;Rp 249.900;Rp 3.248.700
PROD_0032;Lemari Minimalis;Furniture;234600.0;26;0;4.3;2025-11-06;Jawa Timur;SELLER_032_3;3;11;0;6099600.0;Rp 234.600;Rp 6.099.600
PROD_0032;Lemari Minimalis;Furniture;249500.0;18;0;3.1;2025-11-07;Jawa Barat;SELLER_032_2;4;11;0;4491000.0;Rp 249.500;Rp 4.491.000
PROD_0032;Lemari Minimalis;Furniture;235000.0;25;0;2.6;2025-11-08;Bali;SELLER_032_3;5;11;1;5875000.0;Rp 235.000;Rp 5.875.000
PROD_0032;Lemari Minimalis;Furniture;234300.0;24;0;3.2;2025-11-09;Sumatera Utara;SELLER_032_1;6;11;1;5623200.0;Rp 234.300;Rp 5.623.200
PROD_0032;Lemari Minimalis;Furniture;234900.0;19;0;2.6;2025-11-10;Jawa Timur;SELLER_032_1;0;11;0;4463100.0;Rp 234.900;Rp 4.463.100
PROD_0032;Lemari Minimalis;Furniture;256800.0;18;0;3.4;2025-11-11;Jakarta;SELLER_032_1;1;11;0;4622400.0;Rp 256.800;Rp 4.622.400
PROD_0032;Lemari Minimalis;Furniture;245900.0;25;10;4.1;2025-11-12;Jawa Barat;SELLER_032_3;2;11;0;5532800.0;Rp 245.900;Rp 5.532.800
PROD_0032;Lemari Minimalis;Furniture;242400.0;21;0;3.5;2025-11-13;Kalimantan Timur;SELLER_032_2;3;11;0;5090400.0;Rp 242.400;Rp 5.090.400
PROD_0032;Lemari Minimalis;Furniture;247200.0;19;10;3.0;2025-11-14;Sumatera Utara;SELLER_032_2;4;11;0;4227100.0;Rp 247.200;Rp 4.227.100
PROD_0032;Lemari Minimalis;Furniture;238200.0;25;0;3.5;2025-11-15;Jawa Timur;SELLER_032_3;5;11;1;5955000.0;Rp 238.200;Rp 5.955.000
PROD_0032;Lemari Minimalis;Furniture;252200.0;19;0;3.1;2025-11-16;Kalimantan Timur;SELLER_032_3;6;11;1;4791800.0;Rp 252.200;Rp 4.791.800
PROD_0032;Lemari Minimalis;Furniture;250700.0;22;5;4.4;2025-11-17;Jawa Barat;SELLER_032_1;0;11;0;5239600.0;Rp 250.700;Rp 5.239.600
PROD_0032;Lemari Minimalis;Furniture;242700.0;20;0;3.1;2025-11-18;Bali;SELLER_032_3;1;11;0;4854000.0;Rp 242.700;Rp 4.854.000
PROD_0032;Lemari Minimalis;Furniture;246900.0;22;0;2.9;2025-11-19;Bali;SELLER_032_3;2;11;0;5431800.0;Rp 246.900;Rp 5.431.800
PROD_0032;Lemari Minimalis;Furniture;254800.0;13;0;4.1;2025-11-20;Jakarta;SELLER_032_2;3;11;0;3312400.0;Rp 254.800;Rp 3.312.400
PROD_0032;Lemari Minimalis;Furniture;234400.0;15;0;2.9;2025-11-21;Jawa Tengah;SELLER_032_1;4;11;0;3516000.0;Rp 234.400;Rp 3.516.000
PROD_0032;Lemari Minimalis;Furniture;243700.0;19;0;3.5;2025-11-22;Jakarta;SELLER_032_2;5;11;1;4630300.0;Rp 243.700;Rp 4.630.300
PROD_0032;Lemari Minimalis;Furniture;235600.0;17;20;3.1;2025-11-23;Jawa Tengah;SELLER_032_1;6;11;1;3204200.0;Rp 235.600;Rp 3.204.200
PROD_0032;Lemari Minimalis;Furniture;251100.0;17;0;4.2;2025-11-24;Sulawesi Selatan;SELLER_032_2;0;11;0;4268700.0;Rp 251.100;Rp 4.268.700
PROD_0032;Lemari Minimalis;Furniture;248000.0;19;0;3.9;2025-11-25;Kalimantan Timur;SELLER_032_1;1;11;0;4712000.0;Rp 248.000;Rp 4.712.000
PROD_0032;Lemari Minimalis;Furniture;252800.0;18;15;3.0;2025-11-26;Jawa Tengah;SELLER_032_2;2;11;0;3867800.0;Rp 252.800;Rp 3.867.800
PROD_0032;Lemari Minimalis;Furniture;232900.0;21;0;3.1;2025-11-27;Kalimantan Timur;SELLER_032_3;3;11;0;4890900.0;Rp 232.900;Rp 4.890.900
PROD_0032;Lemari Minimalis;Furniture;239100.0;23;0;4.1;2025-11-28;Sumatera Utara;SELLER_032_1;4;11;0;5499300.0;Rp 239.100;Rp 5.499.300
PROD_0032;Lemari Minimalis;Furniture;234900.0;15;0;2.8;2025-11-29;Bali;SELLER_032_2;5;11;1;3523500.0;Rp 234.900;Rp 3.523.500
PROD_0032;Lemari Minimalis;Furniture;242800.0;22;0;3.7;2025-11-30;Jakarta;SELLER_032_1;6;11;1;5341600.0;Rp 242.800;Rp 5.341.600
PROD_0032;Lemari Minimalis;Furniture;285200.0;28;0;3.2;2025-12-01;Jakarta;SELLER_032_3;0;12;0;7985600.0;Rp 285.200;Rp 7.985.600
PROD_0032;Lemari Minimalis;Furniture;272700.0;31;0;3.6;2025-12-02;Jakarta;SELLER_032_2;1;12;0;8453700.0;Rp 272.700;Rp 8.453.700
PROD_0032;Lemari Minimalis;Furniture;279900.0;21;0;3.7;2025-12-03;Jakarta;SELLER_032_3;2;12;0;5877900.0;Rp 279.900;Rp 5.877.900
PROD_0032;Lemari Minimalis;Furniture;276600.0;24;0;3.0;2025-12-04;Kalimantan Timur;SELLER_032_3;3;12;0;6638400.0;Rp 276.600;Rp 6.638.400
PROD_0032;Lemari Minimalis;Furniture;290300.0;17;0;3.5;2025-12-05;Jawa Tengah;SELLER_032_3;4;12;0;4935100.0;Rp 290.300;Rp 4.935.100
PROD_0032;Lemari Minimalis;Furniture;269600.0;18;15;2.7;2025-12-06;Jakarta;SELLER_032_2;5;12;1;4124900.0;Rp 269.600;Rp 4.124.900
PROD_0032;Lemari Minimalis;Furniture;276900.0;31;0;3.3;2025-12-07;Bali;SELLER_032_1;6;12;1;8583900.0;Rp 276.900;Rp 8.583.900
PROD_0032;Lemari Minimalis;Furniture;270400.0;24;20;3.0;2025-12-08;Sulawesi Selatan;SELLER_032_3;0;12;0;5191700.0;Rp 270.400;Rp 5.191.700
PROD_0032;Lemari Minimalis;Furniture;294300.0;26;5;4.1;2025-12-09;Jawa Barat;SELLER_032_2;1;12;0;7269200.0;Rp 294.300;Rp 7.269.200
PROD_0032;Lemari Minimalis;Furniture;268100.0;19;15;4.0;2025-12-10;Kalimantan Timur;SELLER_032_1;2;12;0;4329800.0;Rp 268.100;Rp 4.329.800
PROD_0032;Lemari Minimalis;Furniture;276000.0;25;0;4.7;2025-12-11;Jawa Timur;SELLER_032_2;3;12;0;6900000.0;Rp 276.000;Rp 6.900.000
PROD_0032;Lemari Minimalis;Furniture;271900.0;23;0;4.1;2025-12-12;Jawa Tengah;SELLER_032_3;4;12;0;6253700.0;Rp 271.900;Rp 6.253.700
PROD_0032;Lemari Minimalis;Furniture;272600.0;20;0;2.6;2025-12-13;Sulawesi Selatan;SELLER_032_1;5;12;1;5452000.0;Rp 272.600;Rp 5.452.000
PROD_0032;Lemari Minimalis;Furniture;290500.0;20;10;3.2;2025-12-14;Jawa Tengah;SELLER_032_1;6;12;1;5229000.0;Rp 290.500;Rp 5.229.000
PROD_0032;Lemari Minimalis;Furniture;292700.0;23;0;3.6;2025-12-15;Sumatera Utara;SELLER_032_1;0;12;0;6732100.0;Rp 292.700;Rp 6.732.100
PROD_0032;Lemari Minimalis;Furniture;284900.0;16;0;3.5;2025-12-16;Sumatera Utara;SELLER_032_3;1;12;0;4558400.0;Rp 284.900;Rp 4.558.400
PROD_0032;Lemari Minimalis;Furniture;294400.0;24;0;3.8;2025-12-17;Jawa Timur;SELLER_032_3;2;12;0;7065600.0;Rp 294.400;Rp 7.065.600
PROD_0032;Lemari Minimalis;Furniture;282000.0;24;0;4.3;2025-12-18;Jawa Tengah;SELLER_032_3;3;12;0;6768000.0;Rp 282.000;Rp 6.768.000
PROD_0032;Lemari Minimalis;Furniture;292400.0;27;10;2.8;2025-12-19;Jawa Timur;SELLER_032_3;4;12;0;7105300.0;Rp 292.400;Rp 7.105.300
PROD_0032;Lemari Minimalis;Furniture;278400.0;22;0;3.3;2025-12-20;Bali;SELLER_032_2;5;12;1;6124800.0;Rp 278.400;Rp 6.124.800
PROD_0032;Lemari Minimalis;Furniture;291100.0;13;10;3.1;2025-12-21;Jakarta;SELLER_032_1;6;12;1;3405900.0;Rp 291.100;Rp 3.405.900
PROD_0032;Lemari Minimalis;Furniture;272100.0;28;0;2.3;2025-12-22;Sulawesi Selatan;SELLER_032_1;0;12;0;7618800.0;Rp 272.100;Rp 7.618.800
PROD_0032;Lemari Minimalis;Furniture;281900.0;16;0;2.7;2025-12-23;Jawa Timur;SELLER_032_2;1;12;0;4510400.0;Rp 281.900;Rp 4.510.400
PROD_0032;Lemari Minimalis;Furniture;284000.0;24;15;3.3;2025-12-24;Kalimantan Timur;SELLER_032_3;2;12;0;5793600.0;Rp 284.000;Rp 5.793.600
PROD_0032;Lemari Minimalis;Furniture;288800.0;17;0;4.0;2025-12-25;Jawa Barat;SELLER_032_1;3;12;0;4909600.0;Rp 288.800;Rp 4.909.600
PROD_0032;Lemari Minimalis;Furniture;284900.0;27;0;3.5;2025-12-26;Jawa Tengah;SELLER_032_2;4;12;0;7692300.0;Rp 284.900;Rp 7.692.300
PROD_0032;Lemari Minimalis;Furniture;286600.0;37;10;3.6;2025-12-27;Jawa Tengah;SELLER_032_1;5;12;1;9543800.0;Rp 286.600;Rp 9.543.800
PROD_0032;Lemari Minimalis;Furniture;279100.0;27;10;4.6;2025-12-28;Kalimantan Timur;SELLER_032_1;6;12;1;6782100.0;Rp 279.100;Rp 6.782.100
PROD_0032;Lemari Minimalis;Furniture;288600.0;23;0;3.1;2025-12-29;Jawa Barat;SELLER_032_3;0;12;0;6637800.0;Rp 288.600;Rp 6.637.800
PROD_0032;Lemari Minimalis;Furniture;287500.0;24;20;3.0;2025-12-30;Jawa Timur;SELLER_032_1;1;12;0;5520000.0;Rp 287.500;Rp 5.520.000
PROD_0032;Lemari Minimalis;Furniture;270800.0;24;0;3.9;2025-12-31;Sulawesi Selatan;SELLER_032_2;2;12;0;6499200.0;Rp 270.800;Rp 6.499.200
PROD_0032;Lemari Minimalis;Furniture;293500.0;16;0;3.2;2026-01-01;Kalimantan Timur;SELLER_032_2;3;1;0;4696000.0;Rp 293.500;Rp 4.696.000
PROD_0032;Lemari Minimalis;Furniture;274700.0;28;0;3.1;2026-01-02;Jakarta;SELLER_032_1;4;1;0;7691600.0;Rp 274.700;Rp 7.691.600
PROD_0032;Lemari Minimalis;Furniture;271400.0;17;15;3.9;2026-01-03;Jawa Barat;SELLER_032_1;5;1;1;3921700.0;Rp 271.400;Rp 3.921.700
PROD_0032;Lemari Minimalis;Furniture;284200.0;24;0;3.3;2026-01-04;Jawa Barat;SELLER_032_3;6;1;1;6820800.0;Rp 284.200;Rp 6.820.800
PROD_0032;Lemari Minimalis;Furniture;271600.0;21;10;3.7;2026-01-05;Sumatera Utara;SELLER_032_1;0;1;0;5133200.0;Rp 271.600;Rp 5.133.200
